asset_id,lbw,split,fragment_start_timestamp,fragment_end_timestamp,fragment_start_timeline_index,fragment_end_timeline_index,fragment_length,reason_code,dropped_sequence_count
COCOA.c,126,train,2025-12-11T00:00:00,2025-12-11T00:00:00,728,728,1,MISSING_NEXT_RETURN,0
COCOA.c,126,train,2025-10-20T00:00:00,2025-12-10T00:00:00,691,727,37,TERMINAL_FRAGMENT_LT_63,0
COCOA.c,126,validation,2026-02-20T00:00:00,2026-02-20T00:00:00,775,775,1,MISSING_NEXT_RETURN,0
COCOA.c,126,validation,2025-12-12T00:00:00,2026-02-19T00:00:00,729,774,46,TERMINAL_FRAGMENT_LT_63,0
COCOA.c,126,validation,2025-12-12T00:00:00,2026-02-20T00:00:00,729,775,47,NO_FULL_VALIDATION_SEQUENCE,6
COFFEE.c,126,train,2025-12-11T00:00:00,2025-12-11T00:00:00,728,728,1,MISSING_NEXT_RETURN,0
COFFEE.c,126,train,2025-10-20T00:00:00,2025-12-10T00:00:00,691,727,37,TERMINAL_FRAGMENT_LT_63,0
COFFEE.c,126,validation,2026-02-20T00:00:00,2026-02-20T00:00:00,775,775,1,MISSING_NEXT_RETURN,0
COFFEE.c,126,validation,2025-12-12T00:00:00,2026-02-19T00:00:00,729,774,46,TERMINAL_FRAGMENT_LT_63,0
COFFEE.c,126,validation,2025-12-12T00:00:00,2026-02-20T00:00:00,729,775,47,NO_FULL_VALIDATION_SEQUENCE,6
CORN.c,126,train,2025-12-19T00:00:00,2025-12-19T00:00:00,685,685,1,MISSING_NEXT_RETURN,0
CORN.c,126,train,2025-09-30T00:00:00,2025-12-18T00:00:00,628,684,57,TERMINAL_FRAGMENT_LT_63,0
CORN.c,126,validation,2026-02-23T00:00:00,2026-02-23T00:00:00,727,727,1,MISSING_NEXT_RETURN,0
CORN.c,126,validation,2025-12-22T00:00:00,2026-02-20T00:00:00,686,726,41,TERMINAL_FRAGMENT_LT_63,0
CORN.c,126,validation,2025-12-22T00:00:00,2026-02-23T00:00:00,686,727,42,NO_FULL_VALIDATION_SEQUENCE,5
SOYBEAN.c,126,train,2026-01-05T00:00:00,2026-01-05T00:00:00,607,607,1,MISSING_NEXT_RETURN,0
SOYBEAN.c,126,train,2025-11-03T00:00:00,2026-01-02T00:00:00,565,606,42,TERMINAL_FRAGMENT_LT_63,0
SOYBEAN.c,126,validation,2026-02-23T00:00:00,2026-02-23T00:00:00,640,640,1,MISSING_NEXT_RETURN,0
SOYBEAN.c,126,validation,2026-01-06T00:00:00,2026-02-20T00:00:00,608,639,32,TERMINAL_FRAGMENT_LT_63,0
SOYBEAN.c,126,validation,2026-01-06T00:00:00,2026-02-23T00:00:00,608,640,33,NO_FULL_VALIDATION_SEQUENCE,4
WHEAT.c,126,train,2025-12-19T00:00:00,2025-12-19T00:00:00,688,688,1,MISSING_NEXT_RETURN,0
WHEAT.c,126,train,2025-09-25T00:00:00,2025-12-18T00:00:00,628,687,60,TERMINAL_FRAGMENT_LT_63,0
WHEAT.c,126,validation,2026-02-23T00:00:00,2026-02-23T00:00:00,730,730,1,MISSING_NEXT_RETURN,0
WHEAT.c,126,validation,2025-12-22T00:00:00,2026-02-20T00:00:00,689,729,41,TERMINAL_FRAGMENT_LT_63,0
WHEAT.c,126,validation,2025-12-22T00:00:00,2026-02-23T00:00:00,689,730,42,NO_FULL_VALIDATION_SEQUENCE,5
GER40.cash,126,train,2025-07-02T00:00:00,2025-07-02T00:00:00,1777,1777,1,MISSING_NEXT_RETURN,0
GER40.cash,126,train,2025-06-11T00:00:00,2025-07-01T00:00:00,1762,1776,15,TERMINAL_FRAGMENT_LT_63,0
GER40.cash,126,validation,2026-02-23T00:00:00,2026-02-23T00:00:00,1940,1940,1,MISSING_NEXT_RETURN,0
GER40.cash,126,validation,2026-01-02T00:00:00,2026-02-20T00:00:00,1904,1939,36,TERMINAL_FRAGMENT_LT_63,0
UK100.cash,126,train,2025-06-09T00:00:00,2025-06-09T00:00:00,1933,1933,1,MISSING_NEXT_RETURN,0
UK100.cash,126,train,2025-04-01T00:00:00,2025-06-06T00:00:00,1888,1932,45,TERMINAL_FRAGMENT_LT_63,0
UK100.cash,126,validation,2026-02-23T00:00:00,2026-02-23T00:00:00,2114,2114,1,MISSING_NEXT_RETURN,0
UK100.cash,126,validation,2025-12-04T00:00:00,2026-02-20T00:00:00,2060,2113,54,TERMINAL_FRAGMENT_LT_63,0
US100.cash,126,train,2025-06-12T00:00:00,2025-06-12T00:00:00,1925,1925,1,MISSING_NEXT_RETURN,0
US100.cash,126,train,2025-04-22T00:00:00,2025-06-11T00:00:00,1888,1924,37,TERMINAL_FRAGMENT_LT_63,0
US100.cash,126,validation,2026-02-23T00:00:00,2026-02-23T00:00:00,2105,2105,1,MISSING_NEXT_RETURN,0
US100.cash,126,validation,2025-12-08T00:00:00,2026-02-20T00:00:00,2052,2104,53,TERMINAL_FRAGMENT_LT_63,0
US30.cash,126,train,2025-07-25T00:00:00,2025-07-25T00:00:00,1649,1649,1,MISSING_NEXT_RETURN,0
US30.cash,126,train,2025-07-08T00:00:00,2025-07-24T00:00:00,1636,1648,13,TERMINAL_FRAGMENT_LT_63,0
US30.cash,126,validation,2026-02-23T00:00:00,2026-02-23T00:00:00,1798,1798,1,MISSING_NEXT_RETURN,0
US30.cash,126,validation,2026-01-22T00:00:00,2026-02-20T00:00:00,1776,1797,22,TERMINAL_FRAGMENT_LT_63,0
US500.cash,126,train,2025-06-12T00:00:00,2025-06-12T00:00:00,1925,1925,1,MISSING_NEXT_RETURN,0
US500.cash,126,train,2025-04-22T00:00:00,2025-06-11T00:00:00,1888,1924,37,TERMINAL_FRAGMENT_LT_63,0
US500.cash,126,validation,2026-02-23T00:00:00,2026-02-23T00:00:00,2105,2105,1,MISSING_NEXT_RETURN,0
US500.cash,126,validation,2025-12-08T00:00:00,2026-02-20T00:00:00,2052,2104,53,TERMINAL_FRAGMENT_LT_63,0
AUS200.cash,126,train,2025-07-28T00:00:00,2025-07-28T00:00:00,1632,1632,1,MISSING_NEXT_RETURN,0
AUS200.cash,126,train,2025-05-06T00:00:00,2025-07-25T00:00:00,1573,1631,59,TERMINAL_FRAGMENT_LT_63,0
AUS200.cash,126,validation,2026-02-23T00:00:00,2026-02-23T00:00:00,1779,1779,1,MISSING_NEXT_RETURN,0
AUS200.cash,126,validation,2026-01-26T00:00:00,2026-02-20T00:00:00,1759,1778,20,TERMINAL_FRAGMENT_LT_63,0
EU50.cash,126,train,2025-06-11T00:00:00,2025-06-11T00:00:00,1897,1897,1,MISSING_NEXT_RETURN,0
EU50.cash,126,train,2025-05-29T00:00:00,2025-06-10T00:00:00,1888,1896,9,TERMINAL_FRAGMENT_LT_63,0
EU50.cash,126,validation,2026-02-20T00:00:00,2026-02-20T00:00:00,2074,2074,1,MISSING_NEXT_RETURN,0
EU50.cash,126,validation,2025-12-05T00:00:00,2026-02-19T00:00:00,2024,2073,50,TERMINAL_FRAGMENT_LT_63,0
FRA40.cash,126,train,2025-06-12T00:00:00,2025-06-12T00:00:00,1906,1906,1,MISSING_NEXT_RETURN,0
FRA40.cash,126,train,2025-05-19T00:00:00,2025-06-11T00:00:00,1888,1905,18,TERMINAL_FRAGMENT_LT_63,0
FRA40.cash,126,validation,2026-02-20T00:00:00,2026-02-20T00:00:00,2084,2084,1,MISSING_NEXT_RETURN,0
FRA40.cash,126,validation,2025-12-08T00:00:00,2026-02-19T00:00:00,2033,2083,51,TERMINAL_FRAGMENT_LT_63,0
HK50.cash,126,train,2025-07-21T00:00:00,2025-07-21T00:00:00,1624,1624,1,MISSING_NEXT_RETURN,0
HK50.cash,126,train,2025-05-08T00:00:00,2025-07-18T00:00:00,1573,1623,51,TERMINAL_FRAGMENT_LT_63,0
HK50.cash,126,validation,2026-02-23T00:00:00,2026-02-23T00:00:00,1770,1770,1,MISSING_NEXT_RETURN,0
HK50.cash,126,validation,2026-01-22T00:00:00,2026-02-20T00:00:00,1751,1769,19,TERMINAL_FRAGMENT_LT_63,0
JP225.cash,126,train,2025-06-05T00:00:00,2025-06-05T00:00:00,1973,1973,1,MISSING_NEXT_RETURN,0
JP225.cash,126,train,2025-05-06T00:00:00,2025-06-04T00:00:00,1951,1972,22,TERMINAL_FRAGMENT_LT_63,0
JP225.cash,126,validation,2026-02-23T00:00:00,2026-02-23T00:00:00,2158,2158,1,MISSING_NEXT_RETURN,0
JP225.cash,126,validation,2025-12-01T00:00:00,2026-02-20T00:00:00,2100,2157,58,TERMINAL_FRAGMENT_LT_63,0
N25.cash,126,train,2025-10-15T00:00:00,2025-10-15T00:00:00,1110,1110,1,MISSING_NEXT_RETURN,0
N25.cash,126,train,2025-08-19T00:00:00,2025-10-14T00:00:00,1069,1109,41,TERMINAL_FRAGMENT_LT_63,0
N25.cash,126,validation,2026-02-20T00:00:00,2026-02-20T00:00:00,1199,1199,1,MISSING_NEXT_RETURN,0
N25.cash,126,validation,2026-01-16T00:00:00,2026-02-19T00:00:00,1174,1198,25,TERMINAL_FRAGMENT_LT_63,0
SPN35.cash,126,train,2025-09-24T00:00:00,2025-09-24T00:00:00,1248,1248,1,MISSING_NEXT_RETURN,0
SPN35.cash,126,train,2025-07-11T00:00:00,2025-09-23T00:00:00,1195,1247,53,TERMINAL_FRAGMENT_LT_63,0
SPN35.cash,126,validation,2026-02-20T00:00:00,2026-02-20T00:00:00,1352,1352,1,MISSING_NEXT_RETURN,0
SPN35.cash,126,validation,2025-12-23T00:00:00,2026-02-19T00:00:00,1312,1351,40,TERMINAL_FRAGMENT_LT_63,0
UKOIL.cash,126,train,2025-04-11T00:00:00,2025-04-11T00:00:00,2315,2315,1,MISSING_NEXT_RETURN,0
UKOIL.cash,126,train,2025-02-03T00:00:00,2025-04-10T00:00:00,2266,2314,49,TERMINAL_FRAGMENT_LT_63,0
UKOIL.cash,126,validation,2026-02-23T00:00:00,2026-02-23T00:00:00,2538,2538,1,MISSING_NEXT_RETURN,0
UKOIL.cash,126,validation,2026-01-07T00:00:00,2026-02-20T00:00:00,2505,2537,33,TERMINAL_FRAGMENT_LT_63,0
US2000.cash,126,train,2025-06-16T00:00:00,2025-06-16T00:00:00,1908,1908,1,MISSING_NEXT_RETURN,0
US2000.cash,126,train,2025-05-19T00:00:00,2025-06-13T00:00:00,1888,1907,20,TERMINAL_FRAGMENT_LT_63,0
US2000.cash,126,validation,2026-02-23T00:00:00,2026-02-23T00:00:00,2086,2086,1,MISSING_NEXT_RETURN,0
US2000.cash,126,validation,2025-12-10T00:00:00,2026-02-20T00:00:00,2035,2085,51,TERMINAL_FRAGMENT_LT_63,0
USOIL.cash,126,train,2025-09-30T00:00:00,2025-09-30T00:00:00,1226,1226,1,MISSING_NEXT_RETURN,0
USOIL.cash,126,train,2025-08-18T00:00:00,2025-09-29T00:00:00,1195,1225,31,TERMINAL_FRAGMENT_LT_63,0
USOIL.cash,126,validation,2026-02-23T00:00:00,2026-02-23T00:00:00,1328,1328,1,MISSING_NEXT_RETURN,0
USOIL.cash,126,validation,2025-12-30T00:00:00,2026-02-20T00:00:00,1290,1327,38,TERMINAL_FRAGMENT_LT_63,0
DXY.cash,126,train,2026-02-20T00:00:00,2026-02-20T00:00:00,318,318,1,MISSING_NEXT_RETURN,0
DXY.cash,126,train,2026-02-13T00:00:00,2026-02-19T00:00:00,313,317,5,TERMINAL_FRAGMENT_LT_63,0
DXY.cash,126,validation,2026-02-23T00:00:00,2026-02-23T00:00:00,319,319,1,MISSING_NEXT_RETURN,0
DXY.cash,126,validation,2026-02-23T00:00:00,2026-02-23T00:00:00,319,319,1,NO_FULL_VALIDATION_SEQUENCE,0
NATGAS.cash,126,train,2026-02-17T00:00:00,2026-02-17T00:00:00,339,339,1,MISSING_NEXT_RETURN,0
NATGAS.cash,126,train,2026-01-12T00:00:00,2026-02-16T00:00:00,313,338,26,TERMINAL_FRAGMENT_LT_63,0
NATGAS.cash,126,validation,2026-02-23T00:00:00,2026-02-23T00:00:00,343,343,1,MISSING_NEXT_RETURN,0
NATGAS.cash,126,validation,2026-02-18T00:00:00,2026-02-20T00:00:00,340,342,3,TERMINAL_FRAGMENT_LT_63,0
NATGAS.cash,126,validation,2026-02-18T00:00:00,2026-02-23T00:00:00,340,343,4,NO_FULL_VALIDATION_SEQUENCE,0
ADAUSD,126,train,2025-10-15T00:00:00,2025-10-15T00:00:00,1491,1491,1,MISSING_NEXT_RETURN,0
ADAUSD,126,train,2025-08-31T00:00:00,2025-10-14T00:00:00,1447,1490,44,TERMINAL_FRAGMENT_LT_63,0
ADAUSD,126,validation,2026-02-23T00:00:00,2026-02-23T00:00:00,1622,1622,1,MISSING_NEXT_RETURN,0
ADAUSD,126,validation,2026-02-19T00:00:00,2026-02-22T00:00:00,1618,1621,4,TERMINAL_FRAGMENT_LT_63,0
AVAUSD,126,train,2025-09-09T00:00:00,2025-09-09T00:00:00,1807,1807,1,MISSING_NEXT_RETURN,0
AVAUSD,126,train,2025-07-22T00:00:00,2025-09-08T00:00:00,1762,1806,45,TERMINAL_FRAGMENT_LT_63,0
AVAUSD,126,validation,2026-02-23T00:00:00,2026-02-23T00:00:00,1974,1974,1,MISSING_NEXT_RETURN,0
AVAUSD,126,validation,2026-01-14T00:00:00,2026-02-22T00:00:00,1934,1973,40,TERMINAL_FRAGMENT_LT_63,0
BCHUSD,126,train,2025-05-17T00:00:00,2025-05-17T00:00:00,2795,2795,1,MISSING_NEXT_RETURN,0
BCHUSD,126,train,2025-04-22T00:00:00,2025-05-16T00:00:00,2770,2794,25,TERMINAL_FRAGMENT_LT_63,0
BCHUSD,126,validation,2026-02-23T00:00:00,2026-02-23T00:00:00,3071,3071,1,MISSING_NEXT_RETURN,0
BCHUSD,126,validation,2026-01-31T00:00:00,2026-02-22T00:00:00,3048,3070,23,TERMINAL_FRAGMENT_LT_63,0
BTCUSD,126,train,2024-10-04T00:00:00,2024-10-04T00:00:00,4837,4837,1,MISSING_NEXT_RETURN,0
BTCUSD,126,train,2024-08-14T00:00:00,2024-10-03T00:00:00,4786,4836,51,TERMINAL_FRAGMENT_LT_63,0
BTCUSD,126,validation,2026-02-23T00:00:00,2026-02-23T00:00:00,5340,5340,1,MISSING_NEXT_RETURN,0
BTCUSD,126,validation,2025-12-24T00:00:00,2026-02-22T00:00:00,5279,5339,61,TERMINAL_FRAGMENT_LT_63,0
DASHUSD,126,train,2025-09-15T00:00:00,2025-09-15T00:00:00,1756,1756,1,MISSING_NEXT_RETURN,0
DASHUSD,126,train,2025-07-16T00:00:00,2025-09-14T00:00:00,1699,1755,57,TERMINAL_FRAGMENT_LT_63,0
DASHUSD,126,validation,2026-02-23T00:00:00,2026-02-23T00:00:00,1917,1917,1,MISSING_NEXT_RETURN,0
DASHUSD,126,validation,2026-01-20T00:00:00,2026-02-22T00:00:00,1883,1916,34,TERMINAL_FRAGMENT_LT_63,0
DOTUSD,126,train,2025-10-15T00:00:00,2025-10-15T00:00:00,1491,1491,1,MISSING_NEXT_RETURN,0
DOTUSD,126,train,2025-08-31T00:00:00,2025-10-14T00:00:00,1447,1490,44,TERMINAL_FRAGMENT_LT_63,0
DOTUSD,126,validation,2026-02-23T00:00:00,2026-02-23T00:00:00,1622,1622,1,MISSING_NEXT_RETURN,0
DOTUSD,126,validation,2026-02-19T00:00:00,2026-02-22T00:00:00,1618,1621,4,TERMINAL_FRAGMENT_LT_63,0
ETCUSD,126,train,2025-05-17T00:00:00,2025-05-17T00:00:00,2795,2795,1,MISSING_NEXT_RETURN,0
ETCUSD,126,train,2025-04-22T00:00:00,2025-05-16T00:00:00,2770,2794,25,TERMINAL_FRAGMENT_LT_63,0
ETCUSD,126,validation,2026-02-23T00:00:00,2026-02-23T00:00:00,3071,3071,1,MISSING_NEXT_RETURN,0
ETCUSD,126,validation,2026-01-31T00:00:00,2026-02-22T00:00:00,3048,3070,23,TERMINAL_FRAGMENT_LT_63,0
ETHUSD,126,train,2025-04-29T00:00:00,2025-04-29T00:00:00,2973,2973,1,MISSING_NEXT_RETURN,0
ETHUSD,126,train,2025-04-15T00:00:00,2025-04-28T00:00:00,2959,2972,14,TERMINAL_FRAGMENT_LT_63,0
ETHUSD,126,validation,2026-02-23T00:00:00,2026-02-23T00:00:00,3269,3269,1,MISSING_NEXT_RETURN,0
ETHUSD,126,validation,2026-01-11T00:00:00,2026-02-22T00:00:00,3226,3268,43,TERMINAL_FRAGMENT_LT_63,0
LTCUSD,126,train,2024-10-29T00:00:00,2024-10-29T00:00:00,4609,4609,1,MISSING_NEXT_RETURN,0
LTCUSD,126,train,2024-10-17T00:00:00,2024-10-28T00:00:00,4597,4608,12,TERMINAL_FRAGMENT_LT_63,0
LTCUSD,126,validation,2026-02-23T00:00:00,2026-02-23T00:00:00,5087,5087,1,MISSING_NEXT_RETURN,0
LTCUSD,126,validation,2026-01-18T00:00:00,2026-02-22T00:00:00,5051,5086,36,TERMINAL_FRAGMENT_LT_63,0
XRPUSD,126,train,2025-05-04T00:00:00,2025-05-04T00:00:00,3093,3093,1,MISSING_NEXT_RETURN,0
XRPUSD,126,train,2025-04-08T00:00:00,2025-05-03T00:00:00,3067,3092,26,TERMINAL_FRAGMENT_LT_63,0
XRPUSD,126,validation,2026-02-23T00:00:00,2026-02-23T00:00:00,3384,3384,1,MISSING_NEXT_RETURN,0
XRPUSD,126,validation,2026-01-16T00:00:00,2026-02-22T00:00:00,3346,3383,38,TERMINAL_FRAGMENT_LT_63,0
AAVUSD,126,train,2025-09-20T00:00:00,2025-09-20T00:00:00,1716,1716,1,MISSING_NEXT_RETURN,0
AAVUSD,126,train,2025-09-02T00:00:00,2025-09-19T00:00:00,1699,1715,17,TERMINAL_FRAGMENT_LT_63,0
AAVUSD,126,validation,2026-02-23T00:00:00,2026-02-23T00:00:00,1872,1872,1,MISSING_NEXT_RETURN,0
AAVUSD,126,validation,2026-01-25T00:00:00,2026-02-22T00:00:00,1843,1871,29,TERMINAL_FRAGMENT_LT_63,0
ALGUSD,126,train,2025-08-07T00:00:00,2025-08-07T00:00:00,2113,2113,1,MISSING_NEXT_RETURN,0
ALGUSD,126,train,2021-01-24T00:00:00,2021-01-25T00:00:00,466,467,2,TERMINAL_FRAGMENT_LT_63,0
ALGUSD,126,train,2025-07-31T00:00:00,2025-08-06T00:00:00,2107,2112,6,TERMINAL_FRAGMENT_LT_63,0
ALGUSD,126,validation,2026-02-23T00:00:00,2026-02-23T00:00:00,2311,2311,1,MISSING_NEXT_RETURN,0
ALGUSD,126,validation,2026-02-15T00:00:00,2026-02-22T00:00:00,2303,2310,8,TERMINAL_FRAGMENT_LT_63,0
BARUSD,126,train,2025-09-27T00:00:00,2025-09-27T00:00:00,1649,1649,1,MISSING_NEXT_RETURN,0
BARUSD,126,train,2025-09-14T00:00:00,2025-09-26T00:00:00,1636,1648,13,TERMINAL_FRAGMENT_LT_63,0
BARUSD,126,validation,2026-02-23T00:00:00,2026-02-23T00:00:00,1798,1798,1,MISSING_NEXT_RETURN,0
BARUSD,126,validation,2026-02-01T00:00:00,2026-02-22T00:00:00,1776,1797,22,TERMINAL_FRAGMENT_LT_63,0
BNBUSD,126,train,2025-05-11T00:00:00,2025-05-11T00:00:00,2847,2847,1,MISSING_NEXT_RETURN,0
BNBUSD,126,train,2025-04-27T00:00:00,2025-05-10T00:00:00,2833,2846,14,TERMINAL_FRAGMENT_LT_63,0
BNBUSD,126,validation,2026-02-23T00:00:00,2026-02-23T00:00:00,3129,3129,1,MISSING_NEXT_RETURN,0
BNBUSD,126,validation,2026-01-25T00:00:00,2026-02-22T00:00:00,3100,3128,29,TERMINAL_FRAGMENT_LT_63,0
DOGEUSD,126,train,2025-10-15T00:00:00,2025-10-15T00:00:00,1491,1491,1,MISSING_NEXT_RETURN,0
DOGEUSD,126,train,2025-08-31T00:00:00,2025-10-14T00:00:00,1447,1490,44,TERMINAL_FRAGMENT_LT_63,0
DOGEUSD,126,validation,2026-02-23T00:00:00,2026-02-23T00:00:00,1622,1622,1,MISSING_NEXT_RETURN,0
DOGEUSD,126,validation,2026-02-19T00:00:00,2026-02-22T00:00:00,1618,1621,4,TERMINAL_FRAGMENT_LT_63,0
FETUSD,126,train,2026-01-22T00:00:00,2026-01-22T00:00:00,591,591,1,MISSING_NEXT_RETURN,0
FETUSD,126,train,2025-12-27T00:00:00,2026-01-21T00:00:00,565,590,26,TERMINAL_FRAGMENT_LT_63,0
FETUSD,126,validation,2026-02-23T00:00:00,2026-02-23T00:00:00,623,623,1,MISSING_NEXT_RETURN,0
FETUSD,126,validation,2026-01-23T00:00:00,2026-02-22T00:00:00,592,622,31,TERMINAL_FRAGMENT_LT_63,0
FETUSD,126,validation,2026-01-23T00:00:00,2026-02-23T00:00:00,592,623,32,NO_FULL_VALIDATION_SEQUENCE,4
GALUSD,126,train,2025-10-15T00:00:00,2025-10-15T00:00:00,1482,1482,1,MISSING_NEXT_RETURN,0
GALUSD,126,train,2025-09-10T00:00:00,2025-10-14T00:00:00,1447,1481,35,TERMINAL_FRAGMENT_LT_63,0
GALUSD,126,validation,2026-02-23T00:00:00,2026-02-23T00:00:00,1613,1613,1,MISSING_NEXT_RETURN,0
GALUSD,126,validation,2026-02-19T00:00:00,2026-02-22T00:00:00,1609,1612,4,TERMINAL_FRAGMENT_LT_63,0
GRTUSD,126,train,2025-09-20T00:00:00,2025-09-20T00:00:00,1715,1715,1,MISSING_NEXT_RETURN,0
GRTUSD,126,train,2025-09-03T00:00:00,2025-09-19T00:00:00,1699,1714,16,TERMINAL_FRAGMENT_LT_63,0
GRTUSD,126,validation,2026-02-23T00:00:00,2026-02-23T00:00:00,1871,1871,1,MISSING_NEXT_RETURN,0
GRTUSD,126,validation,2026-01-25T00:00:00,2026-02-22T00:00:00,1842,1870,29,TERMINAL_FRAGMENT_LT_63,0
ICPUSD,126,train,2026-01-22T00:00:00,2026-01-22T00:00:00,591,591,1,MISSING_NEXT_RETURN,0
ICPUSD,126,train,2025-12-27T00:00:00,2026-01-21T00:00:00,565,590,26,TERMINAL_FRAGMENT_LT_63,0
ICPUSD,126,validation,2026-02-23T00:00:00,2026-02-23T00:00:00,623,623,1,MISSING_NEXT_RETURN,0
ICPUSD,126,validation,2026-01-23T00:00:00,2026-02-22T00:00:00,592,622,31,TERMINAL_FRAGMENT_LT_63,0
ICPUSD,126,validation,2026-01-23T00:00:00,2026-02-23T00:00:00,592,623,32,NO_FULL_VALIDATION_SEQUENCE,4
IMXUSD,126,train,2025-10-27T00:00:00,2025-10-27T00:00:00,1380,1380,1,MISSING_NEXT_RETURN,0
IMXUSD,126,train,2025-08-27T00:00:00,2025-10-26T00:00:00,1321,1379,59,TERMINAL_FRAGMENT_LT_63,0
IMXUSD,126,validation,2026-02-23T00:00:00,2026-02-23T00:00:00,1499,1499,1,MISSING_NEXT_RETURN,0
IMXUSD,126,validation,2025-12-30T00:00:00,2026-02-22T00:00:00,1444,1498,55,TERMINAL_FRAGMENT_LT_63,0
LNKUSD,126,train,2020-04-18T00:00:00,2020-04-18T00:00:00,940,940,1,MISSING_NEXT_RETURN,0
LNKUSD,126,train,2020-10-10T00:00:00,2020-10-10T00:00:00,1115,1115,1,MISSING_NEXT_RETURN,0
LNKUSD,126,train,2025-06-12T00:00:00,2025-06-12T00:00:00,2821,2821,1,MISSING_NEXT_RETURN,0
LNKUSD,126,train,2020-02-18T00:00:00,2020-04-17T00:00:00,880,939,60,TERMINAL_FRAGMENT_LT_63,0
LNKUSD,126,train,2020-08-24T00:00:00,2020-10-09T00:00:00,1068,1114,47,TERMINAL_FRAGMENT_LT_63,0
LNKUSD,126,train,2021-04-23T00:00:00,2021-06-22T00:00:00,1310,1370,61,TERMINAL_FRAGMENT_LT_63,0
LNKUSD,126,train,2021-06-24T00:00:00,2021-06-25T00:00:00,1372,1373,2,TERMINAL_FRAGMENT_LT_63,0
LNKUSD,126,train,2025-04-14T00:00:00,2025-06-11T00:00:00,2762,2820,59,TERMINAL_FRAGMENT_LT_63,0
LNKUSD,126,validation,2026-02-23T00:00:00,2026-02-23T00:00:00,3071,3071,1,MISSING_NEXT_RETURN,0
LNKUSD,126,validation,2025-12-25T00:00:00,2026-02-22T00:00:00,3011,3070,60,TERMINAL_FRAGMENT_LT_63,0
MANUSD,126,train,2025-09-20T00:00:00,2025-09-20T00:00:00,1716,1716,1,MISSING_NEXT_RETURN,0
MANUSD,126,train,2025-09-02T00:00:00,2025-09-19T00:00:00,1699,1715,17,TERMINAL_FRAGMENT_LT_63,0
MANUSD,126,validation,2026-02-23T00:00:00,2026-02-23T00:00:00,1872,1872,1,MISSING_NEXT_RETURN,0
MANUSD,126,validation,2026-01-25T00:00:00,2026-02-22T00:00:00,1843,1871,29,TERMINAL_FRAGMENT_LT_63,0
NEOUSD,126,train,2025-06-10T00:00:00,2025-06-10T00:00:00,2590,2590,1,MISSING_NEXT_RETURN,0
NEOUSD,126,train,2025-06-01T00:00:00,2025-06-09T00:00:00,2581,2589,9,TERMINAL_FRAGMENT_LT_63,0
NEOUSD,126,validation,2026-02-23T00:00:00,2026-02-23T00:00:00,2844,2844,1,MISSING_NEXT_RETURN,0
NEOUSD,126,validation,2026-02-22T00:00:00,2026-02-22T00:00:00,2843,2843,1,TERMINAL_FRAGMENT_LT_63,0
NERUSD,126,train,2025-09-11T00:00:00,2025-09-11T00:00:00,1788,1788,1,MISSING_NEXT_RETURN,0
NERUSD,126,train,2025-08-14T00:00:00,2025-09-10T00:00:00,1762,1787,26,TERMINAL_FRAGMENT_LT_63,0
NERUSD,126,validation,2026-02-23T00:00:00,2026-02-23T00:00:00,1953,1953,1,MISSING_NEXT_RETURN,0
NERUSD,126,validation,2026-01-16T00:00:00,2026-02-22T00:00:00,1915,1952,38,TERMINAL_FRAGMENT_LT_63,0
SANUSD,126,train,2025-09-04T00:00:00,2025-09-04T00:00:00,1844,1844,1,MISSING_NEXT_RETURN,0
SANUSD,126,train,2025-08-15T00:00:00,2025-09-03T00:00:00,1825,1843,19,TERMINAL_FRAGMENT_LT_63,0
SANUSD,126,validation,2026-02-23T00:00:00,2026-02-23T00:00:00,2015,2015,1,MISSING_NEXT_RETURN,0
SANUSD,126,validation,2026-01-10T00:00:00,2026-02-22T00:00:00,1971,2014,44,TERMINAL_FRAGMENT_LT_63,0
UNIUSD,126,train,2025-09-28T00:00:00,2025-09-28T00:00:00,1635,1635,1,MISSING_NEXT_RETURN,0
UNIUSD,126,train,2025-07-24T00:00:00,2025-09-27T00:00:00,1573,1634,62,TERMINAL_FRAGMENT_LT_63,0
UNIUSD,126,validation,2026-02-23T00:00:00,2026-02-23T00:00:00,1783,1783,1,MISSING_NEXT_RETURN,0
UNIUSD,126,validation,2026-02-02T00:00:00,2026-02-22T00:00:00,1762,1782,21,TERMINAL_FRAGMENT_LT_63,0
VECUSD,126,train,2025-08-17T00:00:00,2025-08-17T00:00:00,2000,2000,1,MISSING_NEXT_RETURN,0
VECUSD,126,train,2025-06-25T00:00:00,2025-08-16T00:00:00,1951,1999,49,TERMINAL_FRAGMENT_LT_63,0
VECUSD,126,validation,2026-02-23T00:00:00,2026-02-23T00:00:00,2188,2188,1,MISSING_NEXT_RETURN,0
VECUSD,126,validation,2025-12-24T00:00:00,2026-02-22T00:00:00,2127,2187,61,TERMINAL_FRAGMENT_LT_63,0
XLMUSD,126,train,2025-04-12T00:00:00,2025-04-12T00:00:00,3106,3106,1,MISSING_NEXT_RETURN,0
XLMUSD,126,train,2025-03-22T00:00:00,2025-04-11T00:00:00,3085,3105,21,TERMINAL_FRAGMENT_LT_63,0
XLMUSD,126,validation,2026-02-23T00:00:00,2026-02-23T00:00:00,3417,3417,1,MISSING_NEXT_RETURN,0
XLMUSD,126,validation,2025-12-27T00:00:00,2026-02-22T00:00:00,3359,3416,58,TERMINAL_FRAGMENT_LT_63,0
XMRUSD,126,train,2025-05-14T00:00:00,2025-05-14T00:00:00,2839,2839,1,MISSING_NEXT_RETURN,0
XMRUSD,126,train,2025-05-08T00:00:00,2025-05-13T00:00:00,2833,2838,6,TERMINAL_FRAGMENT_LT_63,0
XMRUSD,126,validation,2026-02-23T00:00:00,2026-02-23T00:00:00,3120,3120,1,MISSING_NEXT_RETURN,0
XMRUSD,126,validation,2026-01-26T00:00:00,2026-02-22T00:00:00,3092,3119,28,TERMINAL_FRAGMENT_LT_63,0
XTZUSD,126,train,2025-07-15T00:00:00,2025-07-15T00:00:00,2261,2261,1,MISSING_NEXT_RETURN,0
XTZUSD,126,train,2025-05-18T00:00:00,2025-07-14T00:00:00,2203,2260,58,TERMINAL_FRAGMENT_LT_63,0
XTZUSD,126,validation,2026-02-23T00:00:00,2026-02-23T00:00:00,2478,2478,1,MISSING_NEXT_RETURN,0
XTZUSD,126,validation,2026-01-27T00:00:00,2026-02-22T00:00:00,2451,2477,27,TERMINAL_FRAGMENT_LT_63,0
AAPL,126,train,2024-02-20T00:00:00,2024-02-20T00:00:00,4827,4827,1,MISSING_NEXT_RETURN,0
AAPL,126,train,2023-12-19T00:00:00,2024-02-16T00:00:00,4786,4826,41,TERMINAL_FRAGMENT_LT_63,0
AAPL,126,validation,2026-02-20T00:00:00,2026-02-20T00:00:00,5329,5329,1,MISSING_NEXT_RETURN,0
AAPL,126,validation,2025-11-21T00:00:00,2026-02-19T00:00:00,5269,5328,60,TERMINAL_FRAGMENT_LT_63,0
AMZN,126,train,2025-07-30T00:00:00,2025-07-30T00:00:00,1572,1572,1,MISSING_NEXT_RETURN,0
AMZN,126,train,2025-04-30T00:00:00,2025-07-29T00:00:00,1510,1571,62,TERMINAL_FRAGMENT_LT_63,0
AMZN,126,validation,2026-02-20T00:00:00,2026-02-20T00:00:00,1713,1713,1,MISSING_NEXT_RETURN,0
AMZN,126,validation,2026-01-30T00:00:00,2026-02-19T00:00:00,1699,1712,14,TERMINAL_FRAGMENT_LT_63,0
BABA,126,train,2025-07-30T00:00:00,2025-07-30T00:00:00,1572,1572,1,MISSING_NEXT_RETURN,0
BABA,126,train,2025-04-30T00:00:00,2025-07-29T00:00:00,1510,1571,62,TERMINAL_FRAGMENT_LT_63,0
BABA,126,validation,2026-02-20T00:00:00,2026-02-20T00:00:00,1713,1713,1,MISSING_NEXT_RETURN,0
BABA,126,validation,2026-01-30T00:00:00,2026-02-19T00:00:00,1699,1712,14,TERMINAL_FRAGMENT_LT_63,0
BAC,126,train,2025-07-30T00:00:00,2025-07-30T00:00:00,1572,1572,1,MISSING_NEXT_RETURN,0
BAC,126,train,2025-04-30T00:00:00,2025-07-29T00:00:00,1510,1571,62,TERMINAL_FRAGMENT_LT_63,0
BAC,126,validation,2026-02-20T00:00:00,2026-02-20T00:00:00,1713,1713,1,MISSING_NEXT_RETURN,0
BAC,126,validation,2026-01-30T00:00:00,2026-02-19T00:00:00,1699,1712,14,TERMINAL_FRAGMENT_LT_63,0
GOOG,126,train,2025-07-30T00:00:00,2025-07-30T00:00:00,1572,1572,1,MISSING_NEXT_RETURN,0
GOOG,126,train,2025-04-30T00:00:00,2025-07-29T00:00:00,1510,1571,62,TERMINAL_FRAGMENT_LT_63,0
GOOG,126,validation,2026-02-20T00:00:00,2026-02-20T00:00:00,1713,1713,1,MISSING_NEXT_RETURN,0
GOOG,126,validation,2026-01-30T00:00:00,2026-02-19T00:00:00,1699,1712,14,TERMINAL_FRAGMENT_LT_63,0
META,126,train,2025-07-30T00:00:00,2025-07-30T00:00:00,1572,1572,1,MISSING_NEXT_RETURN,0
META,126,train,2025-04-30T00:00:00,2025-07-29T00:00:00,1510,1571,62,TERMINAL_FRAGMENT_LT_63,0
META,126,validation,2026-02-20T00:00:00,2026-02-20T00:00:00,1713,1713,1,MISSING_NEXT_RETURN,0
META,126,validation,2026-01-30T00:00:00,2026-02-19T00:00:00,1699,1712,14,TERMINAL_FRAGMENT_LT_63,0
MSFT,126,train,2024-02-21T00:00:00,2024-02-21T00:00:00,4821,4821,1,MISSING_NEXT_RETURN,0
MSFT,126,train,2023-12-29T00:00:00,2024-02-20T00:00:00,4786,4820,35,TERMINAL_FRAGMENT_LT_63,0
MSFT,126,validation,2026-02-20T00:00:00,2026-02-20T00:00:00,5322,5322,1,MISSING_NEXT_RETURN,0
MSFT,126,validation,2025-11-24T00:00:00,2026-02-19T00:00:00,5263,5321,59,TERMINAL_FRAGMENT_LT_63,0
NFLX,126,train,2025-07-30T00:00:00,2025-07-30T00:00:00,1572,1572,1,MISSING_NEXT_RETURN,0
NFLX,126,train,2025-04-30T00:00:00,2025-07-29T00:00:00,1510,1571,62,TERMINAL_FRAGMENT_LT_63,0
NFLX,126,validation,2026-02-20T00:00:00,2026-02-20T00:00:00,1713,1713,1,MISSING_NEXT_RETURN,0
NFLX,126,validation,2026-01-30T00:00:00,2026-02-19T00:00:00,1699,1712,14,TERMINAL_FRAGMENT_LT_63,0
NVDA,126,train,2025-09-25T00:00:00,2025-09-25T00:00:00,1221,1221,1,MISSING_NEXT_RETURN,0
NVDA,126,train,2025-08-19T00:00:00,2025-09-24T00:00:00,1195,1220,26,TERMINAL_FRAGMENT_LT_63,0
NVDA,126,validation,2026-02-20T00:00:00,2026-02-20T00:00:00,1322,1322,1,MISSING_NEXT_RETURN,0
NVDA,126,validation,2025-12-26T00:00:00,2026-02-19T00:00:00,1285,1321,37,TERMINAL_FRAGMENT_LT_63,0
PFE,126,train,2025-07-30T00:00:00,2025-07-30T00:00:00,1572,1572,1,MISSING_NEXT_RETURN,0
PFE,126,train,2025-04-30T00:00:00,2025-07-29T00:00:00,1510,1571,62,TERMINAL_FRAGMENT_LT_63,0
PFE,126,validation,2026-02-20T00:00:00,2026-02-20T00:00:00,1713,1713,1,MISSING_NEXT_RETURN,0
PFE,126,validation,2026-01-30T00:00:00,2026-02-19T00:00:00,1699,1712,14,TERMINAL_FRAGMENT_LT_63,0
RACE,126,train,2025-07-30T00:00:00,2025-07-30T00:00:00,1572,1572,1,MISSING_NEXT_RETURN,0
RACE,126,train,2025-04-30T00:00:00,2025-07-29T00:00:00,1510,1571,62,TERMINAL_FRAGMENT_LT_63,0
RACE,126,validation,2026-02-20T00:00:00,2026-02-20T00:00:00,1713,1713,1,MISSING_NEXT_RETURN,0
RACE,126,validation,2026-01-30T00:00:00,2026-02-19T00:00:00,1699,1712,14,TERMINAL_FRAGMENT_LT_63,0
T,126,train,2025-07-30T00:00:00,2025-07-30T00:00:00,1572,1572,1,MISSING_NEXT_RETURN,0
T,126,train,2025-04-30T00:00:00,2025-07-29T00:00:00,1510,1571,62,TERMINAL_FRAGMENT_LT_63,0
T,126,validation,2026-02-20T00:00:00,2026-02-20T00:00:00,1713,1713,1,MISSING_NEXT_RETURN,0
T,126,validation,2026-01-30T00:00:00,2026-02-19T00:00:00,1699,1712,14,TERMINAL_FRAGMENT_LT_63,0
TSLA,126,train,2025-07-30T00:00:00,2025-07-30T00:00:00,1573,1573,1,MISSING_NEXT_RETURN,0
TSLA,126,validation,2026-02-20T00:00:00,2026-02-20T00:00:00,1714,1714,1,MISSING_NEXT_RETURN,0
TSLA,126,validation,2026-01-30T00:00:00,2026-02-19T00:00:00,1700,1713,14,TERMINAL_FRAGMENT_LT_63,0
V,126,train,2025-07-30T00:00:00,2025-07-30T00:00:00,1572,1572,1,MISSING_NEXT_RETURN,0
V,126,train,2025-04-30T00:00:00,2025-07-29T00:00:00,1510,1571,62,TERMINAL_FRAGMENT_LT_63,0
V,126,validation,2026-02-20T00:00:00,2026-02-20T00:00:00,1713,1713,1,MISSING_NEXT_RETURN,0
V,126,validation,2026-01-30T00:00:00,2026-02-19T00:00:00,1699,1712,14,TERMINAL_FRAGMENT_LT_63,0
WMT,126,train,2025-09-24T00:00:00,2025-09-24T00:00:00,1221,1221,1,MISSING_NEXT_RETURN,0
WMT,126,train,2025-08-18T00:00:00,2025-09-23T00:00:00,1195,1220,26,TERMINAL_FRAGMENT_LT_63,0
WMT,126,validation,2026-02-20T00:00:00,2026-02-20T00:00:00,1323,1323,1,MISSING_NEXT_RETURN,0
WMT,126,validation,2025-12-24T00:00:00,2026-02-19T00:00:00,1285,1322,38,TERMINAL_FRAGMENT_LT_63,0
ZM,126,train,2025-09-24T00:00:00,2025-09-24T00:00:00,1221,1221,1,MISSING_NEXT_RETURN,0
ZM,126,train,2025-08-18T00:00:00,2025-09-23T00:00:00,1195,1220,26,TERMINAL_FRAGMENT_LT_63,0
ZM,126,validation,2026-02-20T00:00:00,2026-02-20T00:00:00,1323,1323,1,MISSING_NEXT_RETURN,0
ZM,126,validation,2025-12-24T00:00:00,2026-02-19T00:00:00,1285,1322,38,TERMINAL_FRAGMENT_LT_63,0
AIRF,126,train,2025-07-29T00:00:00,2025-07-29T00:00:00,1597,1597,1,MISSING_NEXT_RETURN,0
AIRF,126,train,2025-06-25T00:00:00,2025-07-28T00:00:00,1573,1596,24,TERMINAL_FRAGMENT_LT_63,0
AIRF,126,validation,2026-02-20T00:00:00,2026-02-20T00:00:00,1740,1740,1,MISSING_NEXT_RETURN,0
AIRF,126,validation,2026-01-29T00:00:00,2026-02-19T00:00:00,1724,1739,16,TERMINAL_FRAGMENT_LT_63,0
ALVG,126,train,2025-07-30T00:00:00,2025-07-30T00:00:00,1588,1588,1,MISSING_NEXT_RETURN,0
ALVG,126,train,2025-07-09T00:00:00,2025-07-29T00:00:00,1573,1587,15,TERMINAL_FRAGMENT_LT_63,0
ALVG,126,validation,2026-02-20T00:00:00,2026-02-20T00:00:00,1730,1730,1,MISSING_NEXT_RETURN,0
ALVG,126,validation,2026-01-30T00:00:00,2026-02-19T00:00:00,1715,1729,15,TERMINAL_FRAGMENT_LT_63,0
BAYGn,126,train,2025-07-30T00:00:00,2025-07-30T00:00:00,1589,1589,1,MISSING_NEXT_RETURN,0
BAYGn,126,train,2025-07-08T00:00:00,2025-07-29T00:00:00,1573,1588,16,TERMINAL_FRAGMENT_LT_63,0
BAYGn,126,validation,2026-02-20T00:00:00,2026-02-20T00:00:00,1731,1731,1,MISSING_NEXT_RETURN,0
BAYGn,126,validation,2026-01-30T00:00:00,2026-02-19T00:00:00,1716,1730,15,TERMINAL_FRAGMENT_LT_63,0
DBKGn,126,train,2025-07-30T00:00:00,2025-07-30T00:00:00,1588,1588,1,MISSING_NEXT_RETURN,0
DBKGn,126,train,2025-07-09T00:00:00,2025-07-29T00:00:00,1573,1587,15,TERMINAL_FRAGMENT_LT_63,0
DBKGn,126,validation,2026-02-20T00:00:00,2026-02-20T00:00:00,1730,1730,1,MISSING_NEXT_RETURN,0
DBKGn,126,validation,2026-01-30T00:00:00,2026-02-19T00:00:00,1715,1729,15,TERMINAL_FRAGMENT_LT_63,0
IBE,126,train,2025-07-29T00:00:00,2025-07-29T00:00:00,1595,1595,1,MISSING_NEXT_RETURN,0
IBE,126,train,2025-06-27T00:00:00,2025-07-28T00:00:00,1573,1594,22,TERMINAL_FRAGMENT_LT_63,0
IBE,126,validation,2026-02-20T00:00:00,2026-02-20T00:00:00,1738,1738,1,MISSING_NEXT_RETURN,0
IBE,126,validation,2026-01-29T00:00:00,2026-02-19T00:00:00,1722,1737,16,TERMINAL_FRAGMENT_LT_63,0
LVMH,126,train,2025-07-29T00:00:00,2025-07-29T00:00:00,1596,1596,1,MISSING_NEXT_RETURN,0
LVMH,126,train,2025-06-26T00:00:00,2025-07-28T00:00:00,1573,1595,23,TERMINAL_FRAGMENT_LT_63,0
LVMH,126,validation,2026-02-20T00:00:00,2026-02-20T00:00:00,1739,1739,1,MISSING_NEXT_RETURN,0
LVMH,126,validation,2026-01-29T00:00:00,2026-02-19T00:00:00,1723,1738,16,TERMINAL_FRAGMENT_LT_63,0
VOWG_p,126,train,2025-07-30T00:00:00,2025-07-30T00:00:00,1588,1588,1,MISSING_NEXT_RETURN,0
VOWG_p,126,train,2025-07-09T00:00:00,2025-07-29T00:00:00,1573,1587,15,TERMINAL_FRAGMENT_LT_63,0
VOWG_p,126,validation,2026-02-20T00:00:00,2026-02-20T00:00:00,1730,1730,1,MISSING_NEXT_RETURN,0
VOWG_p,126,validation,2026-01-30T00:00:00,2026-02-19T00:00:00,1715,1729,15,TERMINAL_FRAGMENT_LT_63,0
EURCZK,126,train,2025-02-28T00:00:00,2025-02-28T00:00:00,2589,2589,1,MISSING_NEXT_RETURN,0
EURCZK,126,train,2025-02-18T00:00:00,2025-02-27T00:00:00,2581,2588,8,TERMINAL_FRAGMENT_LT_63,0
EURCZK,126,validation,2026-02-23T00:00:00,2026-02-23T00:00:00,2843,2843,1,MISSING_NEXT_RETURN,0
EURCZK,126,validation,2026-02-20T00:00:00,2026-02-20T00:00:00,2842,2842,1,TERMINAL_FRAGMENT_LT_63,0
EURHUF,126,train,2025-02-24T00:00:00,2025-02-24T00:00:00,2631,2631,1,MISSING_NEXT_RETURN,0
EURHUF,126,train,2024-12-12T00:00:00,2025-02-21T00:00:00,2581,2630,50,TERMINAL_FRAGMENT_LT_63,0
EURHUF,126,validation,2026-02-23T00:00:00,2026-02-23T00:00:00,2889,2889,1,MISSING_NEXT_RETURN,0
EURHUF,126,validation,2026-02-16T00:00:00,2026-02-20T00:00:00,2884,2888,5,TERMINAL_FRAGMENT_LT_63,0
EURNOK,126,train,2024-12-12T00:00:00,2024-12-12T00:00:00,3080,3080,1,MISSING_NEXT_RETURN,0
EURNOK,126,train,2024-09-23T00:00:00,2024-12-11T00:00:00,3022,3079,58,TERMINAL_FRAGMENT_LT_63,0
EURNOK,126,validation,2026-02-23T00:00:00,2026-02-23T00:00:00,3388,3388,1,MISSING_NEXT_RETURN,0
EURNOK,126,validation,2025-12-04T00:00:00,2026-02-20T00:00:00,3333,3387,55,TERMINAL_FRAGMENT_LT_63,0
EURPLN,126,train,2025-02-24T00:00:00,2025-02-24T00:00:00,2629,2629,1,MISSING_NEXT_RETURN,0
EURPLN,126,train,2024-12-16T00:00:00,2025-02-21T00:00:00,2581,2628,48,TERMINAL_FRAGMENT_LT_63,0
EURPLN,126,validation,2026-02-23T00:00:00,2026-02-23T00:00:00,2887,2887,1,MISSING_NEXT_RETURN,0
EURPLN,126,validation,2026-02-16T00:00:00,2026-02-20T00:00:00,2882,2886,5,TERMINAL_FRAGMENT_LT_63,0
USDCNH,126,train,2026-01-19T00:00:00,2026-01-19T00:00:00,532,532,1,MISSING_NEXT_RETURN,0
USDCNH,126,train,2025-12-04T00:00:00,2026-01-16T00:00:00,502,531,30,TERMINAL_FRAGMENT_LT_63,0
USDCNH,126,validation,2026-02-23T00:00:00,2026-02-23T00:00:00,557,557,1,MISSING_NEXT_RETURN,0
USDCNH,126,validation,2026-01-20T00:00:00,2026-02-20T00:00:00,533,556,24,TERMINAL_FRAGMENT_LT_63,0
USDCNH,126,validation,2026-01-20T00:00:00,2026-02-23T00:00:00,533,557,25,NO_FULL_VALIDATION_SEQUENCE,3
USDCZK,126,train,2025-02-21T00:00:00,2025-02-21T00:00:00,2639,2639,1,MISSING_NEXT_RETURN,0
USDCZK,126,train,2024-11-29T00:00:00,2025-02-20T00:00:00,2581,2638,58,TERMINAL_FRAGMENT_LT_63,0
USDCZK,126,validation,2026-02-23T00:00:00,2026-02-23T00:00:00,2898,2898,1,MISSING_NEXT_RETURN,0
USDCZK,126,validation,2026-02-13T00:00:00,2026-02-20T00:00:00,2892,2897,6,TERMINAL_FRAGMENT_LT_63,0
USDHKD,126,train,2024-06-14T00:00:00,2024-06-14T00:00:00,4242,4242,1,MISSING_NEXT_RETURN,0
USDHKD,126,train,2024-05-14T00:00:00,2024-06-13T00:00:00,4219,4241,23,TERMINAL_FRAGMENT_LT_63,0
USDHKD,126,validation,2026-02-23T00:00:00,2026-02-23T00:00:00,4679,4679,1,MISSING_NEXT_RETURN,0
USDHKD,126,validation,2025-12-01T00:00:00,2026-02-20T00:00:00,4621,4678,58,TERMINAL_FRAGMENT_LT_63,0
USDHUF,126,train,2025-02-24T00:00:00,2025-02-24T00:00:00,2631,2631,1,MISSING_NEXT_RETURN,0
USDHUF,126,train,2024-12-12T00:00:00,2025-02-21T00:00:00,2581,2630,50,TERMINAL_FRAGMENT_LT_63,0
USDHUF,126,validation,2026-02-23T00:00:00,2026-02-23T00:00:00,2889,2889,1,MISSING_NEXT_RETURN,0
USDHUF,126,validation,2026-02-16T00:00:00,2026-02-20T00:00:00,2884,2888,5,TERMINAL_FRAGMENT_LT_63,0
USDILS,126,train,2025-11-04T00:00:00,2025-11-04T00:00:00,996,996,1,MISSING_NEXT_RETURN,0
USDILS,126,train,2025-08-21T00:00:00,2025-11-03T00:00:00,943,995,53,TERMINAL_FRAGMENT_LT_63,0
USDILS,126,validation,2026-02-23T00:00:00,2026-02-23T00:00:00,1073,1073,1,MISSING_NEXT_RETURN,0
USDILS,126,validation,2026-02-04T00:00:00,2026-02-20T00:00:00,1060,1072,13,TERMINAL_FRAGMENT_LT_63,0
USDMXN,126,train,2024-06-12T00:00:00,2024-06-12T00:00:00,4258,4258,1,MISSING_NEXT_RETURN,0
USDMXN,126,train,2024-04-18T00:00:00,2024-06-11T00:00:00,4219,4257,39,TERMINAL_FRAGMENT_LT_63,0
USDMXN,126,validation,2026-02-23T00:00:00,2026-02-23T00:00:00,4697,4697,1,MISSING_NEXT_RETURN,0
USDMXN,126,validation,2025-11-27T00:00:00,2026-02-20T00:00:00,4637,4696,60,TERMINAL_FRAGMENT_LT_63,0
USDNOK,126,train,2024-04-04T00:00:00,2024-04-04T00:00:00,4699,4699,1,MISSING_NEXT_RETURN,0
USDNOK,126,train,2024-02-09T00:00:00,2024-04-03T00:00:00,4660,4698,39,TERMINAL_FRAGMENT_LT_63,0
USDNOK,126,validation,2026-02-23T00:00:00,2026-02-23T00:00:00,5187,5187,1,MISSING_NEXT_RETURN,0
USDNOK,126,validation,2025-12-17T00:00:00,2026-02-20T00:00:00,5141,5186,46,TERMINAL_FRAGMENT_LT_63,0
USDPLN,126,train,2024-12-11T00:00:00,2024-12-11T00:00:00,3091,3091,1,MISSING_NEXT_RETURN,0
USDPLN,126,train,2024-12-03T00:00:00,2024-12-10T00:00:00,3085,3090,6,TERMINAL_FRAGMENT_LT_63,0
USDPLN,126,validation,2026-02-23T00:00:00,2026-02-23T00:00:00,3400,3400,1,MISSING_NEXT_RETURN,0
USDPLN,126,validation,2025-12-03T00:00:00,2026-02-20T00:00:00,3344,3399,56,TERMINAL_FRAGMENT_LT_63,0
USDSEK,126,train,2023-08-30T00:00:00,2023-08-30T00:00:00,6085,6085,1,MISSING_NEXT_RETURN,0
USDSEK,126,train,2023-07-06T00:00:00,2023-08-29T00:00:00,6046,6084,39,TERMINAL_FRAGMENT_LT_63,0
USDSEK,126,validation,2026-02-23T00:00:00,2026-02-23T00:00:00,6727,6727,1,MISSING_NEXT_RETURN,0
USDSEK,126,validation,2026-02-06T00:00:00,2026-02-20T00:00:00,6716,6726,11,TERMINAL_FRAGMENT_LT_63,0
USDSGD,126,train,2026-01-19T00:00:00,2026-01-19T00:00:00,530,530,1,MISSING_NEXT_RETURN,0
USDSGD,126,train,2025-12-08T00:00:00,2026-01-16T00:00:00,502,529,28,TERMINAL_FRAGMENT_LT_63,0
USDSGD,126,validation,2026-02-23T00:00:00,2026-02-23T00:00:00,555,555,1,MISSING_NEXT_RETURN,0
USDSGD,126,validation,2026-01-20T00:00:00,2026-02-20T00:00:00,531,554,24,TERMINAL_FRAGMENT_LT_63,0
USDSGD,126,validation,2026-01-20T00:00:00,2026-02-23T00:00:00,531,555,25,NO_FULL_VALIDATION_SEQUENCE,3
USDZAR,126,train,2024-04-19T00:00:00,2024-04-19T00:00:00,4604,4604,1,MISSING_NEXT_RETURN,0
USDZAR,126,train,2024-04-10T00:00:00,2024-04-18T00:00:00,4597,4603,7,TERMINAL_FRAGMENT_LT_63,0
USDZAR,126,validation,2026-02-23T00:00:00,2026-02-23T00:00:00,5081,5081,1,MISSING_NEXT_RETURN,0
USDZAR,126,validation,2026-01-05T00:00:00,2026-02-20T00:00:00,5046,5080,35,TERMINAL_FRAGMENT_LT_63,0
AUDCAD,126,train,2023-09-01T00:00:00,2023-09-01T00:00:00,6067,6067,1,MISSING_NEXT_RETURN,0
AUDCAD,126,train,2023-08-03T00:00:00,2023-08-31T00:00:00,6046,6066,21,TERMINAL_FRAGMENT_LT_63,0
AUDCAD,126,validation,2026-02-23T00:00:00,2026-02-23T00:00:00,6707,6707,1,MISSING_NEXT_RETURN,0
AUDCAD,126,validation,2026-02-10T00:00:00,2026-02-20T00:00:00,6698,6706,9,TERMINAL_FRAGMENT_LT_63,0
AUDCHF,126,train,2023-09-12T00:00:00,2023-09-12T00:00:00,6005,6005,1,MISSING_NEXT_RETURN,0
AUDCHF,126,train,2023-08-11T00:00:00,2023-09-11T00:00:00,5983,6004,22,TERMINAL_FRAGMENT_LT_63,0
AUDCHF,126,validation,2026-02-23T00:00:00,2026-02-23T00:00:00,6638,6638,1,MISSING_NEXT_RETURN,0
AUDCHF,126,validation,2026-02-19T00:00:00,2026-02-20T00:00:00,6636,6637,2,TERMINAL_FRAGMENT_LT_63,0
AUDJPY,126,train,2023-09-07T00:00:00,2023-09-07T00:00:00,6035,6035,1,MISSING_NEXT_RETURN,0
AUDJPY,126,train,2023-06-27T00:00:00,2023-09-06T00:00:00,5983,6034,52,TERMINAL_FRAGMENT_LT_63,0
AUDJPY,126,validation,2026-02-23T00:00:00,2026-02-23T00:00:00,6671,6671,1,MISSING_NEXT_RETURN,0
AUDJPY,126,validation,2026-02-16T00:00:00,2026-02-20T00:00:00,6666,6670,5,TERMINAL_FRAGMENT_LT_63,0
AUDNZD,126,train,2023-09-14T00:00:00,2023-09-14T00:00:00,5986,5986,1,MISSING_NEXT_RETURN,0
AUDNZD,126,train,2023-09-11T00:00:00,2023-09-13T00:00:00,5983,5985,3,TERMINAL_FRAGMENT_LT_63,0
AUDNZD,126,validation,2026-02-23T00:00:00,2026-02-23T00:00:00,6617,6617,1,MISSING_NEXT_RETURN,0
AUDUSD,126,train,2023-08-30T00:00:00,2023-08-30T00:00:00,6087,6087,1,MISSING_NEXT_RETURN,0
AUDUSD,126,train,2023-07-04T00:00:00,2023-08-29T00:00:00,6046,6086,41,TERMINAL_FRAGMENT_LT_63,0
AUDUSD,126,validation,2026-02-23T00:00:00,2026-02-23T00:00:00,6729,6729,1,MISSING_NEXT_RETURN,0
AUDUSD,126,validation,2026-02-06T00:00:00,2026-02-20T00:00:00,6718,6728,11,TERMINAL_FRAGMENT_LT_63,0
CADCHF,126,train,2023-09-22T00:00:00,2023-09-22T00:00:00,5934,5934,1,MISSING_NEXT_RETURN,0
CADCHF,126,train,2023-09-04T00:00:00,2023-09-21T00:00:00,5920,5933,14,TERMINAL_FRAGMENT_LT_63,0
CADCHF,126,validation,2026-02-23T00:00:00,2026-02-23T00:00:00,6559,6559,1,MISSING_NEXT_RETURN,0
CADCHF,126,validation,2025-12-02T00:00:00,2026-02-20T00:00:00,6502,6558,57,TERMINAL_FRAGMENT_LT_63,0
CADJPY,126,train,2024-05-10T00:00:00,2024-05-10T00:00:00,4463,4463,1,MISSING_NEXT_RETURN,0
CADJPY,126,train,2024-02-23T00:00:00,2024-05-09T00:00:00,4408,4462,55,TERMINAL_FRAGMENT_LT_63,0
CADJPY,126,validation,2026-02-23T00:00:00,2026-02-23T00:00:00,4925,4925,1,MISSING_NEXT_RETURN,0
CADJPY,126,validation,2026-01-26T00:00:00,2026-02-20T00:00:00,4905,4924,20,TERMINAL_FRAGMENT_LT_63,0
CHFJPY,126,train,2023-09-06T00:00:00,2023-09-06T00:00:00,6036,6036,1,MISSING_NEXT_RETURN,0
CHFJPY,126,train,2023-06-23T00:00:00,2023-09-05T00:00:00,5983,6035,53,TERMINAL_FRAGMENT_LT_63,0
CHFJPY,126,validation,2026-02-23T00:00:00,2026-02-23T00:00:00,6673,6673,1,MISSING_NEXT_RETURN,0
CHFJPY,126,validation,2026-02-13T00:00:00,2026-02-20T00:00:00,6667,6672,6,TERMINAL_FRAGMENT_LT_63,0
EURAUD,126,train,2024-02-05T00:00:00,2024-02-05T00:00:00,5090,5090,1,MISSING_NEXT_RETURN,0
EURAUD,126,train,2023-11-21T00:00:00,2024-02-02T00:00:00,5038,5089,52,TERMINAL_FRAGMENT_LT_63,0
EURAUD,126,validation,2026-02-23T00:00:00,2026-02-23T00:00:00,5621,5621,1,MISSING_NEXT_RETURN,0
EURAUD,126,validation,2026-01-16T00:00:00,2026-02-20T00:00:00,5595,5620,26,TERMINAL_FRAGMENT_LT_63,0
EURCAD,126,train,2023-09-20T00:00:00,2023-09-20T00:00:00,5948,5948,1,MISSING_NEXT_RETURN,0
EURCAD,126,train,2023-08-11T00:00:00,2023-09-19T00:00:00,5920,5947,28,TERMINAL_FRAGMENT_LT_63,0
EURCAD,126,validation,2026-02-23T00:00:00,2026-02-23T00:00:00,6575,6575,1,MISSING_NEXT_RETURN,0
EURCAD,126,validation,2025-11-28T00:00:00,2026-02-20T00:00:00,6516,6574,59,TERMINAL_FRAGMENT_LT_63,0
EURCHF,126,train,2023-08-31T00:00:00,2023-08-31T00:00:00,6078,6078,1,MISSING_NEXT_RETURN,0
EURCHF,126,train,2023-07-18T00:00:00,2023-08-30T00:00:00,6046,6077,32,TERMINAL_FRAGMENT_LT_63,0
EURCHF,126,validation,2026-02-23T00:00:00,2026-02-23T00:00:00,6719,6719,1,MISSING_NEXT_RETURN,0
EURCHF,126,validation,2026-02-09T00:00:00,2026-02-20T00:00:00,6709,6718,10,TERMINAL_FRAGMENT_LT_63,0
EURGBP,126,train,2023-08-30T00:00:00,2023-08-30T00:00:00,6083,6083,1,MISSING_NEXT_RETURN,0
EURGBP,126,train,2023-07-10T00:00:00,2023-08-29T00:00:00,6046,6082,37,TERMINAL_FRAGMENT_LT_63,0
EURGBP,126,validation,2026-02-23T00:00:00,2026-02-23T00:00:00,6725,6725,1,MISSING_NEXT_RETURN,0
EURGBP,126,validation,2026-02-06T00:00:00,2026-02-20T00:00:00,6714,6724,11,TERMINAL_FRAGMENT_LT_63,0
EURJPY,126,train,2023-09-15T00:00:00,2023-09-15T00:00:00,5973,5973,1,MISSING_NEXT_RETURN,0
EURJPY,126,train,2023-07-04T00:00:00,2023-09-14T00:00:00,5920,5972,53,TERMINAL_FRAGMENT_LT_63,0
EURJPY,126,validation,2026-02-23T00:00:00,2026-02-23T00:00:00,6603,6603,1,MISSING_NEXT_RETURN,0
EURJPY,126,validation,2025-11-25T00:00:00,2026-02-20T00:00:00,6541,6602,62,TERMINAL_FRAGMENT_LT_63,0
EURNZD,126,train,2023-09-22T00:00:00,2023-09-22T00:00:00,5931,5931,1,MISSING_NEXT_RETURN,0
EURNZD,126,train,2023-09-07T00:00:00,2023-09-21T00:00:00,5920,5930,11,TERMINAL_FRAGMENT_LT_63,0
EURNZD,126,validation,2026-02-23T00:00:00,2026-02-23T00:00:00,6556,6556,1,MISSING_NEXT_RETURN,0
EURNZD,126,validation,2025-12-02T00:00:00,2026-02-20T00:00:00,6499,6555,57,TERMINAL_FRAGMENT_LT_63,0
EURUSD,126,train,2023-08-30T00:00:00,2023-08-30T00:00:00,6088,6088,1,MISSING_NEXT_RETURN,0
EURUSD,126,train,2023-07-03T00:00:00,2023-08-29T00:00:00,6046,6087,42,TERMINAL_FRAGMENT_LT_63,0
EURUSD,126,validation,2026-02-23T00:00:00,2026-02-23T00:00:00,6730,6730,1,MISSING_NEXT_RETURN,0
EURUSD,126,validation,2026-02-06T00:00:00,2026-02-20T00:00:00,6719,6729,11,TERMINAL_FRAGMENT_LT_63,0
GBPAUD,126,train,2024-05-30T00:00:00,2024-05-30T00:00:00,4335,4335,1,MISSING_NEXT_RETURN,0
GBPAUD,126,train,2024-03-18T00:00:00,2024-05-29T00:00:00,4282,4334,53,TERMINAL_FRAGMENT_LT_63,0
GBPAUD,126,validation,2026-02-23T00:00:00,2026-02-23T00:00:00,4783,4783,1,MISSING_NEXT_RETURN,0
GBPAUD,126,validation,2026-02-13T00:00:00,2026-02-20T00:00:00,4777,4782,6,TERMINAL_FRAGMENT_LT_63,0
GBPCAD,126,train,2024-05-30T00:00:00,2024-05-30T00:00:00,4339,4339,1,MISSING_NEXT_RETURN,0
GBPCAD,126,train,2024-03-12T00:00:00,2024-05-29T00:00:00,4282,4338,57,TERMINAL_FRAGMENT_LT_63,0
GBPCAD,126,validation,2026-02-23T00:00:00,2026-02-23T00:00:00,4787,4787,1,MISSING_NEXT_RETURN,0
GBPCAD,126,validation,2026-02-13T00:00:00,2026-02-20T00:00:00,4781,4786,6,TERMINAL_FRAGMENT_LT_63,0
GBPCHF,126,train,2023-09-05T00:00:00,2023-09-05T00:00:00,6047,6047,1,MISSING_NEXT_RETURN,0
GBPCHF,126,train,2023-09-04T00:00:00,2023-09-04T00:00:00,6046,6046,1,TERMINAL_FRAGMENT_LT_63,0
GBPCHF,126,validation,2026-02-23T00:00:00,2026-02-23T00:00:00,6685,6685,1,MISSING_NEXT_RETURN,0
GBPCHF,126,validation,2026-02-12T00:00:00,2026-02-20T00:00:00,6678,6684,7,TERMINAL_FRAGMENT_LT_63,0
GBPJPY,126,train,2023-08-30T00:00:00,2023-08-30T00:00:00,6089,6089,1,MISSING_NEXT_RETURN,0
GBPJPY,126,train,2023-06-30T00:00:00,2023-08-29T00:00:00,6046,6088,43,TERMINAL_FRAGMENT_LT_63,0
GBPJPY,126,validation,2026-02-23T00:00:00,2026-02-23T00:00:00,6731,6731,1,MISSING_NEXT_RETURN,0
GBPJPY,126,validation,2026-02-06T00:00:00,2026-02-20T00:00:00,6720,6730,11,TERMINAL_FRAGMENT_LT_63,0
GBPNZD,126,train,2024-09-23T00:00:00,2024-09-23T00:00:00,3600,3600,1,MISSING_NEXT_RETURN,0
GBPNZD,126,train,2024-09-06T00:00:00,2024-09-20T00:00:00,3589,3599,11,TERMINAL_FRAGMENT_LT_63,0
GBPNZD,126,validation,2026-02-23T00:00:00,2026-02-23T00:00:00,3966,3966,1,MISSING_NEXT_RETURN,0
GBPNZD,126,validation,2025-12-11T00:00:00,2026-02-20T00:00:00,3916,3965,50,TERMINAL_FRAGMENT_LT_63,0
GBPUSD,126,train,2023-08-30T00:00:00,2023-08-30T00:00:00,6087,6087,1,MISSING_NEXT_RETURN,0
GBPUSD,126,train,2023-07-04T00:00:00,2023-08-29T00:00:00,6046,6086,41,TERMINAL_FRAGMENT_LT_63,0
GBPUSD,126,validation,2026-02-23T00:00:00,2026-02-23T00:00:00,6729,6729,1,MISSING_NEXT_RETURN,0
GBPUSD,126,validation,2026-02-06T00:00:00,2026-02-20T00:00:00,6718,6728,11,TERMINAL_FRAGMENT_LT_63,0
NZDCAD,126,train,2024-05-31T00:00:00,2024-05-31T00:00:00,4328,4328,1,MISSING_NEXT_RETURN,0
NZDCAD,126,train,2024-03-28T00:00:00,2024-05-30T00:00:00,4282,4327,46,TERMINAL_FRAGMENT_LT_63,0
NZDCAD,126,validation,2026-02-23T00:00:00,2026-02-23T00:00:00,4775,4775,1,MISSING_NEXT_RETURN,0
NZDCAD,126,validation,2026-02-16T00:00:00,2026-02-20T00:00:00,4770,4774,5,TERMINAL_FRAGMENT_LT_63,0
NZDCHF,126,train,2024-05-29T00:00:00,2024-05-29T00:00:00,4345,4345,1,MISSING_NEXT_RETURN,0
NZDCHF,126,validation,2026-02-23T00:00:00,2026-02-23T00:00:00,4794,4794,1,MISSING_NEXT_RETURN,0
NZDCHF,126,validation,2026-02-12T00:00:00,2026-02-20T00:00:00,4787,4793,7,TERMINAL_FRAGMENT_LT_63,0
NZDJPY,126,train,2024-05-09T00:00:00,2024-05-09T00:00:00,4475,4475,1,MISSING_NEXT_RETURN,0
NZDJPY,126,train,2024-05-03T00:00:00,2024-05-08T00:00:00,4471,4474,4,TERMINAL_FRAGMENT_LT_63,0
NZDJPY,126,validation,2026-02-23T00:00:00,2026-02-23T00:00:00,4938,4938,1,MISSING_NEXT_RETURN,0
NZDJPY,126,validation,2026-01-23T00:00:00,2026-02-20T00:00:00,4917,4937,21,TERMINAL_FRAGMENT_LT_63,0
NZDUSD,126,train,2023-08-30T00:00:00,2023-08-30T00:00:00,6087,6087,1,MISSING_NEXT_RETURN,0
NZDUSD,126,train,2023-07-04T00:00:00,2023-08-29T00:00:00,6046,6086,41,TERMINAL_FRAGMENT_LT_63,0
NZDUSD,126,validation,2026-02-23T00:00:00,2026-02-23T00:00:00,6729,6729,1,MISSING_NEXT_RETURN,0
NZDUSD,126,validation,2026-02-06T00:00:00,2026-02-20T00:00:00,6718,6728,11,TERMINAL_FRAGMENT_LT_63,0
USDCAD,126,train,2023-08-30T00:00:00,2023-08-30T00:00:00,6089,6089,1,MISSING_NEXT_RETURN,0
USDCAD,126,train,2023-06-30T00:00:00,2023-08-29T00:00:00,6046,6088,43,TERMINAL_FRAGMENT_LT_63,0
USDCAD,126,validation,2026-02-23T00:00:00,2026-02-23T00:00:00,6731,6731,1,MISSING_NEXT_RETURN,0
USDCAD,126,validation,2026-02-06T00:00:00,2026-02-20T00:00:00,6720,6730,11,TERMINAL_FRAGMENT_LT_63,0
USDCHF,126,train,2023-08-30T00:00:00,2023-08-30T00:00:00,6087,6087,1,MISSING_NEXT_RETURN,0
USDCHF,126,train,2023-07-04T00:00:00,2023-08-29T00:00:00,6046,6086,41,TERMINAL_FRAGMENT_LT_63,0
USDCHF,126,validation,2026-02-23T00:00:00,2026-02-23T00:00:00,6729,6729,1,MISSING_NEXT_RETURN,0
USDCHF,126,validation,2026-02-06T00:00:00,2026-02-20T00:00:00,6718,6728,11,TERMINAL_FRAGMENT_LT_63,0
USDJPY,126,train,2023-08-30T00:00:00,2023-08-30T00:00:00,6087,6087,1,MISSING_NEXT_RETURN,0
USDJPY,126,train,2023-07-04T00:00:00,2023-08-29T00:00:00,6046,6086,41,TERMINAL_FRAGMENT_LT_63,0
USDJPY,126,validation,2026-02-23T00:00:00,2026-02-23T00:00:00,6729,6729,1,MISSING_NEXT_RETURN,0
USDJPY,126,validation,2026-02-06T00:00:00,2026-02-20T00:00:00,6718,6728,11,TERMINAL_FRAGMENT_LT_63,0
XAGAUD,126,train,2025-05-01T00:00:00,2025-05-01T00:00:00,2195,2195,1,MISSING_NEXT_RETURN,0
XAGAUD,126,train,2025-02-12T00:00:00,2025-04-30T00:00:00,2140,2194,55,TERMINAL_FRAGMENT_LT_63,0
XAGAUD,126,validation,2026-02-23T00:00:00,2026-02-23T00:00:00,2405,2405,1,MISSING_NEXT_RETURN,0
XAGAUD,126,validation,2026-01-26T00:00:00,2026-02-20T00:00:00,2385,2404,20,TERMINAL_FRAGMENT_LT_63,0
XAGEUR,126,train,2025-05-30T00:00:00,2025-05-30T00:00:00,2008,2008,1,MISSING_NEXT_RETURN,0
XAGEUR,126,train,2025-03-11T00:00:00,2025-05-29T00:00:00,1951,2007,57,TERMINAL_FRAGMENT_LT_63,0
XAGEUR,126,validation,2026-02-23T00:00:00,2026-02-23T00:00:00,2197,2197,1,MISSING_NEXT_RETURN,0
XAGEUR,126,validation,2025-11-25T00:00:00,2026-02-20T00:00:00,2135,2196,62,TERMINAL_FRAGMENT_LT_63,0
XAGUSD,126,train,2024-07-12T00:00:00,2024-07-12T00:00:00,4047,4047,1,MISSING_NEXT_RETURN,0
XAGUSD,126,train,2024-06-19T00:00:00,2024-07-11T00:00:00,4030,4046,17,TERMINAL_FRAGMENT_LT_63,0
XAGUSD,126,validation,2026-02-23T00:00:00,2026-02-23T00:00:00,4463,4463,1,MISSING_NEXT_RETURN,0
XAGUSD,126,validation,2025-12-31T00:00:00,2026-02-20T00:00:00,4426,4462,37,TERMINAL_FRAGMENT_LT_63,0
XAUAUD,126,train,2025-05-01T00:00:00,2025-05-01T00:00:00,2198,2198,1,MISSING_NEXT_RETURN,0
XAUAUD,126,train,2025-02-07T00:00:00,2025-04-30T00:00:00,2140,2197,58,TERMINAL_FRAGMENT_LT_63,0
XAUAUD,126,validation,2026-02-23T00:00:00,2026-02-23T00:00:00,2408,2408,1,MISSING_NEXT_RETURN,0
XAUAUD,126,validation,2026-01-26T00:00:00,2026-02-20T00:00:00,2388,2407,20,TERMINAL_FRAGMENT_LT_63,0
XAUEUR,126,train,2025-05-01T00:00:00,2025-05-01T00:00:00,2200,2200,1,MISSING_NEXT_RETURN,0
XAUEUR,126,train,2025-02-05T00:00:00,2025-04-30T00:00:00,2140,2199,60,TERMINAL_FRAGMENT_LT_63,0
XAUEUR,126,validation,2026-02-23T00:00:00,2026-02-23T00:00:00,2410,2410,1,MISSING_NEXT_RETURN,0
XAUEUR,126,validation,2026-01-26T00:00:00,2026-02-20T00:00:00,2390,2409,20,TERMINAL_FRAGMENT_LT_63,0
XAUUSD,126,train,2024-02-07T00:00:00,2024-02-07T00:00:00,5055,5055,1,MISSING_NEXT_RETURN,0
XAUUSD,126,train,2024-01-15T00:00:00,2024-02-06T00:00:00,5038,5054,17,TERMINAL_FRAGMENT_LT_63,0
XAUUSD,126,validation,2026-02-23T00:00:00,2026-02-23T00:00:00,5582,5582,1,MISSING_NEXT_RETURN,0
XAUUSD,126,validation,2026-01-22T00:00:00,2026-02-20T00:00:00,5560,5581,22,TERMINAL_FRAGMENT_LT_63,0
XPDUSD,126,train,2025-03-12T00:00:00,2025-03-12T00:00:00,2516,2516,1,MISSING_NEXT_RETURN,0
XPDUSD,126,train,2024-12-13T00:00:00,2025-03-11T00:00:00,2455,2515,61,TERMINAL_FRAGMENT_LT_63,0
XPDUSD,126,validation,2026-02-23T00:00:00,2026-02-23T00:00:00,2761,2761,1,MISSING_NEXT_RETURN,0
XPDUSD,126,validation,2025-12-04T00:00:00,2026-02-20T00:00:00,2706,2760,55,TERMINAL_FRAGMENT_LT_63,0
XPTUSD,126,train,2025-03-10T00:00:00,2025-03-10T00:00:00,2527,2527,1,MISSING_NEXT_RETURN,0
XPTUSD,126,train,2025-02-25T00:00:00,2025-03-07T00:00:00,2518,2526,9,TERMINAL_FRAGMENT_LT_63,0
XPTUSD,126,validation,2026-02-23T00:00:00,2026-02-23T00:00:00,2774,2774,1,MISSING_NEXT_RETURN,0
XPTUSD,126,validation,2025-12-02T00:00:00,2026-02-20T00:00:00,2717,2773,57,TERMINAL_FRAGMENT_LT_63,0
