asset_id,lbw,state,missing_reason,cpd_csv_path,row_count,canonical_row_count,first_timestamp,last_timestamp,success_count,retry_success_count,fallback_previous_count,baseline_failure_count,changepoint_failure_count,invalid_window_count,output_row_count,retry_used_count,fallback_used_count
COCOA.c,10,present,,artifacts/features/cpd/lbw_10/COCOA.c_cpd.csv,776,776,2023-01-19T00:00:00,2026-02-20T00:00:00,764,1,0,0,0,11,765,1,0
COCOA.c,21,present,,artifacts/features/cpd/lbw_21/COCOA.c_cpd.csv,776,776,2023-01-19T00:00:00,2026-02-20T00:00:00,751,3,0,0,0,22,754,3,0
COCOA.c,63,present,,artifacts/features/cpd/lbw_63/COCOA.c_cpd.csv,776,776,2023-01-19T00:00:00,2026-02-20T00:00:00,712,0,0,0,0,64,712,0,0
COCOA.c,126,present,,artifacts/features/cpd/lbw_126/COCOA.c_cpd.csv,776,776,2023-01-19T00:00:00,2026-02-20T00:00:00,648,1,0,0,0,127,649,1,0
COCOA.c,252,present,,artifacts/features/cpd/lbw_252/COCOA.c_cpd.csv,776,776,2023-01-19T00:00:00,2026-02-20T00:00:00,523,0,0,0,0,253,523,0,0
COFFEE.c,10,present,,artifacts/features/cpd/lbw_10/COFFEE.c_cpd.csv,776,776,2023-01-19T00:00:00,2026-02-20T00:00:00,762,3,0,0,0,11,765,3,0
COFFEE.c,21,present,,artifacts/features/cpd/lbw_21/COFFEE.c_cpd.csv,776,776,2023-01-19T00:00:00,2026-02-20T00:00:00,754,0,0,0,0,22,754,0,0
COFFEE.c,63,present,,artifacts/features/cpd/lbw_63/COFFEE.c_cpd.csv,776,776,2023-01-19T00:00:00,2026-02-20T00:00:00,712,0,0,0,0,64,712,0,0
COFFEE.c,126,present,,artifacts/features/cpd/lbw_126/COFFEE.c_cpd.csv,776,776,2023-01-19T00:00:00,2026-02-20T00:00:00,648,1,0,0,0,127,649,1,0
COFFEE.c,252,present,,artifacts/features/cpd/lbw_252/COFFEE.c_cpd.csv,776,776,2023-01-19T00:00:00,2026-02-20T00:00:00,523,0,0,0,0,253,523,0,0
CORN.c,10,present,,artifacts/features/cpd/lbw_10/CORN.c_cpd.csv,728,728,2023-03-30T00:00:00,2026-02-23T00:00:00,717,0,0,0,0,11,717,0,0
CORN.c,21,present,,artifacts/features/cpd/lbw_21/CORN.c_cpd.csv,728,728,2023-03-30T00:00:00,2026-02-23T00:00:00,703,3,0,0,0,22,706,3,0
CORN.c,63,present,,artifacts/features/cpd/lbw_63/CORN.c_cpd.csv,728,728,2023-03-30T00:00:00,2026-02-23T00:00:00,664,0,0,0,0,64,664,0,0
CORN.c,126,present,,artifacts/features/cpd/lbw_126/CORN.c_cpd.csv,728,728,2023-03-30T00:00:00,2026-02-23T00:00:00,601,0,0,0,0,127,601,0,0
CORN.c,252,present,,artifacts/features/cpd/lbw_252/CORN.c_cpd.csv,728,728,2023-03-30T00:00:00,2026-02-23T00:00:00,474,1,0,0,0,253,475,1,0
SOYBEAN.c,10,present,,artifacts/features/cpd/lbw_10/SOYBEAN.c_cpd.csv,641,641,2023-08-04T00:00:00,2026-02-23T00:00:00,628,1,1,0,0,11,630,2,1
SOYBEAN.c,21,present,,artifacts/features/cpd/lbw_21/SOYBEAN.c_cpd.csv,641,641,2023-08-04T00:00:00,2026-02-23T00:00:00,619,0,0,0,0,22,619,0,0
SOYBEAN.c,63,present,,artifacts/features/cpd/lbw_63/SOYBEAN.c_cpd.csv,641,641,2023-08-04T00:00:00,2026-02-23T00:00:00,577,0,0,0,0,64,577,0,0
SOYBEAN.c,126,present,,artifacts/features/cpd/lbw_126/SOYBEAN.c_cpd.csv,641,641,2023-08-04T00:00:00,2026-02-23T00:00:00,514,0,0,0,0,127,514,0,0
SOYBEAN.c,252,present,,artifacts/features/cpd/lbw_252/SOYBEAN.c_cpd.csv,641,641,2023-08-04T00:00:00,2026-02-23T00:00:00,388,0,0,0,0,253,388,0,0
WHEAT.c,10,present,,artifacts/features/cpd/lbw_10/WHEAT.c_cpd.csv,731,731,2023-03-27T00:00:00,2026-02-23T00:00:00,719,1,0,0,0,11,720,1,0
WHEAT.c,21,present,,artifacts/features/cpd/lbw_21/WHEAT.c_cpd.csv,731,731,2023-03-27T00:00:00,2026-02-23T00:00:00,709,0,0,0,0,22,709,0,0
WHEAT.c,63,present,,artifacts/features/cpd/lbw_63/WHEAT.c_cpd.csv,731,731,2023-03-27T00:00:00,2026-02-23T00:00:00,667,0,0,0,0,64,667,0,0
WHEAT.c,126,present,,artifacts/features/cpd/lbw_126/WHEAT.c_cpd.csv,731,731,2023-03-27T00:00:00,2026-02-23T00:00:00,604,0,0,0,0,127,604,0,0
WHEAT.c,252,present,,artifacts/features/cpd/lbw_252/WHEAT.c_cpd.csv,731,731,2023-03-27T00:00:00,2026-02-23T00:00:00,478,0,0,0,0,253,478,0,0
GER40.cash,10,present,,artifacts/features/cpd/lbw_10/GER40.cash_cpd.csv,1941,1941,2017-12-28T00:00:00,2026-02-23T00:00:00,1924,4,2,0,0,11,1930,6,2
GER40.cash,21,present,,artifacts/features/cpd/lbw_21/GER40.cash_cpd.csv,1941,1941,2017-12-28T00:00:00,2026-02-23T00:00:00,1918,0,1,0,0,22,1919,1,1
GER40.cash,63,present,,artifacts/features/cpd/lbw_63/GER40.cash_cpd.csv,1941,1941,2017-12-28T00:00:00,2026-02-23T00:00:00,1877,0,0,0,0,64,1877,0,0
GER40.cash,126,present,,artifacts/features/cpd/lbw_126/GER40.cash_cpd.csv,1941,1941,2017-12-28T00:00:00,2026-02-23T00:00:00,1814,0,0,0,0,127,1814,0,0
GER40.cash,252,present,,artifacts/features/cpd/lbw_252/GER40.cash_cpd.csv,1941,1941,2017-12-28T00:00:00,2026-02-23T00:00:00,1688,0,0,0,0,253,1688,0,0
UK100.cash,10,present,,artifacts/features/cpd/lbw_10/UK100.cash_cpd.csv,2115,2115,2017-12-28T00:00:00,2026-02-23T00:00:00,2098,4,2,0,0,11,2104,6,2
UK100.cash,21,present,,artifacts/features/cpd/lbw_21/UK100.cash_cpd.csv,2115,2115,2017-12-28T00:00:00,2026-02-23T00:00:00,2088,5,0,0,0,22,2093,5,0
UK100.cash,63,present,,artifacts/features/cpd/lbw_63/UK100.cash_cpd.csv,2115,2115,2017-12-28T00:00:00,2026-02-23T00:00:00,2051,0,0,0,0,64,2051,0,0
UK100.cash,126,present,,artifacts/features/cpd/lbw_126/UK100.cash_cpd.csv,2115,2115,2017-12-28T00:00:00,2026-02-23T00:00:00,1988,0,0,0,0,127,1988,0,0
UK100.cash,252,present,,artifacts/features/cpd/lbw_252/UK100.cash_cpd.csv,2115,2115,2017-12-28T00:00:00,2026-02-23T00:00:00,1862,0,0,0,0,253,1862,0,0
US100.cash,10,present,,artifacts/features/cpd/lbw_10/US100.cash_cpd.csv,2106,2106,2017-12-29T00:00:00,2026-02-23T00:00:00,2092,3,0,0,0,11,2095,3,0
US100.cash,21,present,,artifacts/features/cpd/lbw_21/US100.cash_cpd.csv,2106,2106,2017-12-29T00:00:00,2026-02-23T00:00:00,2083,1,0,0,0,22,2084,1,0
US100.cash,63,present,,artifacts/features/cpd/lbw_63/US100.cash_cpd.csv,2106,2106,2017-12-29T00:00:00,2026-02-23T00:00:00,2041,1,0,0,0,64,2042,1,0
US100.cash,126,present,,artifacts/features/cpd/lbw_126/US100.cash_cpd.csv,2106,2106,2017-12-29T00:00:00,2026-02-23T00:00:00,1979,0,0,0,0,127,1979,0,0
US100.cash,252,present,,artifacts/features/cpd/lbw_252/US100.cash_cpd.csv,2106,2106,2017-12-29T00:00:00,2026-02-23T00:00:00,1853,0,0,0,0,253,1853,0,0
US30.cash,10,present,,artifacts/features/cpd/lbw_10/US30.cash_cpd.csv,1799,1799,2019-02-08T00:00:00,2026-02-23T00:00:00,1785,3,0,0,0,11,1788,3,0
US30.cash,21,present,,artifacts/features/cpd/lbw_21/US30.cash_cpd.csv,1799,1799,2019-02-08T00:00:00,2026-02-23T00:00:00,1776,1,0,0,0,22,1777,1,0
US30.cash,63,present,,artifacts/features/cpd/lbw_63/US30.cash_cpd.csv,1799,1799,2019-02-08T00:00:00,2026-02-23T00:00:00,1735,0,0,0,0,64,1735,0,0
US30.cash,126,present,,artifacts/features/cpd/lbw_126/US30.cash_cpd.csv,1799,1799,2019-02-08T00:00:00,2026-02-23T00:00:00,1672,0,0,0,0,127,1672,0,0
US30.cash,252,present,,artifacts/features/cpd/lbw_252/US30.cash_cpd.csv,1799,1799,2019-02-08T00:00:00,2026-02-23T00:00:00,1546,0,0,0,0,253,1546,0,0
US500.cash,10,present,,artifacts/features/cpd/lbw_10/US500.cash_cpd.csv,2106,2106,2017-12-29T00:00:00,2026-02-23T00:00:00,2089,6,0,0,0,11,2095,6,0
US500.cash,21,present,,artifacts/features/cpd/lbw_21/US500.cash_cpd.csv,2106,2106,2017-12-29T00:00:00,2026-02-23T00:00:00,2083,1,0,0,0,22,2084,1,0
US500.cash,63,present,,artifacts/features/cpd/lbw_63/US500.cash_cpd.csv,2106,2106,2017-12-29T00:00:00,2026-02-23T00:00:00,2041,1,0,0,0,64,2042,1,0
US500.cash,126,present,,artifacts/features/cpd/lbw_126/US500.cash_cpd.csv,2106,2106,2017-12-29T00:00:00,2026-02-23T00:00:00,1979,0,0,0,0,127,1979,0,0
US500.cash,252,present,,artifacts/features/cpd/lbw_252/US500.cash_cpd.csv,2106,2106,2017-12-29T00:00:00,2026-02-23T00:00:00,1853,0,0,0,0,253,1853,0,0
AUS200.cash,10,present,,artifacts/features/cpd/lbw_10/AUS200.cash_cpd.csv,1780,1780,2019-02-08T00:00:00,2026-02-23T00:00:00,1767,1,1,0,0,11,1769,2,1
AUS200.cash,21,present,,artifacts/features/cpd/lbw_21/AUS200.cash_cpd.csv,1780,1780,2019-02-08T00:00:00,2026-02-23T00:00:00,1758,0,0,0,0,22,1758,0,0
AUS200.cash,63,present,,artifacts/features/cpd/lbw_63/AUS200.cash_cpd.csv,1780,1780,2019-02-08T00:00:00,2026-02-23T00:00:00,1715,1,0,0,0,64,1716,1,0
AUS200.cash,126,present,,artifacts/features/cpd/lbw_126/AUS200.cash_cpd.csv,1780,1780,2019-02-08T00:00:00,2026-02-23T00:00:00,1653,0,0,0,0,127,1653,0,0
AUS200.cash,252,present,,artifacts/features/cpd/lbw_252/AUS200.cash_cpd.csv,1780,1780,2019-02-08T00:00:00,2026-02-23T00:00:00,1527,0,0,0,0,253,1527,0,0
EU50.cash,10,present,,artifacts/features/cpd/lbw_10/EU50.cash_cpd.csv,2075,2075,2017-12-29T00:00:00,2026-02-20T00:00:00,2058,5,1,0,0,11,2064,6,1
EU50.cash,21,present,,artifacts/features/cpd/lbw_21/EU50.cash_cpd.csv,2075,2075,2017-12-29T00:00:00,2026-02-20T00:00:00,2051,1,1,0,0,22,2053,2,1
EU50.cash,63,present,,artifacts/features/cpd/lbw_63/EU50.cash_cpd.csv,2075,2075,2017-12-29T00:00:00,2026-02-20T00:00:00,2011,0,0,0,0,64,2011,0,0
EU50.cash,126,present,,artifacts/features/cpd/lbw_126/EU50.cash_cpd.csv,2075,2075,2017-12-29T00:00:00,2026-02-20T00:00:00,1947,1,0,0,0,127,1948,1,0
EU50.cash,252,present,,artifacts/features/cpd/lbw_252/EU50.cash_cpd.csv,2075,2075,2017-12-29T00:00:00,2026-02-20T00:00:00,1822,0,0,0,0,253,1822,0,0
FRA40.cash,10,present,,artifacts/features/cpd/lbw_10/FRA40.cash_cpd.csv,2085,2085,2017-12-29T00:00:00,2026-02-20T00:00:00,2068,6,0,0,0,11,2074,6,0
FRA40.cash,21,present,,artifacts/features/cpd/lbw_21/FRA40.cash_cpd.csv,2085,2085,2017-12-29T00:00:00,2026-02-20T00:00:00,2055,8,0,0,0,22,2063,8,0
FRA40.cash,63,present,,artifacts/features/cpd/lbw_63/FRA40.cash_cpd.csv,2085,2085,2017-12-29T00:00:00,2026-02-20T00:00:00,2020,1,0,0,0,64,2021,1,0
FRA40.cash,126,present,,artifacts/features/cpd/lbw_126/FRA40.cash_cpd.csv,2085,2085,2017-12-29T00:00:00,2026-02-20T00:00:00,1958,0,0,0,0,127,1958,0,0
FRA40.cash,252,present,,artifacts/features/cpd/lbw_252/FRA40.cash_cpd.csv,2085,2085,2017-12-29T00:00:00,2026-02-20T00:00:00,1832,0,0,0,0,253,1832,0,0
HK50.cash,10,present,,artifacts/features/cpd/lbw_10/HK50.cash_cpd.csv,1771,1771,2018-12-17T00:00:00,2026-02-23T00:00:00,1753,5,2,0,0,11,1760,7,2
HK50.cash,21,present,,artifacts/features/cpd/lbw_21/HK50.cash_cpd.csv,1771,1771,2018-12-17T00:00:00,2026-02-23T00:00:00,1747,1,1,0,0,22,1749,2,1
HK50.cash,63,present,,artifacts/features/cpd/lbw_63/HK50.cash_cpd.csv,1771,1771,2018-12-17T00:00:00,2026-02-23T00:00:00,1707,0,0,0,0,64,1707,0,0
HK50.cash,126,present,,artifacts/features/cpd/lbw_126/HK50.cash_cpd.csv,1771,1771,2018-12-17T00:00:00,2026-02-23T00:00:00,1644,0,0,0,0,127,1644,0,0
HK50.cash,252,present,,artifacts/features/cpd/lbw_252/HK50.cash_cpd.csv,1771,1771,2018-12-17T00:00:00,2026-02-23T00:00:00,1518,0,0,0,0,253,1518,0,0
JP225.cash,10,present,,artifacts/features/cpd/lbw_10/JP225.cash_cpd.csv,2159,2159,2017-12-28T00:00:00,2026-02-23T00:00:00,2141,5,2,0,0,11,2148,7,2
JP225.cash,21,present,,artifacts/features/cpd/lbw_21/JP225.cash_cpd.csv,2159,2159,2017-12-28T00:00:00,2026-02-23T00:00:00,2134,3,0,0,0,22,2137,3,0
JP225.cash,63,present,,artifacts/features/cpd/lbw_63/JP225.cash_cpd.csv,2159,2159,2017-12-28T00:00:00,2026-02-23T00:00:00,2095,0,0,0,0,64,2095,0,0
JP225.cash,126,present,,artifacts/features/cpd/lbw_126/JP225.cash_cpd.csv,2159,2159,2017-12-28T00:00:00,2026-02-23T00:00:00,2031,1,0,0,0,127,2032,1,0
JP225.cash,252,present,,artifacts/features/cpd/lbw_252/JP225.cash_cpd.csv,2159,2159,2017-12-28T00:00:00,2026-02-23T00:00:00,1906,0,0,0,0,253,1906,0,0
N25.cash,10,present,,artifacts/features/cpd/lbw_10/N25.cash_cpd.csv,1200,1200,2020-11-12T00:00:00,2026-02-20T00:00:00,1186,3,0,0,0,11,1189,3,0
N25.cash,21,present,,artifacts/features/cpd/lbw_21/N25.cash_cpd.csv,1200,1200,2020-11-12T00:00:00,2026-02-20T00:00:00,1178,0,0,0,0,22,1178,0,0
N25.cash,63,present,,artifacts/features/cpd/lbw_63/N25.cash_cpd.csv,1200,1200,2020-11-12T00:00:00,2026-02-20T00:00:00,1136,0,0,0,0,64,1136,0,0
N25.cash,126,present,,artifacts/features/cpd/lbw_126/N25.cash_cpd.csv,1200,1200,2020-11-12T00:00:00,2026-02-20T00:00:00,1073,0,0,0,0,127,1073,0,0
N25.cash,252,present,,artifacts/features/cpd/lbw_252/N25.cash_cpd.csv,1200,1200,2020-11-12T00:00:00,2026-02-20T00:00:00,947,0,0,0,0,253,947,0,0
SPN35.cash,10,present,,artifacts/features/cpd/lbw_10/SPN35.cash_cpd.csv,1353,1353,2020-11-09T00:00:00,2026-02-20T00:00:00,1335,6,1,0,0,11,1342,7,1
SPN35.cash,21,present,,artifacts/features/cpd/lbw_21/SPN35.cash_cpd.csv,1353,1353,2020-11-09T00:00:00,2026-02-20T00:00:00,1329,2,0,0,0,22,1331,2,0
SPN35.cash,63,present,,artifacts/features/cpd/lbw_63/SPN35.cash_cpd.csv,1353,1353,2020-11-09T00:00:00,2026-02-20T00:00:00,1289,0,0,0,0,64,1289,0,0
SPN35.cash,126,present,,artifacts/features/cpd/lbw_126/SPN35.cash_cpd.csv,1353,1353,2020-11-09T00:00:00,2026-02-20T00:00:00,1226,0,0,0,0,127,1226,0,0
SPN35.cash,252,present,,artifacts/features/cpd/lbw_252/SPN35.cash_cpd.csv,1353,1353,2020-11-09T00:00:00,2026-02-20T00:00:00,1100,0,0,0,0,253,1100,0,0
UKOIL.cash,10,present,,artifacts/features/cpd/lbw_10/UKOIL.cash_cpd.csv,2539,2539,2016-04-22T00:00:00,2026-02-23T00:00:00,2524,3,1,0,0,11,2528,4,1
UKOIL.cash,21,present,,artifacts/features/cpd/lbw_21/UKOIL.cash_cpd.csv,2539,2539,2016-04-22T00:00:00,2026-02-23T00:00:00,2513,3,1,0,0,22,2517,4,1
UKOIL.cash,63,present,,artifacts/features/cpd/lbw_63/UKOIL.cash_cpd.csv,2539,2539,2016-04-22T00:00:00,2026-02-23T00:00:00,2475,0,0,0,0,64,2475,0,0
UKOIL.cash,126,present,,artifacts/features/cpd/lbw_126/UKOIL.cash_cpd.csv,2539,2539,2016-04-22T00:00:00,2026-02-23T00:00:00,2412,0,0,0,0,127,2412,0,0
UKOIL.cash,252,present,,artifacts/features/cpd/lbw_252/UKOIL.cash_cpd.csv,2539,2539,2016-04-22T00:00:00,2026-02-23T00:00:00,2286,0,0,0,0,253,2286,0,0
US2000.cash,10,present,,artifacts/features/cpd/lbw_10/US2000.cash_cpd.csv,2087,2087,2018-01-23T00:00:00,2026-02-23T00:00:00,2071,4,1,0,0,11,2076,5,1
US2000.cash,21,present,,artifacts/features/cpd/lbw_21/US2000.cash_cpd.csv,2087,2087,2018-01-23T00:00:00,2026-02-23T00:00:00,2061,4,0,0,0,22,2065,4,0
US2000.cash,63,present,,artifacts/features/cpd/lbw_63/US2000.cash_cpd.csv,2087,2087,2018-01-23T00:00:00,2026-02-23T00:00:00,2022,1,0,0,0,64,2023,1,0
US2000.cash,126,present,,artifacts/features/cpd/lbw_126/US2000.cash_cpd.csv,2087,2087,2018-01-23T00:00:00,2026-02-23T00:00:00,1960,0,0,0,0,127,1960,0,0
US2000.cash,252,present,,artifacts/features/cpd/lbw_252/US2000.cash_cpd.csv,2087,2087,2018-01-23T00:00:00,2026-02-23T00:00:00,1834,0,0,0,0,253,1834,0,0
USOIL.cash,10,present,,artifacts/features/cpd/lbw_10/USOIL.cash_cpd.csv,1329,1329,2020-12-31T00:00:00,2026-02-23T00:00:00,1314,4,0,0,0,11,1318,4,0
USOIL.cash,21,present,,artifacts/features/cpd/lbw_21/USOIL.cash_cpd.csv,1329,1329,2020-12-31T00:00:00,2026-02-23T00:00:00,1305,2,0,0,0,22,1307,2,0
USOIL.cash,63,present,,artifacts/features/cpd/lbw_63/USOIL.cash_cpd.csv,1329,1329,2020-12-31T00:00:00,2026-02-23T00:00:00,1265,0,0,0,0,64,1265,0,0
USOIL.cash,126,present,,artifacts/features/cpd/lbw_126/USOIL.cash_cpd.csv,1329,1329,2020-12-31T00:00:00,2026-02-23T00:00:00,1202,0,0,0,0,127,1202,0,0
USOIL.cash,252,present,,artifacts/features/cpd/lbw_252/USOIL.cash_cpd.csv,1329,1329,2020-12-31T00:00:00,2026-02-23T00:00:00,1076,0,0,0,0,253,1076,0,0
DXY.cash,10,present,,artifacts/features/cpd/lbw_10/DXY.cash_cpd.csv,320,320,2024-11-26T00:00:00,2026-02-23T00:00:00,306,3,0,0,0,11,309,3,0
DXY.cash,21,present,,artifacts/features/cpd/lbw_21/DXY.cash_cpd.csv,320,320,2024-11-26T00:00:00,2026-02-23T00:00:00,297,1,0,0,0,22,298,1,0
DXY.cash,63,present,,artifacts/features/cpd/lbw_63/DXY.cash_cpd.csv,320,320,2024-11-26T00:00:00,2026-02-23T00:00:00,256,0,0,0,0,64,256,0,0
DXY.cash,126,present,,artifacts/features/cpd/lbw_126/DXY.cash_cpd.csv,320,320,2024-11-26T00:00:00,2026-02-23T00:00:00,193,0,0,0,0,127,193,0,0
DXY.cash,252,present,,artifacts/features/cpd/lbw_252/DXY.cash_cpd.csv,320,320,2024-11-26T00:00:00,2026-02-23T00:00:00,67,0,0,0,0,253,67,0,0
NATGAS.cash,10,present,,artifacts/features/cpd/lbw_10/NATGAS.cash_cpd.csv,344,344,2024-10-23T00:00:00,2026-02-23T00:00:00,332,0,1,0,0,11,333,1,1
NATGAS.cash,21,present,,artifacts/features/cpd/lbw_21/NATGAS.cash_cpd.csv,344,344,2024-10-23T00:00:00,2026-02-23T00:00:00,321,1,0,0,0,22,322,1,0
NATGAS.cash,63,present,,artifacts/features/cpd/lbw_63/NATGAS.cash_cpd.csv,344,344,2024-10-23T00:00:00,2026-02-23T00:00:00,280,0,0,0,0,64,280,0,0
NATGAS.cash,126,present,,artifacts/features/cpd/lbw_126/NATGAS.cash_cpd.csv,344,344,2024-10-23T00:00:00,2026-02-23T00:00:00,217,0,0,0,0,127,217,0,0
NATGAS.cash,252,present,,artifacts/features/cpd/lbw_252/NATGAS.cash_cpd.csv,344,344,2024-10-23T00:00:00,2026-02-23T00:00:00,91,0,0,0,0,253,91,0,0
ADAUSD,10,present,,artifacts/features/cpd/lbw_10/ADAUSD_cpd.csv,1623,1623,2021-09-08T00:00:00,2026-02-23T00:00:00,1608,3,1,0,0,11,1612,4,1
ADAUSD,21,present,,artifacts/features/cpd/lbw_21/ADAUSD_cpd.csv,1623,1623,2021-09-08T00:00:00,2026-02-23T00:00:00,1601,0,0,0,0,22,1601,0,0
ADAUSD,63,present,,artifacts/features/cpd/lbw_63/ADAUSD_cpd.csv,1623,1623,2021-09-08T00:00:00,2026-02-23T00:00:00,1559,0,0,0,0,64,1559,0,0
ADAUSD,126,present,,artifacts/features/cpd/lbw_126/ADAUSD_cpd.csv,1623,1623,2021-09-08T00:00:00,2026-02-23T00:00:00,1496,0,0,0,0,127,1496,0,0
ADAUSD,252,present,,artifacts/features/cpd/lbw_252/ADAUSD_cpd.csv,1623,1623,2021-09-08T00:00:00,2026-02-23T00:00:00,1370,0,0,0,0,253,1370,0,0
AVAUSD,10,present,,artifacts/features/cpd/lbw_10/AVAUSD_cpd.csv,1975,1975,2020-09-22T00:00:00,2026-02-23T00:00:00,1962,1,1,0,0,11,1964,2,1
AVAUSD,21,present,,artifacts/features/cpd/lbw_21/AVAUSD_cpd.csv,1975,1975,2020-09-22T00:00:00,2026-02-23T00:00:00,1946,7,0,0,0,22,1953,7,0
AVAUSD,63,present,,artifacts/features/cpd/lbw_63/AVAUSD_cpd.csv,1975,1975,2020-09-22T00:00:00,2026-02-23T00:00:00,1911,0,0,0,0,64,1911,0,0
AVAUSD,126,present,,artifacts/features/cpd/lbw_126/AVAUSD_cpd.csv,1975,1975,2020-09-22T00:00:00,2026-02-23T00:00:00,1848,0,0,0,0,127,1848,0,0
AVAUSD,252,present,,artifacts/features/cpd/lbw_252/AVAUSD_cpd.csv,1975,1975,2020-09-22T00:00:00,2026-02-23T00:00:00,1722,0,0,0,0,253,1722,0,0
BCHUSD,10,present,,artifacts/features/cpd/lbw_10/BCHUSD_cpd.csv,3072,3072,2017-09-21T00:00:00,2026-02-23T00:00:00,3047,14,0,0,0,11,3061,14,0
BCHUSD,21,present,,artifacts/features/cpd/lbw_21/BCHUSD_cpd.csv,3072,3072,2017-09-21T00:00:00,2026-02-23T00:00:00,3048,1,1,0,0,22,3050,2,1
BCHUSD,63,present,,artifacts/features/cpd/lbw_63/BCHUSD_cpd.csv,3072,3072,2017-09-21T00:00:00,2026-02-23T00:00:00,3008,0,0,0,0,64,3008,0,0
BCHUSD,126,present,,artifacts/features/cpd/lbw_126/BCHUSD_cpd.csv,3072,3072,2017-09-21T00:00:00,2026-02-23T00:00:00,2945,0,0,0,0,127,2945,0,0
BCHUSD,252,present,,artifacts/features/cpd/lbw_252/BCHUSD_cpd.csv,3072,3072,2017-09-21T00:00:00,2026-02-23T00:00:00,2818,1,0,0,0,253,2819,1,0
BTCUSD,10,present,,artifacts/features/cpd/lbw_10/BTCUSD_cpd.csv,5341,5341,2011-03-24T00:00:00,2026-02-23T00:00:00,5312,17,1,0,0,11,5330,18,1
BTCUSD,21,present,,artifacts/features/cpd/lbw_21/BTCUSD_cpd.csv,5341,5341,2011-03-24T00:00:00,2026-02-23T00:00:00,5313,3,3,0,0,22,5319,6,3
BTCUSD,63,present,,artifacts/features/cpd/lbw_63/BTCUSD_cpd.csv,5341,5341,2011-03-24T00:00:00,2026-02-23T00:00:00,5275,2,0,0,0,64,5277,2,0
BTCUSD,126,present,,artifacts/features/cpd/lbw_126/BTCUSD_cpd.csv,5341,5341,2011-03-24T00:00:00,2026-02-23T00:00:00,5212,2,0,0,0,127,5214,2,0
BTCUSD,252,present,,artifacts/features/cpd/lbw_252/BTCUSD_cpd.csv,5341,5341,2011-03-24T00:00:00,2026-02-23T00:00:00,5088,0,0,0,0,253,5088,0,0
DASHUSD,10,present,,artifacts/features/cpd/lbw_10/DASHUSD_cpd.csv,1918,1918,2020-11-11T00:00:00,2026-02-23T00:00:00,1898,9,0,0,0,11,1907,9,0
DASHUSD,21,present,,artifacts/features/cpd/lbw_21/DASHUSD_cpd.csv,1918,1918,2020-11-11T00:00:00,2026-02-23T00:00:00,1893,1,2,0,0,22,1896,3,2
DASHUSD,63,present,,artifacts/features/cpd/lbw_63/DASHUSD_cpd.csv,1918,1918,2020-11-11T00:00:00,2026-02-23T00:00:00,1854,0,0,0,0,64,1854,0,0
DASHUSD,126,present,,artifacts/features/cpd/lbw_126/DASHUSD_cpd.csv,1918,1918,2020-11-11T00:00:00,2026-02-23T00:00:00,1789,2,0,0,0,127,1791,2,0
DASHUSD,252,present,,artifacts/features/cpd/lbw_252/DASHUSD_cpd.csv,1918,1918,2020-11-11T00:00:00,2026-02-23T00:00:00,1664,1,0,0,0,253,1665,1,0
DOTUSD,10,present,,artifacts/features/cpd/lbw_10/DOTUSD_cpd.csv,1623,1623,2021-09-08T00:00:00,2026-02-23T00:00:00,1609,3,0,0,0,11,1612,3,0
DOTUSD,21,present,,artifacts/features/cpd/lbw_21/DOTUSD_cpd.csv,1623,1623,2021-09-08T00:00:00,2026-02-23T00:00:00,1600,1,0,0,0,22,1601,1,0
DOTUSD,63,present,,artifacts/features/cpd/lbw_63/DOTUSD_cpd.csv,1623,1623,2021-09-08T00:00:00,2026-02-23T00:00:00,1559,0,0,0,0,64,1559,0,0
DOTUSD,126,present,,artifacts/features/cpd/lbw_126/DOTUSD_cpd.csv,1623,1623,2021-09-08T00:00:00,2026-02-23T00:00:00,1496,0,0,0,0,127,1496,0,0
DOTUSD,252,present,,artifacts/features/cpd/lbw_252/DOTUSD_cpd.csv,1623,1623,2021-09-08T00:00:00,2026-02-23T00:00:00,1370,0,0,0,0,253,1370,0,0
ETCUSD,10,present,,artifacts/features/cpd/lbw_10/ETCUSD_cpd.csv,3072,3072,2017-09-21T00:00:00,2026-02-23T00:00:00,3054,6,1,0,0,11,3061,7,1
ETCUSD,21,present,,artifacts/features/cpd/lbw_21/ETCUSD_cpd.csv,3072,3072,2017-09-21T00:00:00,2026-02-23T00:00:00,3049,1,0,0,0,22,3050,1,0
ETCUSD,63,present,,artifacts/features/cpd/lbw_63/ETCUSD_cpd.csv,3072,3072,2017-09-21T00:00:00,2026-02-23T00:00:00,3008,0,0,0,0,64,3008,0,0
ETCUSD,126,present,,artifacts/features/cpd/lbw_126/ETCUSD_cpd.csv,3072,3072,2017-09-21T00:00:00,2026-02-23T00:00:00,2945,0,0,0,0,127,2945,0,0
ETCUSD,252,present,,artifacts/features/cpd/lbw_252/ETCUSD_cpd.csv,3072,3072,2017-09-21T00:00:00,2026-02-23T00:00:00,2819,0,0,0,0,253,2819,0,0
ETHUSD,10,present,,artifacts/features/cpd/lbw_10/ETHUSD_cpd.csv,3270,3270,2016-05-02T00:00:00,2026-02-23T00:00:00,3247,10,2,0,0,11,3259,12,2
ETHUSD,21,present,,artifacts/features/cpd/lbw_21/ETHUSD_cpd.csv,3270,3270,2016-05-02T00:00:00,2026-02-23T00:00:00,3244,4,0,0,0,22,3248,4,0
ETHUSD,63,present,,artifacts/features/cpd/lbw_63/ETHUSD_cpd.csv,3270,3270,2016-05-02T00:00:00,2026-02-23T00:00:00,3204,2,0,0,0,64,3206,2,0
ETHUSD,126,present,,artifacts/features/cpd/lbw_126/ETHUSD_cpd.csv,3270,3270,2016-05-02T00:00:00,2026-02-23T00:00:00,3143,0,0,0,0,127,3143,0,0
ETHUSD,252,present,,artifacts/features/cpd/lbw_252/ETHUSD_cpd.csv,3270,3270,2016-05-02T00:00:00,2026-02-23T00:00:00,3017,0,0,0,0,253,3017,0,0
LTCUSD,10,present,,artifacts/features/cpd/lbw_10/LTCUSD_cpd.csv,5088,5088,2011-10-25T00:00:00,2026-02-23T00:00:00,4948,7,2,0,0,131,4957,9,2
LTCUSD,21,present,,artifacts/features/cpd/lbw_21/LTCUSD_cpd.csv,5088,5088,2011-10-25T00:00:00,2026-02-23T00:00:00,5011,5,1,0,0,71,5017,6,1
LTCUSD,63,present,,artifacts/features/cpd/lbw_63/LTCUSD_cpd.csv,5088,5088,2011-10-25T00:00:00,2026-02-23T00:00:00,5021,3,0,0,0,64,5024,3,0
LTCUSD,126,present,,artifacts/features/cpd/lbw_126/LTCUSD_cpd.csv,5088,5088,2011-10-25T00:00:00,2026-02-23T00:00:00,4952,5,4,0,0,127,4961,9,4
LTCUSD,252,present,,artifacts/features/cpd/lbw_252/LTCUSD_cpd.csv,5088,5088,2011-10-25T00:00:00,2026-02-23T00:00:00,4835,0,0,0,0,253,4835,0,0
XRPUSD,10,present,,artifacts/features/cpd/lbw_10/XRPUSD_cpd.csv,3385,3385,2016-05-16T00:00:00,2026-02-23T00:00:00,3143,7,0,0,0,235,3150,7,0
XRPUSD,21,present,,artifacts/features/cpd/lbw_21/XRPUSD_cpd.csv,3385,3385,2016-05-16T00:00:00,2026-02-23T00:00:00,3147,4,1,0,0,233,3152,5,1
XRPUSD,63,present,,artifacts/features/cpd/lbw_63/XRPUSD_cpd.csv,3385,3385,2016-05-16T00:00:00,2026-02-23T00:00:00,3148,3,1,0,0,233,3152,4,1
XRPUSD,126,present,,artifacts/features/cpd/lbw_126/XRPUSD_cpd.csv,3385,3385,2016-05-16T00:00:00,2026-02-23T00:00:00,3148,4,0,0,0,233,3152,4,0
XRPUSD,252,present,,artifacts/features/cpd/lbw_252/XRPUSD_cpd.csv,3385,3385,2016-05-16T00:00:00,2026-02-23T00:00:00,3127,5,0,0,0,253,3132,5,0
AAVUSD,10,present,,artifacts/features/cpd/lbw_10/AAVUSD_cpd.csv,1873,1873,2021-01-02T00:00:00,2026-02-23T00:00:00,1853,9,0,0,0,11,1862,9,0
AAVUSD,21,present,,artifacts/features/cpd/lbw_21/AAVUSD_cpd.csv,1873,1873,2021-01-02T00:00:00,2026-02-23T00:00:00,1849,2,0,0,0,22,1851,2,0
AAVUSD,63,present,,artifacts/features/cpd/lbw_63/AAVUSD_cpd.csv,1873,1873,2021-01-02T00:00:00,2026-02-23T00:00:00,1807,2,0,0,0,64,1809,2,0
AAVUSD,126,present,,artifacts/features/cpd/lbw_126/AAVUSD_cpd.csv,1873,1873,2021-01-02T00:00:00,2026-02-23T00:00:00,1746,0,0,0,0,127,1746,0,0
AAVUSD,252,present,,artifacts/features/cpd/lbw_252/AAVUSD_cpd.csv,1873,1873,2021-01-02T00:00:00,2026-02-23T00:00:00,1619,1,0,0,0,253,1620,1,0
ALGUSD,10,present,,artifacts/features/cpd/lbw_10/ALGUSD_cpd.csv,2312,2312,2019-09-19T00:00:00,2026-02-23T00:00:00,2286,3,1,0,0,22,2290,4,1
ALGUSD,21,present,,artifacts/features/cpd/lbw_21/ALGUSD_cpd.csv,2312,2312,2019-09-19T00:00:00,2026-02-23T00:00:00,2267,1,0,0,0,44,2268,1,0
ALGUSD,63,present,,artifacts/features/cpd/lbw_63/ALGUSD_cpd.csv,2312,2312,2019-09-19T00:00:00,2026-02-23T00:00:00,2183,1,0,0,0,128,2184,1,0
ALGUSD,126,present,,artifacts/features/cpd/lbw_126/ALGUSD_cpd.csv,2312,2312,2019-09-19T00:00:00,2026-02-23T00:00:00,2058,0,0,0,0,254,2058,0,0
ALGUSD,252,present,,artifacts/features/cpd/lbw_252/ALGUSD_cpd.csv,2312,2312,2019-09-19T00:00:00,2026-02-23T00:00:00,1846,0,0,0,0,466,1846,0,0
BARUSD,10,present,,artifacts/features/cpd/lbw_10/BARUSD_cpd.csv,1799,1799,2021-03-17T00:00:00,2026-02-23T00:00:00,1784,4,0,0,0,11,1788,4,0
BARUSD,21,present,,artifacts/features/cpd/lbw_21/BARUSD_cpd.csv,1799,1799,2021-03-17T00:00:00,2026-02-23T00:00:00,1775,2,0,0,0,22,1777,2,0
BARUSD,63,present,,artifacts/features/cpd/lbw_63/BARUSD_cpd.csv,1799,1799,2021-03-17T00:00:00,2026-02-23T00:00:00,1734,1,0,0,0,64,1735,1,0
BARUSD,126,present,,artifacts/features/cpd/lbw_126/BARUSD_cpd.csv,1799,1799,2021-03-17T00:00:00,2026-02-23T00:00:00,1671,1,0,0,0,127,1672,1,0
BARUSD,252,present,,artifacts/features/cpd/lbw_252/BARUSD_cpd.csv,1799,1799,2021-03-17T00:00:00,2026-02-23T00:00:00,1546,0,0,0,0,253,1546,0,0
BNBUSD,10,present,,artifacts/features/cpd/lbw_10/BNBUSD_cpd.csv,3130,3130,2017-07-25T00:00:00,2026-02-23T00:00:00,3110,8,1,0,0,11,3119,9,1
BNBUSD,21,present,,artifacts/features/cpd/lbw_21/BNBUSD_cpd.csv,3130,3130,2017-07-25T00:00:00,2026-02-23T00:00:00,3104,3,1,0,0,22,3108,4,1
BNBUSD,63,present,,artifacts/features/cpd/lbw_63/BNBUSD_cpd.csv,3130,3130,2017-07-25T00:00:00,2026-02-23T00:00:00,3066,0,0,0,0,64,3066,0,0
BNBUSD,126,present,,artifacts/features/cpd/lbw_126/BNBUSD_cpd.csv,3130,3130,2017-07-25T00:00:00,2026-02-23T00:00:00,3002,1,0,0,0,127,3003,1,0
BNBUSD,252,present,,artifacts/features/cpd/lbw_252/BNBUSD_cpd.csv,3130,3130,2017-07-25T00:00:00,2026-02-23T00:00:00,2877,0,0,0,0,253,2877,0,0
DOGEUSD,10,present,,artifacts/features/cpd/lbw_10/DOGEUSD_cpd.csv,1623,1623,2021-09-08T00:00:00,2026-02-23T00:00:00,1609,3,0,0,0,11,1612,3,0
DOGEUSD,21,present,,artifacts/features/cpd/lbw_21/DOGEUSD_cpd.csv,1623,1623,2021-09-08T00:00:00,2026-02-23T00:00:00,1597,2,2,0,0,22,1601,4,2
DOGEUSD,63,present,,artifacts/features/cpd/lbw_63/DOGEUSD_cpd.csv,1623,1623,2021-09-08T00:00:00,2026-02-23T00:00:00,1559,0,0,0,0,64,1559,0,0
DOGEUSD,126,present,,artifacts/features/cpd/lbw_126/DOGEUSD_cpd.csv,1623,1623,2021-09-08T00:00:00,2026-02-23T00:00:00,1496,0,0,0,0,127,1496,0,0
DOGEUSD,252,present,,artifacts/features/cpd/lbw_252/DOGEUSD_cpd.csv,1623,1623,2021-09-08T00:00:00,2026-02-23T00:00:00,1370,0,0,0,0,253,1370,0,0
FETUSD,10,present,,artifacts/features/cpd/lbw_10/FETUSD_cpd.csv,624,624,2024-06-04T00:00:00,2026-02-23T00:00:00,609,3,1,0,0,11,613,4,1
FETUSD,21,present,,artifacts/features/cpd/lbw_21/FETUSD_cpd.csv,624,624,2024-06-04T00:00:00,2026-02-23T00:00:00,602,0,0,0,0,22,602,0,0
FETUSD,63,present,,artifacts/features/cpd/lbw_63/FETUSD_cpd.csv,624,624,2024-06-04T00:00:00,2026-02-23T00:00:00,560,0,0,0,0,64,560,0,0
FETUSD,126,present,,artifacts/features/cpd/lbw_126/FETUSD_cpd.csv,624,624,2024-06-04T00:00:00,2026-02-23T00:00:00,497,0,0,0,0,127,497,0,0
FETUSD,252,present,,artifacts/features/cpd/lbw_252/FETUSD_cpd.csv,624,624,2024-06-04T00:00:00,2026-02-23T00:00:00,371,0,0,0,0,253,371,0,0
GALUSD,10,present,,artifacts/features/cpd/lbw_10/GALUSD_cpd.csv,1614,1614,2021-09-18T00:00:00,2026-02-23T00:00:00,1596,5,2,0,0,11,1603,7,2
GALUSD,21,present,,artifacts/features/cpd/lbw_21/GALUSD_cpd.csv,1614,1614,2021-09-18T00:00:00,2026-02-23T00:00:00,1589,3,0,0,0,22,1592,3,0
GALUSD,63,present,,artifacts/features/cpd/lbw_63/GALUSD_cpd.csv,1614,1614,2021-09-18T00:00:00,2026-02-23T00:00:00,1549,1,0,0,0,64,1550,1,0
GALUSD,126,present,,artifacts/features/cpd/lbw_126/GALUSD_cpd.csv,1614,1614,2021-09-18T00:00:00,2026-02-23T00:00:00,1486,1,0,0,0,127,1487,1,0
GALUSD,252,present,,artifacts/features/cpd/lbw_252/GALUSD_cpd.csv,1614,1614,2021-09-18T00:00:00,2026-02-23T00:00:00,1361,0,0,0,0,253,1361,0,0
GRTUSD,10,present,,artifacts/features/cpd/lbw_10/GRTUSD_cpd.csv,1872,1872,2021-01-02T00:00:00,2026-02-23T00:00:00,1856,5,0,0,0,11,1861,5,0
GRTUSD,21,present,,artifacts/features/cpd/lbw_21/GRTUSD_cpd.csv,1872,1872,2021-01-02T00:00:00,2026-02-23T00:00:00,1847,2,1,0,0,22,1850,3,1
GRTUSD,63,present,,artifacts/features/cpd/lbw_63/GRTUSD_cpd.csv,1872,1872,2021-01-02T00:00:00,2026-02-23T00:00:00,1807,1,0,0,0,64,1808,1,0
GRTUSD,126,present,,artifacts/features/cpd/lbw_126/GRTUSD_cpd.csv,1872,1872,2021-01-02T00:00:00,2026-02-23T00:00:00,1745,0,0,0,0,127,1745,0,0
GRTUSD,252,present,,artifacts/features/cpd/lbw_252/GRTUSD_cpd.csv,1872,1872,2021-01-02T00:00:00,2026-02-23T00:00:00,1619,0,0,0,0,253,1619,0,0
ICPUSD,10,present,,artifacts/features/cpd/lbw_10/ICPUSD_cpd.csv,624,624,2024-06-04T00:00:00,2026-02-23T00:00:00,607,4,2,0,0,11,613,6,2
ICPUSD,21,present,,artifacts/features/cpd/lbw_21/ICPUSD_cpd.csv,624,624,2024-06-04T00:00:00,2026-02-23T00:00:00,600,2,0,0,0,22,602,2,0
ICPUSD,63,present,,artifacts/features/cpd/lbw_63/ICPUSD_cpd.csv,624,624,2024-06-04T00:00:00,2026-02-23T00:00:00,560,0,0,0,0,64,560,0,0
ICPUSD,126,present,,artifacts/features/cpd/lbw_126/ICPUSD_cpd.csv,624,624,2024-06-04T00:00:00,2026-02-23T00:00:00,497,0,0,0,0,127,497,0,0
ICPUSD,252,present,,artifacts/features/cpd/lbw_252/ICPUSD_cpd.csv,624,624,2024-06-04T00:00:00,2026-02-23T00:00:00,371,0,0,0,0,253,371,0,0
IMXUSD,10,present,,artifacts/features/cpd/lbw_10/IMXUSD_cpd.csv,1500,1500,2022-01-10T00:00:00,2026-02-23T00:00:00,1483,5,1,0,0,11,1489,6,1
IMXUSD,21,present,,artifacts/features/cpd/lbw_21/IMXUSD_cpd.csv,1500,1500,2022-01-10T00:00:00,2026-02-23T00:00:00,1477,1,0,0,0,22,1478,1,0
IMXUSD,63,present,,artifacts/features/cpd/lbw_63/IMXUSD_cpd.csv,1500,1500,2022-01-10T00:00:00,2026-02-23T00:00:00,1436,0,0,0,0,64,1436,0,0
IMXUSD,126,present,,artifacts/features/cpd/lbw_126/IMXUSD_cpd.csv,1500,1500,2022-01-10T00:00:00,2026-02-23T00:00:00,1373,0,0,0,0,127,1373,0,0
IMXUSD,252,present,,artifacts/features/cpd/lbw_252/IMXUSD_cpd.csv,1500,1500,2022-01-10T00:00:00,2026-02-23T00:00:00,1247,0,0,0,0,253,1247,0,0
LNKUSD,10,present,,artifacts/features/cpd/lbw_10/LNKUSD_cpd.csv,3072,3072,2017-09-21T00:00:00,2026-02-23T00:00:00,3026,7,2,0,0,37,3035,9,2
LNKUSD,21,present,,artifacts/features/cpd/lbw_21/LNKUSD_cpd.csv,3072,3072,2017-09-21T00:00:00,2026-02-23T00:00:00,2999,3,0,0,0,70,3002,3,0
LNKUSD,63,present,,artifacts/features/cpd/lbw_63/LNKUSD_cpd.csv,3072,3072,2017-09-21T00:00:00,2026-02-23T00:00:00,2875,1,0,0,0,196,2876,1,0
LNKUSD,126,present,,artifacts/features/cpd/lbw_126/LNKUSD_cpd.csv,3072,3072,2017-09-21T00:00:00,2026-02-23T00:00:00,2687,0,0,0,0,385,2687,0,0
LNKUSD,252,present,,artifacts/features/cpd/lbw_252/LNKUSD_cpd.csv,3072,3072,2017-09-21T00:00:00,2026-02-23T00:00:00,2387,0,0,0,0,685,2387,0,0
MANUSD,10,present,,artifacts/features/cpd/lbw_10/MANUSD_cpd.csv,1873,1873,2021-01-02T00:00:00,2026-02-23T00:00:00,1858,3,1,0,0,11,1862,4,1
MANUSD,21,present,,artifacts/features/cpd/lbw_21/MANUSD_cpd.csv,1873,1873,2021-01-02T00:00:00,2026-02-23T00:00:00,1850,1,0,0,0,22,1851,1,0
MANUSD,63,present,,artifacts/features/cpd/lbw_63/MANUSD_cpd.csv,1873,1873,2021-01-02T00:00:00,2026-02-23T00:00:00,1808,1,0,0,0,64,1809,1,0
MANUSD,126,present,,artifacts/features/cpd/lbw_126/MANUSD_cpd.csv,1873,1873,2021-01-02T00:00:00,2026-02-23T00:00:00,1746,0,0,0,0,127,1746,0,0
MANUSD,252,present,,artifacts/features/cpd/lbw_252/MANUSD_cpd.csv,1873,1873,2021-01-02T00:00:00,2026-02-23T00:00:00,1620,0,0,0,0,253,1620,0,0
NEOUSD,10,present,,artifacts/features/cpd/lbw_10/NEOUSD_cpd.csv,2845,2845,2018-05-04T00:00:00,2026-02-23T00:00:00,2824,9,1,0,0,11,2834,10,1
NEOUSD,21,present,,artifacts/features/cpd/lbw_21/NEOUSD_cpd.csv,2845,2845,2018-05-04T00:00:00,2026-02-23T00:00:00,2818,4,1,0,0,22,2823,5,1
NEOUSD,63,present,,artifacts/features/cpd/lbw_63/NEOUSD_cpd.csv,2845,2845,2018-05-04T00:00:00,2026-02-23T00:00:00,2781,0,0,0,0,64,2781,0,0
NEOUSD,126,present,,artifacts/features/cpd/lbw_126/NEOUSD_cpd.csv,2845,2845,2018-05-04T00:00:00,2026-02-23T00:00:00,2718,0,0,0,0,127,2718,0,0
NEOUSD,252,present,,artifacts/features/cpd/lbw_252/NEOUSD_cpd.csv,2845,2845,2018-05-04T00:00:00,2026-02-23T00:00:00,2592,0,0,0,0,253,2592,0,0
NERUSD,10,present,,artifacts/features/cpd/lbw_10/NERUSD_cpd.csv,1954,1954,2020-10-12T00:00:00,2026-02-23T00:00:00,1935,8,0,0,0,11,1943,8,0
NERUSD,21,present,,artifacts/features/cpd/lbw_21/NERUSD_cpd.csv,1954,1954,2020-10-12T00:00:00,2026-02-23T00:00:00,1929,2,1,0,0,22,1932,3,1
NERUSD,63,present,,artifacts/features/cpd/lbw_63/NERUSD_cpd.csv,1954,1954,2020-10-12T00:00:00,2026-02-23T00:00:00,1890,0,0,0,0,64,1890,0,0
NERUSD,126,present,,artifacts/features/cpd/lbw_126/NERUSD_cpd.csv,1954,1954,2020-10-12T00:00:00,2026-02-23T00:00:00,1826,1,0,0,0,127,1827,1,0
NERUSD,252,present,,artifacts/features/cpd/lbw_252/NERUSD_cpd.csv,1954,1954,2020-10-12T00:00:00,2026-02-23T00:00:00,1701,0,0,0,0,253,1701,0,0
SANUSD,10,present,,artifacts/features/cpd/lbw_10/SANUSD_cpd.csv,2016,2016,2020-08-01T00:00:00,2026-02-23T00:00:00,1996,8,1,0,0,11,2005,9,1
SANUSD,21,present,,artifacts/features/cpd/lbw_21/SANUSD_cpd.csv,2016,2016,2020-08-01T00:00:00,2026-02-23T00:00:00,1991,3,0,0,0,22,1994,3,0
SANUSD,63,present,,artifacts/features/cpd/lbw_63/SANUSD_cpd.csv,2016,2016,2020-08-01T00:00:00,2026-02-23T00:00:00,1951,1,0,0,0,64,1952,1,0
SANUSD,126,present,,artifacts/features/cpd/lbw_126/SANUSD_cpd.csv,2016,2016,2020-08-01T00:00:00,2026-02-23T00:00:00,1888,1,0,0,0,127,1889,1,0
SANUSD,252,present,,artifacts/features/cpd/lbw_252/SANUSD_cpd.csv,2016,2016,2020-08-01T00:00:00,2026-02-23T00:00:00,1763,0,0,0,0,253,1763,0,0
UNIUSD,10,present,,artifacts/features/cpd/lbw_10/UNIUSD_cpd.csv,1784,1784,2021-04-01T00:00:00,2026-02-23T00:00:00,1765,8,0,0,0,11,1773,8,0
UNIUSD,21,present,,artifacts/features/cpd/lbw_21/UNIUSD_cpd.csv,1784,1784,2021-04-01T00:00:00,2026-02-23T00:00:00,1762,0,0,0,0,22,1762,0,0
UNIUSD,63,present,,artifacts/features/cpd/lbw_63/UNIUSD_cpd.csv,1784,1784,2021-04-01T00:00:00,2026-02-23T00:00:00,1720,0,0,0,0,64,1720,0,0
UNIUSD,126,present,,artifacts/features/cpd/lbw_126/UNIUSD_cpd.csv,1784,1784,2021-04-01T00:00:00,2026-02-23T00:00:00,1657,0,0,0,0,127,1657,0,0
UNIUSD,252,present,,artifacts/features/cpd/lbw_252/UNIUSD_cpd.csv,1784,1784,2021-04-01T00:00:00,2026-02-23T00:00:00,1531,0,0,0,0,253,1531,0,0
VECUSD,10,present,,artifacts/features/cpd/lbw_10/VECUSD_cpd.csv,2189,2189,2020-02-21T00:00:00,2026-02-23T00:00:00,2175,3,0,0,0,11,2178,3,0
VECUSD,21,present,,artifacts/features/cpd/lbw_21/VECUSD_cpd.csv,2189,2189,2020-02-21T00:00:00,2026-02-23T00:00:00,2166,1,0,0,0,22,2167,1,0
VECUSD,63,present,,artifacts/features/cpd/lbw_63/VECUSD_cpd.csv,2189,2189,2020-02-21T00:00:00,2026-02-23T00:00:00,2124,1,0,0,0,64,2125,1,0
VECUSD,126,present,,artifacts/features/cpd/lbw_126/VECUSD_cpd.csv,2189,2189,2020-02-21T00:00:00,2026-02-23T00:00:00,2062,0,0,0,0,127,2062,0,0
VECUSD,252,present,,artifacts/features/cpd/lbw_252/VECUSD_cpd.csv,2189,2189,2020-02-21T00:00:00,2026-02-23T00:00:00,1936,0,0,0,0,253,1936,0,0
XLMUSD,10,present,,artifacts/features/cpd/lbw_10/XLMUSD_cpd.csv,3418,3418,2016-10-02T00:00:00,2026-02-23T00:00:00,3394,11,2,0,0,11,3407,13,2
XLMUSD,21,present,,artifacts/features/cpd/lbw_21/XLMUSD_cpd.csv,3418,3418,2016-10-02T00:00:00,2026-02-23T00:00:00,3387,8,1,0,0,22,3396,9,1
XLMUSD,63,present,,artifacts/features/cpd/lbw_63/XLMUSD_cpd.csv,3418,3418,2016-10-02T00:00:00,2026-02-23T00:00:00,3350,4,0,0,0,64,3354,4,0
XLMUSD,126,present,,artifacts/features/cpd/lbw_126/XLMUSD_cpd.csv,3418,3418,2016-10-02T00:00:00,2026-02-23T00:00:00,3289,2,0,0,0,127,3291,2,0
XLMUSD,252,present,,artifacts/features/cpd/lbw_252/XLMUSD_cpd.csv,3418,3418,2016-10-02T00:00:00,2026-02-23T00:00:00,3165,0,0,0,0,253,3165,0,0
XMRUSD,10,present,,artifacts/features/cpd/lbw_10/XMRUSD_cpd.csv,3121,3121,2017-05-15T00:00:00,2026-02-23T00:00:00,3103,7,0,0,0,11,3110,7,0
XMRUSD,21,present,,artifacts/features/cpd/lbw_21/XMRUSD_cpd.csv,3121,3121,2017-05-15T00:00:00,2026-02-23T00:00:00,3096,3,0,0,0,22,3099,3,0
XMRUSD,63,present,,artifacts/features/cpd/lbw_63/XMRUSD_cpd.csv,3121,3121,2017-05-15T00:00:00,2026-02-23T00:00:00,3057,0,0,0,0,64,3057,0,0
XMRUSD,126,present,,artifacts/features/cpd/lbw_126/XMRUSD_cpd.csv,3121,3121,2017-05-15T00:00:00,2026-02-23T00:00:00,2993,1,0,0,0,127,2994,1,0
XMRUSD,252,present,,artifacts/features/cpd/lbw_252/XMRUSD_cpd.csv,3121,3121,2017-05-15T00:00:00,2026-02-23T00:00:00,2868,0,0,0,0,253,2868,0,0
XTZUSD,10,present,,artifacts/features/cpd/lbw_10/XTZUSD_cpd.csv,2479,2479,2019-04-15T00:00:00,2026-02-23T00:00:00,2461,7,0,0,0,11,2468,7,0
XTZUSD,21,present,,artifacts/features/cpd/lbw_21/XTZUSD_cpd.csv,2479,2479,2019-04-15T00:00:00,2026-02-23T00:00:00,2456,1,0,0,0,22,2457,1,0
XTZUSD,63,present,,artifacts/features/cpd/lbw_63/XTZUSD_cpd.csv,2479,2479,2019-04-15T00:00:00,2026-02-23T00:00:00,2415,0,0,0,0,64,2415,0,0
XTZUSD,126,present,,artifacts/features/cpd/lbw_126/XTZUSD_cpd.csv,2479,2479,2019-04-15T00:00:00,2026-02-23T00:00:00,2351,1,0,0,0,127,2352,1,0
XTZUSD,252,present,,artifacts/features/cpd/lbw_252/XTZUSD_cpd.csv,2479,2479,2019-04-15T00:00:00,2026-02-23T00:00:00,2226,0,0,0,0,253,2226,0,0
AAPL,10,present,,artifacts/features/cpd/lbw_10/AAPL_cpd.csv,5330,5330,2007-04-27T00:00:00,2026-02-20T00:00:00,5300,14,5,0,0,11,5319,19,5
AAPL,21,present,,artifacts/features/cpd/lbw_21/AAPL_cpd.csv,5330,5330,2007-04-27T00:00:00,2026-02-20T00:00:00,5300,8,0,0,0,22,5308,8,0
AAPL,63,present,,artifacts/features/cpd/lbw_63/AAPL_cpd.csv,5330,5330,2007-04-27T00:00:00,2026-02-20T00:00:00,5266,0,0,0,0,64,5266,0,0
AAPL,126,present,,artifacts/features/cpd/lbw_126/AAPL_cpd.csv,5330,5330,2007-04-27T00:00:00,2026-02-20T00:00:00,5203,0,0,0,0,127,5203,0,0
AAPL,252,present,,artifacts/features/cpd/lbw_252/AAPL_cpd.csv,5330,5330,2007-04-27T00:00:00,2026-02-20T00:00:00,5077,0,0,0,0,253,5077,0,0
AMZN,10,present,,artifacts/features/cpd/lbw_10/AMZN_cpd.csv,1714,1714,2019-03-04T00:00:00,2026-02-20T00:00:00,1694,7,2,0,0,11,1703,9,2
AMZN,21,present,,artifacts/features/cpd/lbw_21/AMZN_cpd.csv,1714,1714,2019-03-04T00:00:00,2026-02-20T00:00:00,1691,1,0,0,0,22,1692,1,0
AMZN,63,present,,artifacts/features/cpd/lbw_63/AMZN_cpd.csv,1714,1714,2019-03-04T00:00:00,2026-02-20T00:00:00,1649,1,0,0,0,64,1650,1,0
AMZN,126,present,,artifacts/features/cpd/lbw_126/AMZN_cpd.csv,1714,1714,2019-03-04T00:00:00,2026-02-20T00:00:00,1587,0,0,0,0,127,1587,0,0
AMZN,252,present,,artifacts/features/cpd/lbw_252/AMZN_cpd.csv,1714,1714,2019-03-04T00:00:00,2026-02-20T00:00:00,1461,0,0,0,0,253,1461,0,0
BABA,10,present,,artifacts/features/cpd/lbw_10/BABA_cpd.csv,1714,1714,2019-03-04T00:00:00,2026-02-20T00:00:00,1698,5,0,0,0,11,1703,5,0
BABA,21,present,,artifacts/features/cpd/lbw_21/BABA_cpd.csv,1714,1714,2019-03-04T00:00:00,2026-02-20T00:00:00,1688,3,1,0,0,22,1692,4,1
BABA,63,present,,artifacts/features/cpd/lbw_63/BABA_cpd.csv,1714,1714,2019-03-04T00:00:00,2026-02-20T00:00:00,1650,0,0,0,0,64,1650,0,0
BABA,126,present,,artifacts/features/cpd/lbw_126/BABA_cpd.csv,1714,1714,2019-03-04T00:00:00,2026-02-20T00:00:00,1587,0,0,0,0,127,1587,0,0
BABA,252,present,,artifacts/features/cpd/lbw_252/BABA_cpd.csv,1714,1714,2019-03-04T00:00:00,2026-02-20T00:00:00,1461,0,0,0,0,253,1461,0,0
BAC,10,present,,artifacts/features/cpd/lbw_10/BAC_cpd.csv,1714,1714,2019-03-04T00:00:00,2026-02-20T00:00:00,1698,4,1,0,0,11,1703,5,1
BAC,21,present,,artifacts/features/cpd/lbw_21/BAC_cpd.csv,1714,1714,2019-03-04T00:00:00,2026-02-20T00:00:00,1689,3,0,0,0,22,1692,3,0
BAC,63,present,,artifacts/features/cpd/lbw_63/BAC_cpd.csv,1714,1714,2019-03-04T00:00:00,2026-02-20T00:00:00,1650,0,0,0,0,64,1650,0,0
BAC,126,present,,artifacts/features/cpd/lbw_126/BAC_cpd.csv,1714,1714,2019-03-04T00:00:00,2026-02-20T00:00:00,1587,0,0,0,0,127,1587,0,0
BAC,252,present,,artifacts/features/cpd/lbw_252/BAC_cpd.csv,1714,1714,2019-03-04T00:00:00,2026-02-20T00:00:00,1461,0,0,0,0,253,1461,0,0
GOOG,10,present,,artifacts/features/cpd/lbw_10/GOOG_cpd.csv,1714,1714,2019-03-04T00:00:00,2026-02-20T00:00:00,1698,3,2,0,0,11,1703,5,2
GOOG,21,present,,artifacts/features/cpd/lbw_21/GOOG_cpd.csv,1714,1714,2019-03-04T00:00:00,2026-02-20T00:00:00,1689,3,0,0,0,22,1692,3,0
GOOG,63,present,,artifacts/features/cpd/lbw_63/GOOG_cpd.csv,1714,1714,2019-03-04T00:00:00,2026-02-20T00:00:00,1650,0,0,0,0,64,1650,0,0
GOOG,126,present,,artifacts/features/cpd/lbw_126/GOOG_cpd.csv,1714,1714,2019-03-04T00:00:00,2026-02-20T00:00:00,1587,0,0,0,0,127,1587,0,0
GOOG,252,present,,artifacts/features/cpd/lbw_252/GOOG_cpd.csv,1714,1714,2019-03-04T00:00:00,2026-02-20T00:00:00,1461,0,0,0,0,253,1461,0,0
META,10,present,,artifacts/features/cpd/lbw_10/META_cpd.csv,1714,1714,2019-03-04T00:00:00,2026-02-20T00:00:00,1701,2,0,0,0,11,1703,2,0
META,21,present,,artifacts/features/cpd/lbw_21/META_cpd.csv,1714,1714,2019-03-04T00:00:00,2026-02-20T00:00:00,1691,1,0,0,0,22,1692,1,0
META,63,present,,artifacts/features/cpd/lbw_63/META_cpd.csv,1714,1714,2019-03-04T00:00:00,2026-02-20T00:00:00,1650,0,0,0,0,64,1650,0,0
META,126,present,,artifacts/features/cpd/lbw_126/META_cpd.csv,1714,1714,2019-03-04T00:00:00,2026-02-20T00:00:00,1587,0,0,0,0,127,1587,0,0
META,252,present,,artifacts/features/cpd/lbw_252/META_cpd.csv,1714,1714,2019-03-04T00:00:00,2026-02-20T00:00:00,1461,0,0,0,0,253,1461,0,0
MSFT,10,present,,artifacts/features/cpd/lbw_10/MSFT_cpd.csv,5323,5323,2007-04-25T00:00:00,2026-02-20T00:00:00,5292,19,1,0,0,11,5312,20,1
MSFT,21,present,,artifacts/features/cpd/lbw_21/MSFT_cpd.csv,5323,5323,2007-04-25T00:00:00,2026-02-20T00:00:00,5292,9,0,0,0,22,5301,9,0
MSFT,63,present,,artifacts/features/cpd/lbw_63/MSFT_cpd.csv,5323,5323,2007-04-25T00:00:00,2026-02-20T00:00:00,5258,1,0,0,0,64,5259,1,0
MSFT,126,present,,artifacts/features/cpd/lbw_126/MSFT_cpd.csv,5323,5323,2007-04-25T00:00:00,2026-02-20T00:00:00,5196,0,0,0,0,127,5196,0,0
MSFT,252,present,,artifacts/features/cpd/lbw_252/MSFT_cpd.csv,5323,5323,2007-04-25T00:00:00,2026-02-20T00:00:00,5070,0,0,0,0,253,5070,0,0
NFLX,10,present,,artifacts/features/cpd/lbw_10/NFLX_cpd.csv,1714,1714,2019-03-04T00:00:00,2026-02-20T00:00:00,1698,5,0,0,0,11,1703,5,0
NFLX,21,present,,artifacts/features/cpd/lbw_21/NFLX_cpd.csv,1714,1714,2019-03-04T00:00:00,2026-02-20T00:00:00,1690,2,0,0,0,22,1692,2,0
NFLX,63,present,,artifacts/features/cpd/lbw_63/NFLX_cpd.csv,1714,1714,2019-03-04T00:00:00,2026-02-20T00:00:00,1650,0,0,0,0,64,1650,0,0
NFLX,126,present,,artifacts/features/cpd/lbw_126/NFLX_cpd.csv,1714,1714,2019-03-04T00:00:00,2026-02-20T00:00:00,1587,0,0,0,0,127,1587,0,0
NFLX,252,present,,artifacts/features/cpd/lbw_252/NFLX_cpd.csv,1714,1714,2019-03-04T00:00:00,2026-02-20T00:00:00,1461,0,0,0,0,253,1461,0,0
NVDA,10,present,,artifacts/features/cpd/lbw_10/NVDA_cpd.csv,1323,1323,2020-11-12T00:00:00,2026-02-20T00:00:00,1308,3,1,0,0,11,1312,4,1
NVDA,21,present,,artifacts/features/cpd/lbw_21/NVDA_cpd.csv,1323,1323,2020-11-12T00:00:00,2026-02-20T00:00:00,1298,3,0,0,0,22,1301,3,0
NVDA,63,present,,artifacts/features/cpd/lbw_63/NVDA_cpd.csv,1323,1323,2020-11-12T00:00:00,2026-02-20T00:00:00,1259,0,0,0,0,64,1259,0,0
NVDA,126,present,,artifacts/features/cpd/lbw_126/NVDA_cpd.csv,1323,1323,2020-11-12T00:00:00,2026-02-20T00:00:00,1196,0,0,0,0,127,1196,0,0
NVDA,252,present,,artifacts/features/cpd/lbw_252/NVDA_cpd.csv,1323,1323,2020-11-12T00:00:00,2026-02-20T00:00:00,1070,0,0,0,0,253,1070,0,0
PFE,10,present,,artifacts/features/cpd/lbw_10/PFE_cpd.csv,1714,1714,2019-03-04T00:00:00,2026-02-20T00:00:00,1695,7,1,0,0,11,1703,8,1
PFE,21,present,,artifacts/features/cpd/lbw_21/PFE_cpd.csv,1714,1714,2019-03-04T00:00:00,2026-02-20T00:00:00,1691,1,0,0,0,22,1692,1,0
PFE,63,present,,artifacts/features/cpd/lbw_63/PFE_cpd.csv,1714,1714,2019-03-04T00:00:00,2026-02-20T00:00:00,1650,0,0,0,0,64,1650,0,0
PFE,126,present,,artifacts/features/cpd/lbw_126/PFE_cpd.csv,1714,1714,2019-03-04T00:00:00,2026-02-20T00:00:00,1587,0,0,0,0,127,1587,0,0
PFE,252,present,,artifacts/features/cpd/lbw_252/PFE_cpd.csv,1714,1714,2019-03-04T00:00:00,2026-02-20T00:00:00,1461,0,0,0,0,253,1461,0,0
RACE,10,present,,artifacts/features/cpd/lbw_10/RACE_cpd.csv,1714,1714,2019-03-04T00:00:00,2026-02-20T00:00:00,1696,7,0,0,0,11,1703,7,0
RACE,21,present,,artifacts/features/cpd/lbw_21/RACE_cpd.csv,1714,1714,2019-03-04T00:00:00,2026-02-20T00:00:00,1690,0,2,0,0,22,1692,2,2
RACE,63,present,,artifacts/features/cpd/lbw_63/RACE_cpd.csv,1714,1714,2019-03-04T00:00:00,2026-02-20T00:00:00,1649,1,0,0,0,64,1650,1,0
RACE,126,present,,artifacts/features/cpd/lbw_126/RACE_cpd.csv,1714,1714,2019-03-04T00:00:00,2026-02-20T00:00:00,1587,0,0,0,0,127,1587,0,0
RACE,252,present,,artifacts/features/cpd/lbw_252/RACE_cpd.csv,1714,1714,2019-03-04T00:00:00,2026-02-20T00:00:00,1461,0,0,0,0,253,1461,0,0
T,10,present,,artifacts/features/cpd/lbw_10/T_cpd.csv,1714,1714,2019-03-04T00:00:00,2026-02-20T00:00:00,1696,7,0,0,0,11,1703,7,0
T,21,present,,artifacts/features/cpd/lbw_21/T_cpd.csv,1714,1714,2019-03-04T00:00:00,2026-02-20T00:00:00,1690,2,0,0,0,22,1692,2,0
T,63,present,,artifacts/features/cpd/lbw_63/T_cpd.csv,1714,1714,2019-03-04T00:00:00,2026-02-20T00:00:00,1649,1,0,0,0,64,1650,1,0
T,126,present,,artifacts/features/cpd/lbw_126/T_cpd.csv,1714,1714,2019-03-04T00:00:00,2026-02-20T00:00:00,1586,1,0,0,0,127,1587,1,0
T,252,present,,artifacts/features/cpd/lbw_252/T_cpd.csv,1714,1714,2019-03-04T00:00:00,2026-02-20T00:00:00,1461,0,0,0,0,253,1461,0,0
TSLA,10,present,,artifacts/features/cpd/lbw_10/TSLA_cpd.csv,1715,1715,2019-03-04T00:00:00,2026-02-20T00:00:00,1701,3,0,0,0,11,1704,3,0
TSLA,21,present,,artifacts/features/cpd/lbw_21/TSLA_cpd.csv,1715,1715,2019-03-04T00:00:00,2026-02-20T00:00:00,1691,2,0,0,0,22,1693,2,0
TSLA,63,present,,artifacts/features/cpd/lbw_63/TSLA_cpd.csv,1715,1715,2019-03-04T00:00:00,2026-02-20T00:00:00,1650,1,0,0,0,64,1651,1,0
TSLA,126,present,,artifacts/features/cpd/lbw_126/TSLA_cpd.csv,1715,1715,2019-03-04T00:00:00,2026-02-20T00:00:00,1588,0,0,0,0,127,1588,0,0
TSLA,252,present,,artifacts/features/cpd/lbw_252/TSLA_cpd.csv,1715,1715,2019-03-04T00:00:00,2026-02-20T00:00:00,1462,0,0,0,0,253,1462,0,0
V,10,present,,artifacts/features/cpd/lbw_10/V_cpd.csv,1714,1714,2019-03-04T00:00:00,2026-02-20T00:00:00,1700,3,0,0,0,11,1703,3,0
V,21,present,,artifacts/features/cpd/lbw_21/V_cpd.csv,1714,1714,2019-03-04T00:00:00,2026-02-20T00:00:00,1689,3,0,0,0,22,1692,3,0
V,63,present,,artifacts/features/cpd/lbw_63/V_cpd.csv,1714,1714,2019-03-04T00:00:00,2026-02-20T00:00:00,1649,1,0,0,0,64,1650,1,0
V,126,present,,artifacts/features/cpd/lbw_126/V_cpd.csv,1714,1714,2019-03-04T00:00:00,2026-02-20T00:00:00,1587,0,0,0,0,127,1587,0,0
V,252,present,,artifacts/features/cpd/lbw_252/V_cpd.csv,1714,1714,2019-03-04T00:00:00,2026-02-20T00:00:00,1461,0,0,0,0,253,1461,0,0
WMT,10,present,,artifacts/features/cpd/lbw_10/WMT_cpd.csv,1324,1324,2020-11-12T00:00:00,2026-02-20T00:00:00,1309,4,0,0,0,11,1313,4,0
WMT,21,present,,artifacts/features/cpd/lbw_21/WMT_cpd.csv,1324,1324,2020-11-12T00:00:00,2026-02-20T00:00:00,1299,3,0,0,0,22,1302,3,0
WMT,63,present,,artifacts/features/cpd/lbw_63/WMT_cpd.csv,1324,1324,2020-11-12T00:00:00,2026-02-20T00:00:00,1260,0,0,0,0,64,1260,0,0
WMT,126,present,,artifacts/features/cpd/lbw_126/WMT_cpd.csv,1324,1324,2020-11-12T00:00:00,2026-02-20T00:00:00,1197,0,0,0,0,127,1197,0,0
WMT,252,present,,artifacts/features/cpd/lbw_252/WMT_cpd.csv,1324,1324,2020-11-12T00:00:00,2026-02-20T00:00:00,1071,0,0,0,0,253,1071,0,0
ZM,10,present,,artifacts/features/cpd/lbw_10/ZM_cpd.csv,1324,1324,2020-11-12T00:00:00,2026-02-20T00:00:00,1310,3,0,0,0,11,1313,3,0
ZM,21,present,,artifacts/features/cpd/lbw_21/ZM_cpd.csv,1324,1324,2020-11-12T00:00:00,2026-02-20T00:00:00,1300,2,0,0,0,22,1302,2,0
ZM,63,present,,artifacts/features/cpd/lbw_63/ZM_cpd.csv,1324,1324,2020-11-12T00:00:00,2026-02-20T00:00:00,1260,0,0,0,0,64,1260,0,0
ZM,126,present,,artifacts/features/cpd/lbw_126/ZM_cpd.csv,1324,1324,2020-11-12T00:00:00,2026-02-20T00:00:00,1197,0,0,0,0,127,1197,0,0
ZM,252,present,,artifacts/features/cpd/lbw_252/ZM_cpd.csv,1324,1324,2020-11-12T00:00:00,2026-02-20T00:00:00,1071,0,0,0,0,253,1071,0,0
AIRF,10,present,,artifacts/features/cpd/lbw_10/AIRF_cpd.csv,1741,1741,2019-03-04T00:00:00,2026-02-20T00:00:00,1726,4,0,0,0,11,1730,4,0
AIRF,21,present,,artifacts/features/cpd/lbw_21/AIRF_cpd.csv,1741,1741,2019-03-04T00:00:00,2026-02-20T00:00:00,1718,1,0,0,0,22,1719,1,0
AIRF,63,present,,artifacts/features/cpd/lbw_63/AIRF_cpd.csv,1741,1741,2019-03-04T00:00:00,2026-02-20T00:00:00,1674,3,0,0,0,64,1677,3,0
AIRF,126,present,,artifacts/features/cpd/lbw_126/AIRF_cpd.csv,1741,1741,2019-03-04T00:00:00,2026-02-20T00:00:00,1614,0,0,0,0,127,1614,0,0
AIRF,252,present,,artifacts/features/cpd/lbw_252/AIRF_cpd.csv,1741,1741,2019-03-04T00:00:00,2026-02-20T00:00:00,1486,2,0,0,0,253,1488,2,0
ALVG,10,present,,artifacts/features/cpd/lbw_10/ALVG_cpd.csv,1731,1731,2019-03-04T00:00:00,2026-02-20T00:00:00,1709,11,0,0,0,11,1720,11,0
ALVG,21,present,,artifacts/features/cpd/lbw_21/ALVG_cpd.csv,1731,1731,2019-03-04T00:00:00,2026-02-20T00:00:00,1706,1,2,0,0,22,1709,3,2
ALVG,63,present,,artifacts/features/cpd/lbw_63/ALVG_cpd.csv,1731,1731,2019-03-04T00:00:00,2026-02-20T00:00:00,1666,0,1,0,0,64,1667,1,1
ALVG,126,present,,artifacts/features/cpd/lbw_126/ALVG_cpd.csv,1731,1731,2019-03-04T00:00:00,2026-02-20T00:00:00,1602,2,0,0,0,127,1604,2,0
ALVG,252,present,,artifacts/features/cpd/lbw_252/ALVG_cpd.csv,1731,1731,2019-03-04T00:00:00,2026-02-20T00:00:00,1478,0,0,0,0,253,1478,0,0
BAYGn,10,present,,artifacts/features/cpd/lbw_10/BAYGn_cpd.csv,1732,1732,2019-03-04T00:00:00,2026-02-20T00:00:00,1713,5,3,0,0,11,1721,8,3
BAYGn,21,present,,artifacts/features/cpd/lbw_21/BAYGn_cpd.csv,1732,1732,2019-03-04T00:00:00,2026-02-20T00:00:00,1708,2,0,0,0,22,1710,2,0
BAYGn,63,present,,artifacts/features/cpd/lbw_63/BAYGn_cpd.csv,1732,1732,2019-03-04T00:00:00,2026-02-20T00:00:00,1668,0,0,0,0,64,1668,0,0
BAYGn,126,present,,artifacts/features/cpd/lbw_126/BAYGn_cpd.csv,1732,1732,2019-03-04T00:00:00,2026-02-20T00:00:00,1605,0,0,0,0,127,1605,0,0
BAYGn,252,present,,artifacts/features/cpd/lbw_252/BAYGn_cpd.csv,1732,1732,2019-03-04T00:00:00,2026-02-20T00:00:00,1479,0,0,0,0,253,1479,0,0
DBKGn,10,present,,artifacts/features/cpd/lbw_10/DBKGn_cpd.csv,1731,1731,2019-03-04T00:00:00,2026-02-20T00:00:00,1713,7,0,0,0,11,1720,7,0
DBKGn,21,present,,artifacts/features/cpd/lbw_21/DBKGn_cpd.csv,1731,1731,2019-03-04T00:00:00,2026-02-20T00:00:00,1706,3,0,0,0,22,1709,3,0
DBKGn,63,present,,artifacts/features/cpd/lbw_63/DBKGn_cpd.csv,1731,1731,2019-03-04T00:00:00,2026-02-20T00:00:00,1667,0,0,0,0,64,1667,0,0
DBKGn,126,present,,artifacts/features/cpd/lbw_126/DBKGn_cpd.csv,1731,1731,2019-03-04T00:00:00,2026-02-20T00:00:00,1604,0,0,0,0,127,1604,0,0
DBKGn,252,present,,artifacts/features/cpd/lbw_252/DBKGn_cpd.csv,1731,1731,2019-03-04T00:00:00,2026-02-20T00:00:00,1478,0,0,0,0,253,1478,0,0
IBE,10,present,,artifacts/features/cpd/lbw_10/IBE_cpd.csv,1739,1739,2019-03-04T00:00:00,2026-02-20T00:00:00,1719,8,1,0,0,11,1728,9,1
IBE,21,present,,artifacts/features/cpd/lbw_21/IBE_cpd.csv,1739,1739,2019-03-04T00:00:00,2026-02-20T00:00:00,1712,5,0,0,0,22,1717,5,0
IBE,63,present,,artifacts/features/cpd/lbw_63/IBE_cpd.csv,1739,1739,2019-03-04T00:00:00,2026-02-20T00:00:00,1675,0,0,0,0,64,1675,0,0
IBE,126,present,,artifacts/features/cpd/lbw_126/IBE_cpd.csv,1739,1739,2019-03-04T00:00:00,2026-02-20T00:00:00,1612,0,0,0,0,127,1612,0,0
IBE,252,present,,artifacts/features/cpd/lbw_252/IBE_cpd.csv,1739,1739,2019-03-04T00:00:00,2026-02-20T00:00:00,1486,0,0,0,0,253,1486,0,0
LVMH,10,present,,artifacts/features/cpd/lbw_10/LVMH_cpd.csv,1740,1740,2019-03-04T00:00:00,2026-02-20T00:00:00,1720,6,3,0,0,11,1729,9,3
LVMH,21,present,,artifacts/features/cpd/lbw_21/LVMH_cpd.csv,1740,1740,2019-03-04T00:00:00,2026-02-20T00:00:00,1717,0,1,0,0,22,1718,1,1
LVMH,63,present,,artifacts/features/cpd/lbw_63/LVMH_cpd.csv,1740,1740,2019-03-04T00:00:00,2026-02-20T00:00:00,1676,0,0,0,0,64,1676,0,0
LVMH,126,present,,artifacts/features/cpd/lbw_126/LVMH_cpd.csv,1740,1740,2019-03-04T00:00:00,2026-02-20T00:00:00,1613,0,0,0,0,127,1613,0,0
LVMH,252,present,,artifacts/features/cpd/lbw_252/LVMH_cpd.csv,1740,1740,2019-03-04T00:00:00,2026-02-20T00:00:00,1487,0,0,0,0,253,1487,0,0
VOWG_p,10,present,,artifacts/features/cpd/lbw_10/VOWG_p_cpd.csv,1731,1731,2019-03-04T00:00:00,2026-02-20T00:00:00,1716,3,1,0,0,11,1720,4,1
VOWG_p,21,present,,artifacts/features/cpd/lbw_21/VOWG_p_cpd.csv,1731,1731,2019-03-04T00:00:00,2026-02-20T00:00:00,1706,3,0,0,0,22,1709,3,0
VOWG_p,63,present,,artifacts/features/cpd/lbw_63/VOWG_p_cpd.csv,1731,1731,2019-03-04T00:00:00,2026-02-20T00:00:00,1666,1,0,0,0,64,1667,1,0
VOWG_p,126,present,,artifacts/features/cpd/lbw_126/VOWG_p_cpd.csv,1731,1731,2019-03-04T00:00:00,2026-02-20T00:00:00,1602,2,0,0,0,127,1604,2,0
VOWG_p,252,present,,artifacts/features/cpd/lbw_252/VOWG_p_cpd.csv,1731,1731,2019-03-04T00:00:00,2026-02-20T00:00:00,1478,0,0,0,0,253,1478,0,0
EURCZK,10,present,,artifacts/features/cpd/lbw_10/EURCZK_cpd.csv,2844,2844,2015-01-02T00:00:00,2026-02-23T00:00:00,2821,11,1,0,0,11,2833,12,1
EURCZK,21,present,,artifacts/features/cpd/lbw_21/EURCZK_cpd.csv,2844,2844,2015-01-02T00:00:00,2026-02-23T00:00:00,2822,0,0,0,0,22,2822,0,0
EURCZK,63,present,,artifacts/features/cpd/lbw_63/EURCZK_cpd.csv,2844,2844,2015-01-02T00:00:00,2026-02-23T00:00:00,2780,0,0,0,0,64,2780,0,0
EURCZK,126,present,,artifacts/features/cpd/lbw_126/EURCZK_cpd.csv,2844,2844,2015-01-02T00:00:00,2026-02-23T00:00:00,2717,0,0,0,0,127,2717,0,0
EURCZK,252,present,,artifacts/features/cpd/lbw_252/EURCZK_cpd.csv,2844,2844,2015-01-02T00:00:00,2026-02-23T00:00:00,2590,1,0,0,0,253,2591,1,0
EURHUF,10,present,,artifacts/features/cpd/lbw_10/EURHUF_cpd.csv,2890,2890,2015-01-01T00:00:00,2026-02-23T00:00:00,2873,6,0,0,0,11,2879,6,0
EURHUF,21,present,,artifacts/features/cpd/lbw_21/EURHUF_cpd.csv,2890,2890,2015-01-01T00:00:00,2026-02-23T00:00:00,2866,2,0,0,0,22,2868,2,0
EURHUF,63,present,,artifacts/features/cpd/lbw_63/EURHUF_cpd.csv,2890,2890,2015-01-01T00:00:00,2026-02-23T00:00:00,2825,1,0,0,0,64,2826,1,0
EURHUF,126,present,,artifacts/features/cpd/lbw_126/EURHUF_cpd.csv,2890,2890,2015-01-01T00:00:00,2026-02-23T00:00:00,2763,0,0,0,0,127,2763,0,0
EURHUF,252,present,,artifacts/features/cpd/lbw_252/EURHUF_cpd.csv,2890,2890,2015-01-01T00:00:00,2026-02-23T00:00:00,2637,0,0,0,0,253,2637,0,0
EURNOK,10,present,,artifacts/features/cpd/lbw_10/EURNOK_cpd.csv,3389,3389,2013-04-01T00:00:00,2026-02-23T00:00:00,3364,11,3,0,0,11,3378,14,3
EURNOK,21,present,,artifacts/features/cpd/lbw_21/EURNOK_cpd.csv,3389,3389,2013-04-01T00:00:00,2026-02-23T00:00:00,3359,8,0,0,0,22,3367,8,0
EURNOK,63,present,,artifacts/features/cpd/lbw_63/EURNOK_cpd.csv,3389,3389,2013-04-01T00:00:00,2026-02-23T00:00:00,3325,0,0,0,0,64,3325,0,0
EURNOK,126,present,,artifacts/features/cpd/lbw_126/EURNOK_cpd.csv,3389,3389,2013-04-01T00:00:00,2026-02-23T00:00:00,3262,0,0,0,0,127,3262,0,0
EURNOK,252,present,,artifacts/features/cpd/lbw_252/EURNOK_cpd.csv,3389,3389,2013-04-01T00:00:00,2026-02-23T00:00:00,3136,0,0,0,0,253,3136,0,0
EURPLN,10,present,,artifacts/features/cpd/lbw_10/EURPLN_cpd.csv,2888,2888,2015-01-01T00:00:00,2026-02-23T00:00:00,2869,8,0,0,0,11,2877,8,0
EURPLN,21,present,,artifacts/features/cpd/lbw_21/EURPLN_cpd.csv,2888,2888,2015-01-01T00:00:00,2026-02-23T00:00:00,2864,2,0,0,0,22,2866,2,0
EURPLN,63,present,,artifacts/features/cpd/lbw_63/EURPLN_cpd.csv,2888,2888,2015-01-01T00:00:00,2026-02-23T00:00:00,2823,1,0,0,0,64,2824,1,0
EURPLN,126,present,,artifacts/features/cpd/lbw_126/EURPLN_cpd.csv,2888,2888,2015-01-01T00:00:00,2026-02-23T00:00:00,2761,0,0,0,0,127,2761,0,0
EURPLN,252,present,,artifacts/features/cpd/lbw_252/EURPLN_cpd.csv,2888,2888,2015-01-01T00:00:00,2026-02-23T00:00:00,2634,1,0,0,0,253,2635,1,0
USDCNH,10,present,,artifacts/features/cpd/lbw_10/USDCNH_cpd.csv,558,558,2024-01-02T00:00:00,2026-02-23T00:00:00,545,2,0,0,0,11,547,2,0
USDCNH,21,present,,artifacts/features/cpd/lbw_21/USDCNH_cpd.csv,558,558,2024-01-02T00:00:00,2026-02-23T00:00:00,536,0,0,0,0,22,536,0,0
USDCNH,63,present,,artifacts/features/cpd/lbw_63/USDCNH_cpd.csv,558,558,2024-01-02T00:00:00,2026-02-23T00:00:00,494,0,0,0,0,64,494,0,0
USDCNH,126,present,,artifacts/features/cpd/lbw_126/USDCNH_cpd.csv,558,558,2024-01-02T00:00:00,2026-02-23T00:00:00,431,0,0,0,0,127,431,0,0
USDCNH,252,present,,artifacts/features/cpd/lbw_252/USDCNH_cpd.csv,558,558,2024-01-02T00:00:00,2026-02-23T00:00:00,305,0,0,0,0,253,305,0,0
USDCZK,10,present,,artifacts/features/cpd/lbw_10/USDCZK_cpd.csv,2899,2899,2015-01-02T00:00:00,2026-02-23T00:00:00,2877,10,1,0,0,11,2888,11,1
USDCZK,21,present,,artifacts/features/cpd/lbw_21/USDCZK_cpd.csv,2899,2899,2015-01-02T00:00:00,2026-02-23T00:00:00,2876,1,0,0,0,22,2877,1,0
USDCZK,63,present,,artifacts/features/cpd/lbw_63/USDCZK_cpd.csv,2899,2899,2015-01-02T00:00:00,2026-02-23T00:00:00,2835,0,0,0,0,64,2835,0,0
USDCZK,126,present,,artifacts/features/cpd/lbw_126/USDCZK_cpd.csv,2899,2899,2015-01-02T00:00:00,2026-02-23T00:00:00,2772,0,0,0,0,127,2772,0,0
USDCZK,252,present,,artifacts/features/cpd/lbw_252/USDCZK_cpd.csv,2899,2899,2015-01-02T00:00:00,2026-02-23T00:00:00,2646,0,0,0,0,253,2646,0,0
USDHKD,10,present,,artifacts/features/cpd/lbw_10/USDHKD_cpd.csv,4680,4680,2007-07-10T00:00:00,2026-02-23T00:00:00,4651,16,2,0,0,11,4669,18,2
USDHKD,21,present,,artifacts/features/cpd/lbw_21/USDHKD_cpd.csv,4680,4680,2007-07-10T00:00:00,2026-02-23T00:00:00,4651,6,1,0,0,22,4658,7,1
USDHKD,63,present,,artifacts/features/cpd/lbw_63/USDHKD_cpd.csv,4680,4680,2007-07-10T00:00:00,2026-02-23T00:00:00,4608,6,2,0,0,64,4616,8,2
USDHKD,126,present,,artifacts/features/cpd/lbw_126/USDHKD_cpd.csv,4680,4680,2007-07-10T00:00:00,2026-02-23T00:00:00,4552,1,0,0,0,127,4553,1,0
USDHKD,252,present,,artifacts/features/cpd/lbw_252/USDHKD_cpd.csv,4680,4680,2007-07-10T00:00:00,2026-02-23T00:00:00,4426,1,0,0,0,253,4427,1,0
USDHUF,10,present,,artifacts/features/cpd/lbw_10/USDHUF_cpd.csv,2890,2890,2015-01-01T00:00:00,2026-02-23T00:00:00,2873,6,0,0,0,11,2879,6,0
USDHUF,21,present,,artifacts/features/cpd/lbw_21/USDHUF_cpd.csv,2890,2890,2015-01-01T00:00:00,2026-02-23T00:00:00,2866,2,0,0,0,22,2868,2,0
USDHUF,63,present,,artifacts/features/cpd/lbw_63/USDHUF_cpd.csv,2890,2890,2015-01-01T00:00:00,2026-02-23T00:00:00,2826,0,0,0,0,64,2826,0,0
USDHUF,126,present,,artifacts/features/cpd/lbw_126/USDHUF_cpd.csv,2890,2890,2015-01-01T00:00:00,2026-02-23T00:00:00,2763,0,0,0,0,127,2763,0,0
USDHUF,252,present,,artifacts/features/cpd/lbw_252/USDHUF_cpd.csv,2890,2890,2015-01-01T00:00:00,2026-02-23T00:00:00,2636,1,0,0,0,253,2637,1,0
USDILS,10,present,,artifacts/features/cpd/lbw_10/USDILS_cpd.csv,1074,1074,2022-01-03T00:00:00,2026-02-23T00:00:00,1061,2,0,0,0,11,1063,2,0
USDILS,21,present,,artifacts/features/cpd/lbw_21/USDILS_cpd.csv,1074,1074,2022-01-03T00:00:00,2026-02-23T00:00:00,1050,2,0,0,0,22,1052,2,0
USDILS,63,present,,artifacts/features/cpd/lbw_63/USDILS_cpd.csv,1074,1074,2022-01-03T00:00:00,2026-02-23T00:00:00,1010,0,0,0,0,64,1010,0,0
USDILS,126,present,,artifacts/features/cpd/lbw_126/USDILS_cpd.csv,1074,1074,2022-01-03T00:00:00,2026-02-23T00:00:00,947,0,0,0,0,127,947,0,0
USDILS,252,present,,artifacts/features/cpd/lbw_252/USDILS_cpd.csv,1074,1074,2022-01-03T00:00:00,2026-02-23T00:00:00,821,0,0,0,0,253,821,0,0
USDMXN,10,present,,artifacts/features/cpd/lbw_10/USDMXN_cpd.csv,4698,4698,2007-07-23T00:00:00,2026-02-23T00:00:00,4669,17,1,0,0,11,4687,18,1
USDMXN,21,present,,artifacts/features/cpd/lbw_21/USDMXN_cpd.csv,4698,4698,2007-07-23T00:00:00,2026-02-23T00:00:00,4672,4,0,0,0,22,4676,4,0
USDMXN,63,present,,artifacts/features/cpd/lbw_63/USDMXN_cpd.csv,4698,4698,2007-07-23T00:00:00,2026-02-23T00:00:00,4634,0,0,0,0,64,4634,0,0
USDMXN,126,present,,artifacts/features/cpd/lbw_126/USDMXN_cpd.csv,4698,4698,2007-07-23T00:00:00,2026-02-23T00:00:00,4570,1,0,0,0,127,4571,1,0
USDMXN,252,present,,artifacts/features/cpd/lbw_252/USDMXN_cpd.csv,4698,4698,2007-07-23T00:00:00,2026-02-23T00:00:00,4444,1,0,0,0,253,4445,1,0
USDNOK,10,present,,artifacts/features/cpd/lbw_10/USDNOK_cpd.csv,5188,5188,2006-02-06T00:00:00,2026-02-23T00:00:00,5147,28,2,0,0,11,5177,30,2
USDNOK,21,present,,artifacts/features/cpd/lbw_21/USDNOK_cpd.csv,5188,5188,2006-02-06T00:00:00,2026-02-23T00:00:00,5161,5,0,0,0,22,5166,5,0
USDNOK,63,present,,artifacts/features/cpd/lbw_63/USDNOK_cpd.csv,5188,5188,2006-02-06T00:00:00,2026-02-23T00:00:00,5121,2,1,0,0,64,5124,3,1
USDNOK,126,present,,artifacts/features/cpd/lbw_126/USDNOK_cpd.csv,5188,5188,2006-02-06T00:00:00,2026-02-23T00:00:00,5060,1,0,0,0,127,5061,1,0
USDNOK,252,present,,artifacts/features/cpd/lbw_252/USDNOK_cpd.csv,5188,5188,2006-02-06T00:00:00,2026-02-23T00:00:00,4935,0,0,0,0,253,4935,0,0
USDPLN,10,present,,artifacts/features/cpd/lbw_10/USDPLN_cpd.csv,3401,3401,2013-03-19T00:00:00,2026-02-23T00:00:00,3384,6,0,0,0,11,3390,6,0
USDPLN,21,present,,artifacts/features/cpd/lbw_21/USDPLN_cpd.csv,3401,3401,2013-03-19T00:00:00,2026-02-23T00:00:00,3375,4,0,0,0,22,3379,4,0
USDPLN,63,present,,artifacts/features/cpd/lbw_63/USDPLN_cpd.csv,3401,3401,2013-03-19T00:00:00,2026-02-23T00:00:00,3337,0,0,0,0,64,3337,0,0
USDPLN,126,present,,artifacts/features/cpd/lbw_126/USDPLN_cpd.csv,3401,3401,2013-03-19T00:00:00,2026-02-23T00:00:00,3273,1,0,0,0,127,3274,1,0
USDPLN,252,present,,artifacts/features/cpd/lbw_252/USDPLN_cpd.csv,3401,3401,2013-03-19T00:00:00,2026-02-23T00:00:00,3148,0,0,0,0,253,3148,0,0
USDSEK,10,present,,artifacts/features/cpd/lbw_10/USDSEK_cpd.csv,6728,6728,2000-03-30T00:00:00,2026-02-23T00:00:00,6692,23,2,0,0,11,6717,25,2
USDSEK,21,present,,artifacts/features/cpd/lbw_21/USDSEK_cpd.csv,6728,6728,2000-03-30T00:00:00,2026-02-23T00:00:00,6692,14,0,0,0,22,6706,14,0
USDSEK,63,present,,artifacts/features/cpd/lbw_63/USDSEK_cpd.csv,6728,6728,2000-03-30T00:00:00,2026-02-23T00:00:00,6664,0,0,0,0,64,6664,0,0
USDSEK,126,present,,artifacts/features/cpd/lbw_126/USDSEK_cpd.csv,6728,6728,2000-03-30T00:00:00,2026-02-23T00:00:00,6601,0,0,0,0,127,6601,0,0
USDSEK,252,present,,artifacts/features/cpd/lbw_252/USDSEK_cpd.csv,6728,6728,2000-03-30T00:00:00,2026-02-23T00:00:00,6474,1,0,0,0,253,6475,1,0
USDSGD,10,present,,artifacts/features/cpd/lbw_10/USDSGD_cpd.csv,556,556,2024-01-02T00:00:00,2026-02-23T00:00:00,544,1,0,0,0,11,545,1,0
USDSGD,21,present,,artifacts/features/cpd/lbw_21/USDSGD_cpd.csv,556,556,2024-01-02T00:00:00,2026-02-23T00:00:00,534,0,0,0,0,22,534,0,0
USDSGD,63,present,,artifacts/features/cpd/lbw_63/USDSGD_cpd.csv,556,556,2024-01-02T00:00:00,2026-02-23T00:00:00,492,0,0,0,0,64,492,0,0
USDSGD,126,present,,artifacts/features/cpd/lbw_126/USDSGD_cpd.csv,556,556,2024-01-02T00:00:00,2026-02-23T00:00:00,429,0,0,0,0,127,429,0,0
USDSGD,252,present,,artifacts/features/cpd/lbw_252/USDSGD_cpd.csv,556,556,2024-01-02T00:00:00,2026-02-23T00:00:00,303,0,0,0,0,253,303,0,0
USDZAR,10,present,,artifacts/features/cpd/lbw_10/USDZAR_cpd.csv,5082,5082,2006-01-13T00:00:00,2026-02-23T00:00:00,5049,21,1,0,0,11,5071,22,1
USDZAR,21,present,,artifacts/features/cpd/lbw_21/USDZAR_cpd.csv,5082,5082,2006-01-13T00:00:00,2026-02-23T00:00:00,5053,7,0,0,0,22,5060,7,0
USDZAR,63,present,,artifacts/features/cpd/lbw_63/USDZAR_cpd.csv,5082,5082,2006-01-13T00:00:00,2026-02-23T00:00:00,5018,0,0,0,0,64,5018,0,0
USDZAR,126,present,,artifacts/features/cpd/lbw_126/USDZAR_cpd.csv,5082,5082,2006-01-13T00:00:00,2026-02-23T00:00:00,4955,0,0,0,0,127,4955,0,0
USDZAR,252,present,,artifacts/features/cpd/lbw_252/USDZAR_cpd.csv,5082,5082,2006-01-13T00:00:00,2026-02-23T00:00:00,4829,0,0,0,0,253,4829,0,0
AUDCAD,10,present,,artifacts/features/cpd/lbw_10/AUDCAD_cpd.csv,6708,6708,2000-03-30T00:00:00,2026-02-23T00:00:00,6680,15,2,0,0,11,6697,17,2
AUDCAD,21,present,,artifacts/features/cpd/lbw_21/AUDCAD_cpd.csv,6708,6708,2000-03-30T00:00:00,2026-02-23T00:00:00,6681,5,0,0,0,22,6686,5,0
AUDCAD,63,present,,artifacts/features/cpd/lbw_63/AUDCAD_cpd.csv,6708,6708,2000-03-30T00:00:00,2026-02-23T00:00:00,6642,2,0,0,0,64,6644,2,0
AUDCAD,126,present,,artifacts/features/cpd/lbw_126/AUDCAD_cpd.csv,6708,6708,2000-03-30T00:00:00,2026-02-23T00:00:00,6581,0,0,0,0,127,6581,0,0
AUDCAD,252,present,,artifacts/features/cpd/lbw_252/AUDCAD_cpd.csv,6708,6708,2000-03-30T00:00:00,2026-02-23T00:00:00,6455,0,0,0,0,253,6455,0,0
AUDCHF,10,present,,artifacts/features/cpd/lbw_10/AUDCHF_cpd.csv,6639,6639,2000-03-30T00:00:00,2026-02-23T00:00:00,6602,21,5,0,0,11,6628,26,5
AUDCHF,21,present,,artifacts/features/cpd/lbw_21/AUDCHF_cpd.csv,6639,6639,2000-03-30T00:00:00,2026-02-23T00:00:00,6611,6,0,0,0,22,6617,6,0
AUDCHF,63,present,,artifacts/features/cpd/lbw_63/AUDCHF_cpd.csv,6639,6639,2000-03-30T00:00:00,2026-02-23T00:00:00,6573,2,0,0,0,64,6575,2,0
AUDCHF,126,present,,artifacts/features/cpd/lbw_126/AUDCHF_cpd.csv,6639,6639,2000-03-30T00:00:00,2026-02-23T00:00:00,6512,0,0,0,0,127,6512,0,0
AUDCHF,252,present,,artifacts/features/cpd/lbw_252/AUDCHF_cpd.csv,6639,6639,2000-03-30T00:00:00,2026-02-23T00:00:00,6385,1,0,0,0,253,6386,1,0
AUDJPY,10,present,,artifacts/features/cpd/lbw_10/AUDJPY_cpd.csv,6672,6672,2000-03-29T00:00:00,2026-02-23T00:00:00,6639,19,3,0,0,11,6661,22,3
AUDJPY,21,present,,artifacts/features/cpd/lbw_21/AUDJPY_cpd.csv,6672,6672,2000-03-29T00:00:00,2026-02-23T00:00:00,6639,11,0,0,0,22,6650,11,0
AUDJPY,63,present,,artifacts/features/cpd/lbw_63/AUDJPY_cpd.csv,6672,6672,2000-03-29T00:00:00,2026-02-23T00:00:00,6604,4,0,0,0,64,6608,4,0
AUDJPY,126,present,,artifacts/features/cpd/lbw_126/AUDJPY_cpd.csv,6672,6672,2000-03-29T00:00:00,2026-02-23T00:00:00,6545,0,0,0,0,127,6545,0,0
AUDJPY,252,present,,artifacts/features/cpd/lbw_252/AUDJPY_cpd.csv,6672,6672,2000-03-29T00:00:00,2026-02-23T00:00:00,6419,0,0,0,0,253,6419,0,0
AUDNZD,10,present,,artifacts/features/cpd/lbw_10/AUDNZD_cpd.csv,6618,6618,2000-03-30T00:00:00,2026-02-23T00:00:00,6596,10,1,0,0,11,6607,11,1
AUDNZD,21,present,,artifacts/features/cpd/lbw_21/AUDNZD_cpd.csv,6618,6618,2000-03-30T00:00:00,2026-02-23T00:00:00,6589,7,0,0,0,22,6596,7,0
AUDNZD,63,present,,artifacts/features/cpd/lbw_63/AUDNZD_cpd.csv,6618,6618,2000-03-30T00:00:00,2026-02-23T00:00:00,6554,0,0,0,0,64,6554,0,0
AUDNZD,126,present,,artifacts/features/cpd/lbw_126/AUDNZD_cpd.csv,6618,6618,2000-03-30T00:00:00,2026-02-23T00:00:00,6491,0,0,0,0,127,6491,0,0
AUDNZD,252,present,,artifacts/features/cpd/lbw_252/AUDNZD_cpd.csv,6618,6618,2000-03-30T00:00:00,2026-02-23T00:00:00,6365,0,0,0,0,253,6365,0,0
AUDUSD,10,present,,artifacts/features/cpd/lbw_10/AUDUSD_cpd.csv,6730,6730,2000-03-29T00:00:00,2026-02-23T00:00:00,6702,14,3,0,0,11,6719,17,3
AUDUSD,21,present,,artifacts/features/cpd/lbw_21/AUDUSD_cpd.csv,6730,6730,2000-03-29T00:00:00,2026-02-23T00:00:00,6700,8,0,0,0,22,6708,8,0
AUDUSD,63,present,,artifacts/features/cpd/lbw_63/AUDUSD_cpd.csv,6730,6730,2000-03-29T00:00:00,2026-02-23T00:00:00,6663,3,0,0,0,64,6666,3,0
AUDUSD,126,present,,artifacts/features/cpd/lbw_126/AUDUSD_cpd.csv,6730,6730,2000-03-29T00:00:00,2026-02-23T00:00:00,6603,0,0,0,0,127,6603,0,0
AUDUSD,252,present,,artifacts/features/cpd/lbw_252/AUDUSD_cpd.csv,6730,6730,2000-03-29T00:00:00,2026-02-23T00:00:00,6477,0,0,0,0,253,6477,0,0
CADCHF,10,present,,artifacts/features/cpd/lbw_10/CADCHF_cpd.csv,6560,6560,2000-03-30T00:00:00,2026-02-23T00:00:00,6534,10,5,0,0,11,6549,15,5
CADCHF,21,present,,artifacts/features/cpd/lbw_21/CADCHF_cpd.csv,6560,6560,2000-03-30T00:00:00,2026-02-23T00:00:00,6532,6,0,0,0,22,6538,6,0
CADCHF,63,present,,artifacts/features/cpd/lbw_63/CADCHF_cpd.csv,6560,6560,2000-03-30T00:00:00,2026-02-23T00:00:00,6495,1,0,0,0,64,6496,1,0
CADCHF,126,present,,artifacts/features/cpd/lbw_126/CADCHF_cpd.csv,6560,6560,2000-03-30T00:00:00,2026-02-23T00:00:00,6433,0,0,0,0,127,6433,0,0
CADCHF,252,present,,artifacts/features/cpd/lbw_252/CADCHF_cpd.csv,6560,6560,2000-03-30T00:00:00,2026-02-23T00:00:00,6307,0,0,0,0,253,6307,0,0
CADJPY,10,present,,artifacts/features/cpd/lbw_10/CADJPY_cpd.csv,4926,4926,2007-02-12T00:00:00,2026-02-23T00:00:00,4905,9,1,0,0,11,4915,10,1
CADJPY,21,present,,artifacts/features/cpd/lbw_21/CADJPY_cpd.csv,4926,4926,2007-02-12T00:00:00,2026-02-23T00:00:00,4901,2,1,0,0,22,4904,3,1
CADJPY,63,present,,artifacts/features/cpd/lbw_63/CADJPY_cpd.csv,4926,4926,2007-02-12T00:00:00,2026-02-23T00:00:00,4861,1,0,0,0,64,4862,1,0
CADJPY,126,present,,artifacts/features/cpd/lbw_126/CADJPY_cpd.csv,4926,4926,2007-02-12T00:00:00,2026-02-23T00:00:00,4799,0,0,0,0,127,4799,0,0
CADJPY,252,present,,artifacts/features/cpd/lbw_252/CADJPY_cpd.csv,4926,4926,2007-02-12T00:00:00,2026-02-23T00:00:00,4673,0,0,0,0,253,4673,0,0
CHFJPY,10,present,,artifacts/features/cpd/lbw_10/CHFJPY_cpd.csv,6674,6674,2000-03-29T00:00:00,2026-02-23T00:00:00,6642,18,3,0,0,11,6663,21,3
CHFJPY,21,present,,artifacts/features/cpd/lbw_21/CHFJPY_cpd.csv,6674,6674,2000-03-29T00:00:00,2026-02-23T00:00:00,6647,4,1,0,0,22,6652,5,1
CHFJPY,63,present,,artifacts/features/cpd/lbw_63/CHFJPY_cpd.csv,6674,6674,2000-03-29T00:00:00,2026-02-23T00:00:00,6608,2,0,0,0,64,6610,2,0
CHFJPY,126,present,,artifacts/features/cpd/lbw_126/CHFJPY_cpd.csv,6674,6674,2000-03-29T00:00:00,2026-02-23T00:00:00,6546,1,0,0,0,127,6547,1,0
CHFJPY,252,present,,artifacts/features/cpd/lbw_252/CHFJPY_cpd.csv,6674,6674,2000-03-29T00:00:00,2026-02-23T00:00:00,6421,0,0,0,0,253,6421,0,0
EURAUD,10,present,,artifacts/features/cpd/lbw_10/EURAUD_cpd.csv,5622,5622,2004-06-17T00:00:00,2026-02-23T00:00:00,5600,11,0,0,0,11,5611,11,0
EURAUD,21,present,,artifacts/features/cpd/lbw_21/EURAUD_cpd.csv,5622,5622,2004-06-17T00:00:00,2026-02-23T00:00:00,5593,5,2,0,0,22,5600,7,2
EURAUD,63,present,,artifacts/features/cpd/lbw_63/EURAUD_cpd.csv,5622,5622,2004-06-17T00:00:00,2026-02-23T00:00:00,5558,0,0,0,0,64,5558,0,0
EURAUD,126,present,,artifacts/features/cpd/lbw_126/EURAUD_cpd.csv,5622,5622,2004-06-17T00:00:00,2026-02-23T00:00:00,5494,0,1,0,0,127,5495,1,1
EURAUD,252,present,,artifacts/features/cpd/lbw_252/EURAUD_cpd.csv,5622,5622,2004-06-17T00:00:00,2026-02-23T00:00:00,5368,1,0,0,0,253,5369,1,0
EURCAD,10,present,,artifacts/features/cpd/lbw_10/EURCAD_cpd.csv,6576,6576,2000-03-30T00:00:00,2026-02-23T00:00:00,6549,14,2,0,0,11,6565,16,2
EURCAD,21,present,,artifacts/features/cpd/lbw_21/EURCAD_cpd.csv,6576,6576,2000-03-30T00:00:00,2026-02-23T00:00:00,6549,5,0,0,0,22,6554,5,0
EURCAD,63,present,,artifacts/features/cpd/lbw_63/EURCAD_cpd.csv,6576,6576,2000-03-30T00:00:00,2026-02-23T00:00:00,6511,1,0,0,0,64,6512,1,0
EURCAD,126,present,,artifacts/features/cpd/lbw_126/EURCAD_cpd.csv,6576,6576,2000-03-30T00:00:00,2026-02-23T00:00:00,6449,0,0,0,0,127,6449,0,0
EURCAD,252,present,,artifacts/features/cpd/lbw_252/EURCAD_cpd.csv,6576,6576,2000-03-30T00:00:00,2026-02-23T00:00:00,6322,1,0,0,0,253,6323,1,0
EURCHF,10,present,,artifacts/features/cpd/lbw_10/EURCHF_cpd.csv,6720,6720,2000-03-29T00:00:00,2026-02-23T00:00:00,6687,21,1,0,0,11,6709,22,1
EURCHF,21,present,,artifacts/features/cpd/lbw_21/EURCHF_cpd.csv,6720,6720,2000-03-29T00:00:00,2026-02-23T00:00:00,6688,9,1,0,0,22,6698,10,1
EURCHF,63,present,,artifacts/features/cpd/lbw_63/EURCHF_cpd.csv,6720,6720,2000-03-29T00:00:00,2026-02-23T00:00:00,6653,3,0,0,0,64,6656,3,0
EURCHF,126,present,,artifacts/features/cpd/lbw_126/EURCHF_cpd.csv,6720,6720,2000-03-29T00:00:00,2026-02-23T00:00:00,6590,3,0,0,0,127,6593,3,0
EURCHF,252,present,,artifacts/features/cpd/lbw_252/EURCHF_cpd.csv,6720,6720,2000-03-29T00:00:00,2026-02-23T00:00:00,6466,1,0,0,0,253,6467,1,0
EURGBP,10,present,,artifacts/features/cpd/lbw_10/EURGBP_cpd.csv,6726,6726,2000-03-29T00:00:00,2026-02-23T00:00:00,6691,22,2,0,0,11,6715,24,2
EURGBP,21,present,,artifacts/features/cpd/lbw_21/EURGBP_cpd.csv,6726,6726,2000-03-29T00:00:00,2026-02-23T00:00:00,6696,8,0,0,0,22,6704,8,0
EURGBP,63,present,,artifacts/features/cpd/lbw_63/EURGBP_cpd.csv,6726,6726,2000-03-29T00:00:00,2026-02-23T00:00:00,6661,1,0,0,0,64,6662,1,0
EURGBP,126,present,,artifacts/features/cpd/lbw_126/EURGBP_cpd.csv,6726,6726,2000-03-29T00:00:00,2026-02-23T00:00:00,6599,0,0,0,0,127,6599,0,0
EURGBP,252,present,,artifacts/features/cpd/lbw_252/EURGBP_cpd.csv,6726,6726,2000-03-29T00:00:00,2026-02-23T00:00:00,6473,0,0,0,0,253,6473,0,0
EURJPY,10,present,,artifacts/features/cpd/lbw_10/EURJPY_cpd.csv,6604,6604,2000-03-29T00:00:00,2026-02-23T00:00:00,6575,16,2,0,0,11,6593,18,2
EURJPY,21,present,,artifacts/features/cpd/lbw_21/EURJPY_cpd.csv,6604,6604,2000-03-29T00:00:00,2026-02-23T00:00:00,6576,6,0,0,0,22,6582,6,0
EURJPY,63,present,,artifacts/features/cpd/lbw_63/EURJPY_cpd.csv,6604,6604,2000-03-29T00:00:00,2026-02-23T00:00:00,6538,2,0,0,0,64,6540,2,0
EURJPY,126,present,,artifacts/features/cpd/lbw_126/EURJPY_cpd.csv,6604,6604,2000-03-29T00:00:00,2026-02-23T00:00:00,6477,0,0,0,0,127,6477,0,0
EURJPY,252,present,,artifacts/features/cpd/lbw_252/EURJPY_cpd.csv,6604,6604,2000-03-29T00:00:00,2026-02-23T00:00:00,6350,1,0,0,0,253,6351,1,0
EURNZD,10,present,,artifacts/features/cpd/lbw_10/EURNZD_cpd.csv,6557,6557,2000-03-30T00:00:00,2026-02-23T00:00:00,6523,20,3,0,0,11,6546,23,3
EURNZD,21,present,,artifacts/features/cpd/lbw_21/EURNZD_cpd.csv,6557,6557,2000-03-30T00:00:00,2026-02-23T00:00:00,6526,8,1,0,0,22,6535,9,1
EURNZD,63,present,,artifacts/features/cpd/lbw_63/EURNZD_cpd.csv,6557,6557,2000-03-30T00:00:00,2026-02-23T00:00:00,6493,0,0,0,0,64,6493,0,0
EURNZD,126,present,,artifacts/features/cpd/lbw_126/EURNZD_cpd.csv,6557,6557,2000-03-30T00:00:00,2026-02-23T00:00:00,6430,0,0,0,0,127,6430,0,0
EURNZD,252,present,,artifacts/features/cpd/lbw_252/EURNZD_cpd.csv,6557,6557,2000-03-30T00:00:00,2026-02-23T00:00:00,6304,0,0,0,0,253,6304,0,0
EURUSD,10,present,,artifacts/features/cpd/lbw_10/EURUSD_cpd.csv,6731,6731,2000-03-29T00:00:00,2026-02-23T00:00:00,6700,18,2,0,0,11,6720,20,2
EURUSD,21,present,,artifacts/features/cpd/lbw_21/EURUSD_cpd.csv,6731,6731,2000-03-29T00:00:00,2026-02-23T00:00:00,6695,13,1,0,0,22,6709,14,1
EURUSD,63,present,,artifacts/features/cpd/lbw_63/EURUSD_cpd.csv,6731,6731,2000-03-29T00:00:00,2026-02-23T00:00:00,6667,0,0,0,0,64,6667,0,0
EURUSD,126,present,,artifacts/features/cpd/lbw_126/EURUSD_cpd.csv,6731,6731,2000-03-29T00:00:00,2026-02-23T00:00:00,6604,0,0,0,0,127,6604,0,0
EURUSD,252,present,,artifacts/features/cpd/lbw_252/EURUSD_cpd.csv,6731,6731,2000-03-29T00:00:00,2026-02-23T00:00:00,6478,0,0,0,0,253,6478,0,0
GBPAUD,10,present,,artifacts/features/cpd/lbw_10/GBPAUD_cpd.csv,4784,4784,2007-08-21T00:00:00,2026-02-23T00:00:00,4758,15,0,0,0,11,4773,15,0
GBPAUD,21,present,,artifacts/features/cpd/lbw_21/GBPAUD_cpd.csv,4784,4784,2007-08-21T00:00:00,2026-02-23T00:00:00,4754,8,0,0,0,22,4762,8,0
GBPAUD,63,present,,artifacts/features/cpd/lbw_63/GBPAUD_cpd.csv,4784,4784,2007-08-21T00:00:00,2026-02-23T00:00:00,4720,0,0,0,0,64,4720,0,0
GBPAUD,126,present,,artifacts/features/cpd/lbw_126/GBPAUD_cpd.csv,4784,4784,2007-08-21T00:00:00,2026-02-23T00:00:00,4657,0,0,0,0,127,4657,0,0
GBPAUD,252,present,,artifacts/features/cpd/lbw_252/GBPAUD_cpd.csv,4784,4784,2007-08-21T00:00:00,2026-02-23T00:00:00,4531,0,0,0,0,253,4531,0,0
GBPCAD,10,present,,artifacts/features/cpd/lbw_10/GBPCAD_cpd.csv,4788,4788,2007-08-21T00:00:00,2026-02-23T00:00:00,4762,14,1,0,0,11,4777,15,1
GBPCAD,21,present,,artifacts/features/cpd/lbw_21/GBPCAD_cpd.csv,4788,4788,2007-08-21T00:00:00,2026-02-23T00:00:00,4763,2,1,0,0,22,4766,3,1
GBPCAD,63,present,,artifacts/features/cpd/lbw_63/GBPCAD_cpd.csv,4788,4788,2007-08-21T00:00:00,2026-02-23T00:00:00,4722,2,0,0,0,64,4724,2,0
GBPCAD,126,present,,artifacts/features/cpd/lbw_126/GBPCAD_cpd.csv,4788,4788,2007-08-21T00:00:00,2026-02-23T00:00:00,4661,0,0,0,0,127,4661,0,0
GBPCAD,252,present,,artifacts/features/cpd/lbw_252/GBPCAD_cpd.csv,4788,4788,2007-08-21T00:00:00,2026-02-23T00:00:00,4534,1,0,0,0,253,4535,1,0
GBPCHF,10,present,,artifacts/features/cpd/lbw_10/GBPCHF_cpd.csv,6686,6686,2000-03-29T00:00:00,2026-02-23T00:00:00,6656,18,1,0,0,11,6675,19,1
GBPCHF,21,present,,artifacts/features/cpd/lbw_21/GBPCHF_cpd.csv,6686,6686,2000-03-29T00:00:00,2026-02-23T00:00:00,6661,2,1,0,0,22,6664,3,1
GBPCHF,63,present,,artifacts/features/cpd/lbw_63/GBPCHF_cpd.csv,6686,6686,2000-03-29T00:00:00,2026-02-23T00:00:00,6620,2,0,0,0,64,6622,2,0
GBPCHF,126,present,,artifacts/features/cpd/lbw_126/GBPCHF_cpd.csv,6686,6686,2000-03-29T00:00:00,2026-02-23T00:00:00,6557,2,0,0,0,127,6559,2,0
GBPCHF,252,present,,artifacts/features/cpd/lbw_252/GBPCHF_cpd.csv,6686,6686,2000-03-29T00:00:00,2026-02-23T00:00:00,6431,2,0,0,0,253,6433,2,0
GBPJPY,10,present,,artifacts/features/cpd/lbw_10/GBPJPY_cpd.csv,6732,6732,2000-03-29T00:00:00,2026-02-23T00:00:00,6698,17,6,0,0,11,6721,23,6
GBPJPY,21,present,,artifacts/features/cpd/lbw_21/GBPJPY_cpd.csv,6732,6732,2000-03-29T00:00:00,2026-02-23T00:00:00,6700,10,0,0,0,22,6710,10,0
GBPJPY,63,present,,artifacts/features/cpd/lbw_63/GBPJPY_cpd.csv,6732,6732,2000-03-29T00:00:00,2026-02-23T00:00:00,6660,8,0,0,0,64,6668,8,0
GBPJPY,126,present,,artifacts/features/cpd/lbw_126/GBPJPY_cpd.csv,6732,6732,2000-03-29T00:00:00,2026-02-23T00:00:00,6605,0,0,0,0,127,6605,0,0
GBPJPY,252,present,,artifacts/features/cpd/lbw_252/GBPJPY_cpd.csv,6732,6732,2000-03-29T00:00:00,2026-02-23T00:00:00,6479,0,0,0,0,253,6479,0,0
GBPNZD,10,present,,artifacts/features/cpd/lbw_10/GBPNZD_cpd.csv,3967,3967,2010-05-10T00:00:00,2026-02-23T00:00:00,3949,6,1,0,0,11,3956,7,1
GBPNZD,21,present,,artifacts/features/cpd/lbw_21/GBPNZD_cpd.csv,3967,3967,2010-05-10T00:00:00,2026-02-23T00:00:00,3942,2,1,0,0,22,3945,3,1
GBPNZD,63,present,,artifacts/features/cpd/lbw_63/GBPNZD_cpd.csv,3967,3967,2010-05-10T00:00:00,2026-02-23T00:00:00,3902,1,0,0,0,64,3903,1,0
GBPNZD,126,present,,artifacts/features/cpd/lbw_126/GBPNZD_cpd.csv,3967,3967,2010-05-10T00:00:00,2026-02-23T00:00:00,3840,0,0,0,0,127,3840,0,0
GBPNZD,252,present,,artifacts/features/cpd/lbw_252/GBPNZD_cpd.csv,3967,3967,2010-05-10T00:00:00,2026-02-23T00:00:00,3714,0,0,0,0,253,3714,0,0
GBPUSD,10,present,,artifacts/features/cpd/lbw_10/GBPUSD_cpd.csv,6730,6730,2000-03-29T00:00:00,2026-02-23T00:00:00,6693,23,3,0,0,11,6719,26,3
GBPUSD,21,present,,artifacts/features/cpd/lbw_21/GBPUSD_cpd.csv,6730,6730,2000-03-29T00:00:00,2026-02-23T00:00:00,6698,7,3,0,0,22,6708,10,3
GBPUSD,63,present,,artifacts/features/cpd/lbw_63/GBPUSD_cpd.csv,6730,6730,2000-03-29T00:00:00,2026-02-23T00:00:00,6664,2,0,0,0,64,6666,2,0
GBPUSD,126,present,,artifacts/features/cpd/lbw_126/GBPUSD_cpd.csv,6730,6730,2000-03-29T00:00:00,2026-02-23T00:00:00,6602,1,0,0,0,127,6603,1,0
GBPUSD,252,present,,artifacts/features/cpd/lbw_252/GBPUSD_cpd.csv,6730,6730,2000-03-29T00:00:00,2026-02-23T00:00:00,6477,0,0,0,0,253,6477,0,0
NZDCAD,10,present,,artifacts/features/cpd/lbw_10/NZDCAD_cpd.csv,4776,4776,2007-08-20T00:00:00,2026-02-23T00:00:00,4753,12,0,0,0,11,4765,12,0
NZDCAD,21,present,,artifacts/features/cpd/lbw_21/NZDCAD_cpd.csv,4776,4776,2007-08-20T00:00:00,2026-02-23T00:00:00,4751,3,0,0,0,22,4754,3,0
NZDCAD,63,present,,artifacts/features/cpd/lbw_63/NZDCAD_cpd.csv,4776,4776,2007-08-20T00:00:00,2026-02-23T00:00:00,4712,0,0,0,0,64,4712,0,0
NZDCAD,126,present,,artifacts/features/cpd/lbw_126/NZDCAD_cpd.csv,4776,4776,2007-08-20T00:00:00,2026-02-23T00:00:00,4649,0,0,0,0,127,4649,0,0
NZDCAD,252,present,,artifacts/features/cpd/lbw_252/NZDCAD_cpd.csv,4776,4776,2007-08-20T00:00:00,2026-02-23T00:00:00,4523,0,0,0,0,253,4523,0,0
NZDCHF,10,present,,artifacts/features/cpd/lbw_10/NZDCHF_cpd.csv,4795,4795,2007-08-21T00:00:00,2026-02-23T00:00:00,4763,17,4,0,0,11,4784,21,4
NZDCHF,21,present,,artifacts/features/cpd/lbw_21/NZDCHF_cpd.csv,4795,4795,2007-08-21T00:00:00,2026-02-23T00:00:00,4771,2,0,0,0,22,4773,2,0
NZDCHF,63,present,,artifacts/features/cpd/lbw_63/NZDCHF_cpd.csv,4795,4795,2007-08-21T00:00:00,2026-02-23T00:00:00,4729,2,0,0,0,64,4731,2,0
NZDCHF,126,present,,artifacts/features/cpd/lbw_126/NZDCHF_cpd.csv,4795,4795,2007-08-21T00:00:00,2026-02-23T00:00:00,4668,0,0,0,0,127,4668,0,0
NZDCHF,252,present,,artifacts/features/cpd/lbw_252/NZDCHF_cpd.csv,4795,4795,2007-08-21T00:00:00,2026-02-23T00:00:00,4541,1,0,0,0,253,4542,1,0
NZDJPY,10,present,,artifacts/features/cpd/lbw_10/NZDJPY_cpd.csv,4939,4939,2007-02-12T00:00:00,2026-02-23T00:00:00,4911,16,1,0,0,11,4928,17,1
NZDJPY,21,present,,artifacts/features/cpd/lbw_21/NZDJPY_cpd.csv,4939,4939,2007-02-12T00:00:00,2026-02-23T00:00:00,4909,6,2,0,0,22,4917,8,2
NZDJPY,63,present,,artifacts/features/cpd/lbw_63/NZDJPY_cpd.csv,4939,4939,2007-02-12T00:00:00,2026-02-23T00:00:00,4872,3,0,0,0,64,4875,3,0
NZDJPY,126,present,,artifacts/features/cpd/lbw_126/NZDJPY_cpd.csv,4939,4939,2007-02-12T00:00:00,2026-02-23T00:00:00,4810,2,0,0,0,127,4812,2,0
NZDJPY,252,present,,artifacts/features/cpd/lbw_252/NZDJPY_cpd.csv,4939,4939,2007-02-12T00:00:00,2026-02-23T00:00:00,4686,0,0,0,0,253,4686,0,0
NZDUSD,10,present,,artifacts/features/cpd/lbw_10/NZDUSD_cpd.csv,6730,6730,2000-03-29T00:00:00,2026-02-23T00:00:00,6705,12,2,0,0,11,6719,14,2
NZDUSD,21,present,,artifacts/features/cpd/lbw_21/NZDUSD_cpd.csv,6730,6730,2000-03-29T00:00:00,2026-02-23T00:00:00,6704,4,0,0,0,22,6708,4,0
NZDUSD,63,present,,artifacts/features/cpd/lbw_63/NZDUSD_cpd.csv,6730,6730,2000-03-29T00:00:00,2026-02-23T00:00:00,6666,0,0,0,0,64,6666,0,0
NZDUSD,126,present,,artifacts/features/cpd/lbw_126/NZDUSD_cpd.csv,6730,6730,2000-03-29T00:00:00,2026-02-23T00:00:00,6603,0,0,0,0,127,6603,0,0
NZDUSD,252,present,,artifacts/features/cpd/lbw_252/NZDUSD_cpd.csv,6730,6730,2000-03-29T00:00:00,2026-02-23T00:00:00,6477,0,0,0,0,253,6477,0,0
USDCAD,10,present,,artifacts/features/cpd/lbw_10/USDCAD_cpd.csv,6732,6732,2000-03-29T00:00:00,2026-02-23T00:00:00,6704,17,0,0,0,11,6721,17,0
USDCAD,21,present,,artifacts/features/cpd/lbw_21/USDCAD_cpd.csv,6732,6732,2000-03-29T00:00:00,2026-02-23T00:00:00,6704,6,0,0,0,22,6710,6,0
USDCAD,63,present,,artifacts/features/cpd/lbw_63/USDCAD_cpd.csv,6732,6732,2000-03-29T00:00:00,2026-02-23T00:00:00,6666,2,0,0,0,64,6668,2,0
USDCAD,126,present,,artifacts/features/cpd/lbw_126/USDCAD_cpd.csv,6732,6732,2000-03-29T00:00:00,2026-02-23T00:00:00,6605,0,0,0,0,127,6605,0,0
USDCAD,252,present,,artifacts/features/cpd/lbw_252/USDCAD_cpd.csv,6732,6732,2000-03-29T00:00:00,2026-02-23T00:00:00,6479,0,0,0,0,253,6479,0,0
USDCHF,10,present,,artifacts/features/cpd/lbw_10/USDCHF_cpd.csv,6730,6730,2000-03-29T00:00:00,2026-02-23T00:00:00,6693,20,6,0,0,11,6719,26,6
USDCHF,21,present,,artifacts/features/cpd/lbw_21/USDCHF_cpd.csv,6730,6730,2000-03-29T00:00:00,2026-02-23T00:00:00,6697,11,0,0,0,22,6708,11,0
USDCHF,63,present,,artifacts/features/cpd/lbw_63/USDCHF_cpd.csv,6730,6730,2000-03-29T00:00:00,2026-02-23T00:00:00,6663,3,0,0,0,64,6666,3,0
USDCHF,126,present,,artifacts/features/cpd/lbw_126/USDCHF_cpd.csv,6730,6730,2000-03-29T00:00:00,2026-02-23T00:00:00,6602,1,0,0,0,127,6603,1,0
USDCHF,252,present,,artifacts/features/cpd/lbw_252/USDCHF_cpd.csv,6730,6730,2000-03-29T00:00:00,2026-02-23T00:00:00,6476,1,0,0,0,253,6477,1,0
USDJPY,10,present,,artifacts/features/cpd/lbw_10/USDJPY_cpd.csv,6730,6730,2000-03-29T00:00:00,2026-02-23T00:00:00,6701,15,3,0,0,11,6719,18,3
USDJPY,21,present,,artifacts/features/cpd/lbw_21/USDJPY_cpd.csv,6730,6730,2000-03-29T00:00:00,2026-02-23T00:00:00,6696,12,0,0,0,22,6708,12,0
USDJPY,63,present,,artifacts/features/cpd/lbw_63/USDJPY_cpd.csv,6730,6730,2000-03-29T00:00:00,2026-02-23T00:00:00,6662,4,0,0,0,64,6666,4,0
USDJPY,126,present,,artifacts/features/cpd/lbw_126/USDJPY_cpd.csv,6730,6730,2000-03-29T00:00:00,2026-02-23T00:00:00,6603,0,0,0,0,127,6603,0,0
USDJPY,252,present,,artifacts/features/cpd/lbw_252/USDJPY_cpd.csv,6730,6730,2000-03-29T00:00:00,2026-02-23T00:00:00,6476,1,0,0,0,253,6477,1,0
XAGAUD,10,present,,artifacts/features/cpd/lbw_10/XAGAUD_cpd.csv,2406,2406,2016-10-24T00:00:00,2026-02-23T00:00:00,2386,8,1,0,0,11,2395,9,1
XAGAUD,21,present,,artifacts/features/cpd/lbw_21/XAGAUD_cpd.csv,2406,2406,2016-10-24T00:00:00,2026-02-23T00:00:00,2379,5,0,0,0,22,2384,5,0
XAGAUD,63,present,,artifacts/features/cpd/lbw_63/XAGAUD_cpd.csv,2406,2406,2016-10-24T00:00:00,2026-02-23T00:00:00,2342,0,0,0,0,64,2342,0,0
XAGAUD,126,present,,artifacts/features/cpd/lbw_126/XAGAUD_cpd.csv,2406,2406,2016-10-24T00:00:00,2026-02-23T00:00:00,2279,0,0,0,0,127,2279,0,0
XAGAUD,252,present,,artifacts/features/cpd/lbw_252/XAGAUD_cpd.csv,2406,2406,2016-10-24T00:00:00,2026-02-23T00:00:00,2153,0,0,0,0,253,2153,0,0
XAGEUR,10,present,,artifacts/features/cpd/lbw_10/XAGEUR_cpd.csv,2198,2198,2017-08-14T00:00:00,2026-02-23T00:00:00,2178,9,0,0,0,11,2187,9,0
XAGEUR,21,present,,artifacts/features/cpd/lbw_21/XAGEUR_cpd.csv,2198,2198,2017-08-14T00:00:00,2026-02-23T00:00:00,2170,5,1,0,0,22,2176,6,1
XAGEUR,63,present,,artifacts/features/cpd/lbw_63/XAGEUR_cpd.csv,2198,2198,2017-08-14T00:00:00,2026-02-23T00:00:00,2133,1,0,0,0,64,2134,1,0
XAGEUR,126,present,,artifacts/features/cpd/lbw_126/XAGEUR_cpd.csv,2198,2198,2017-08-14T00:00:00,2026-02-23T00:00:00,2071,0,0,0,0,127,2071,0,0
XAGEUR,252,present,,artifacts/features/cpd/lbw_252/XAGEUR_cpd.csv,2198,2198,2017-08-14T00:00:00,2026-02-23T00:00:00,1945,0,0,0,0,253,1945,0,0
XAGUSD,10,present,,artifacts/features/cpd/lbw_10/XAGUSD_cpd.csv,4464,4464,2008-11-07T00:00:00,2026-02-23T00:00:00,4429,20,4,0,0,11,4453,24,4
XAGUSD,21,present,,artifacts/features/cpd/lbw_21/XAGUSD_cpd.csv,4464,4464,2008-11-07T00:00:00,2026-02-23T00:00:00,4438,4,0,0,0,22,4442,4,0
XAGUSD,63,present,,artifacts/features/cpd/lbw_63/XAGUSD_cpd.csv,4464,4464,2008-11-07T00:00:00,2026-02-23T00:00:00,4400,0,0,0,0,64,4400,0,0
XAGUSD,126,present,,artifacts/features/cpd/lbw_126/XAGUSD_cpd.csv,4464,4464,2008-11-07T00:00:00,2026-02-23T00:00:00,4336,1,0,0,0,127,4337,1,0
XAGUSD,252,present,,artifacts/features/cpd/lbw_252/XAGUSD_cpd.csv,4464,4464,2008-11-07T00:00:00,2026-02-23T00:00:00,4211,0,0,0,0,253,4211,0,0
XAUAUD,10,present,,artifacts/features/cpd/lbw_10/XAUAUD_cpd.csv,2409,2409,2016-10-21T00:00:00,2026-02-23T00:00:00,2392,6,0,0,0,11,2398,6,0
XAUAUD,21,present,,artifacts/features/cpd/lbw_21/XAUAUD_cpd.csv,2409,2409,2016-10-21T00:00:00,2026-02-23T00:00:00,2383,4,0,0,0,22,2387,4,0
XAUAUD,63,present,,artifacts/features/cpd/lbw_63/XAUAUD_cpd.csv,2409,2409,2016-10-21T00:00:00,2026-02-23T00:00:00,2342,3,0,0,0,64,2345,3,0
XAUAUD,126,present,,artifacts/features/cpd/lbw_126/XAUAUD_cpd.csv,2409,2409,2016-10-21T00:00:00,2026-02-23T00:00:00,2281,1,0,0,0,127,2282,1,0
XAUAUD,252,present,,artifacts/features/cpd/lbw_252/XAUAUD_cpd.csv,2409,2409,2016-10-21T00:00:00,2026-02-23T00:00:00,2154,2,0,0,0,253,2156,2,0
XAUEUR,10,present,,artifacts/features/cpd/lbw_10/XAUEUR_cpd.csv,2411,2411,2016-10-19T00:00:00,2026-02-23T00:00:00,2395,4,1,0,0,11,2400,5,1
XAUEUR,21,present,,artifacts/features/cpd/lbw_21/XAUEUR_cpd.csv,2411,2411,2016-10-19T00:00:00,2026-02-23T00:00:00,2386,3,0,0,0,22,2389,3,0
XAUEUR,63,present,,artifacts/features/cpd/lbw_63/XAUEUR_cpd.csv,2411,2411,2016-10-19T00:00:00,2026-02-23T00:00:00,2346,1,0,0,0,64,2347,1,0
XAUEUR,126,present,,artifacts/features/cpd/lbw_126/XAUEUR_cpd.csv,2411,2411,2016-10-19T00:00:00,2026-02-23T00:00:00,2283,1,0,0,0,127,2284,1,0
XAUEUR,252,present,,artifacts/features/cpd/lbw_252/XAUEUR_cpd.csv,2411,2411,2016-10-19T00:00:00,2026-02-23T00:00:00,2158,0,0,0,0,253,2158,0,0
XAUUSD,10,present,,artifacts/features/cpd/lbw_10/XAUUSD_cpd.csv,5583,5583,2004-06-11T00:00:00,2026-02-23T00:00:00,5559,13,0,0,0,11,5572,13,0
XAUUSD,21,present,,artifacts/features/cpd/lbw_21/XAUUSD_cpd.csv,5583,5583,2004-06-11T00:00:00,2026-02-23T00:00:00,5558,3,0,0,0,22,5561,3,0
XAUUSD,63,present,,artifacts/features/cpd/lbw_63/XAUUSD_cpd.csv,5583,5583,2004-06-11T00:00:00,2026-02-23T00:00:00,5518,0,1,0,0,64,5519,1,1
XAUUSD,126,present,,artifacts/features/cpd/lbw_126/XAUUSD_cpd.csv,5583,5583,2004-06-11T00:00:00,2026-02-23T00:00:00,5456,0,0,0,0,127,5456,0,0
XAUUSD,252,present,,artifacts/features/cpd/lbw_252/XAUUSD_cpd.csv,5583,5583,2004-06-11T00:00:00,2026-02-23T00:00:00,5330,0,0,0,0,253,5330,0,0
XPDUSD,10,present,,artifacts/features/cpd/lbw_10/XPDUSD_cpd.csv,2762,2762,2015-01-07T00:00:00,2026-02-23T00:00:00,2736,14,1,0,0,11,2751,15,1
XPDUSD,21,present,,artifacts/features/cpd/lbw_21/XPDUSD_cpd.csv,2762,2762,2015-01-07T00:00:00,2026-02-23T00:00:00,2737,3,0,0,0,22,2740,3,0
XPDUSD,63,present,,artifacts/features/cpd/lbw_63/XPDUSD_cpd.csv,2762,2762,2015-01-07T00:00:00,2026-02-23T00:00:00,2697,1,0,0,0,64,2698,1,0
XPDUSD,126,present,,artifacts/features/cpd/lbw_126/XPDUSD_cpd.csv,2762,2762,2015-01-07T00:00:00,2026-02-23T00:00:00,2635,0,0,0,0,127,2635,0,0
XPDUSD,252,present,,artifacts/features/cpd/lbw_252/XPDUSD_cpd.csv,2762,2762,2015-01-07T00:00:00,2026-02-23T00:00:00,2509,0,0,0,0,253,2509,0,0
XPTUSD,10,present,,artifacts/features/cpd/lbw_10/XPTUSD_cpd.csv,2775,2775,2015-01-07T00:00:00,2026-02-23T00:00:00,2755,6,3,0,0,11,2764,9,3
XPTUSD,21,present,,artifacts/features/cpd/lbw_21/XPTUSD_cpd.csv,2775,2775,2015-01-07T00:00:00,2026-02-23T00:00:00,2750,3,0,0,0,22,2753,3,0
XPTUSD,63,present,,artifacts/features/cpd/lbw_63/XPTUSD_cpd.csv,2775,2775,2015-01-07T00:00:00,2026-02-23T00:00:00,2709,2,0,0,0,64,2711,2,0
XPTUSD,126,present,,artifacts/features/cpd/lbw_126/XPTUSD_cpd.csv,2775,2775,2015-01-07T00:00:00,2026-02-23T00:00:00,2647,1,0,0,0,127,2648,1,0
XPTUSD,252,present,,artifacts/features/cpd/lbw_252/XPTUSD_cpd.csv,2775,2775,2015-01-07T00:00:00,2026-02-23T00:00:00,2521,1,0,0,0,253,2522,1,0
