lbw,asset_id,state,rows_written,last_timestamp,retry_count,fallback_count,started_at,finished_at,output_path,error_message
10,AAPL,completed,5330,2026-02-20T00:00:00,19,5,2026-04-23T08:08:46Z,2026-04-23T08:08:46Z,artifacts/features/cpd/lbw_10/AAPL_cpd.csv,
21,AAPL,completed,5330,2026-02-20T00:00:00,8,0,2026-04-23T22:38:09Z,2026-04-23T22:38:09Z,artifacts/features/cpd/lbw_21/AAPL_cpd.csv,
63,AAPL,completed,5330,2026-02-20T00:00:00,0,0,2026-04-24T20:00:16Z,2026-04-24T20:00:16Z,artifacts/features/cpd/lbw_63/AAPL_cpd.csv,
126,AAPL,completed,5330,2026-02-20T00:00:00,0,0,2026-04-25T21:54:32Z,2026-04-25T21:54:32Z,artifacts/features/cpd/lbw_126/AAPL_cpd.csv,
252,AAPL,completed,5330,2026-02-20T00:00:00,0,0,2026-04-27T11:20:26Z,2026-04-27T11:20:26Z,artifacts/features/cpd/lbw_252/AAPL_cpd.csv,
10,AAVUSD,completed,1873,2026-02-23T00:00:00,9,0,2026-04-23T08:08:46Z,2026-04-23T08:08:46Z,artifacts/features/cpd/lbw_10/AAVUSD_cpd.csv,
21,AAVUSD,completed,1873,2026-02-23T00:00:00,2,0,2026-04-23T22:38:09Z,2026-04-23T22:38:09Z,artifacts/features/cpd/lbw_21/AAVUSD_cpd.csv,
63,AAVUSD,completed,1873,2026-02-23T00:00:00,2,0,2026-04-24T20:00:16Z,2026-04-24T20:00:16Z,artifacts/features/cpd/lbw_63/AAVUSD_cpd.csv,
126,AAVUSD,completed,1873,2026-02-23T00:00:00,0,0,2026-04-25T21:54:32Z,2026-04-25T21:54:32Z,artifacts/features/cpd/lbw_126/AAVUSD_cpd.csv,
252,AAVUSD,completed,1873,2026-02-23T00:00:00,1,0,2026-04-27T11:20:26Z,2026-04-27T11:20:26Z,artifacts/features/cpd/lbw_252/AAVUSD_cpd.csv,
10,ADAUSD,completed,1623,2026-02-23T00:00:00,4,1,2026-04-23T08:08:49Z,2026-04-23T08:08:49Z,artifacts/features/cpd/lbw_10/ADAUSD_cpd.csv,
21,ADAUSD,completed,1623,2026-02-23T00:00:00,0,0,2026-04-23T22:38:12Z,2026-04-23T22:38:12Z,artifacts/features/cpd/lbw_21/ADAUSD_cpd.csv,
63,ADAUSD,completed,1623,2026-02-23T00:00:00,0,0,2026-04-24T20:00:19Z,2026-04-24T20:00:19Z,artifacts/features/cpd/lbw_63/ADAUSD_cpd.csv,
126,ADAUSD,completed,1623,2026-02-23T00:00:00,0,0,2026-04-25T21:54:35Z,2026-04-25T21:54:35Z,artifacts/features/cpd/lbw_126/ADAUSD_cpd.csv,
252,ADAUSD,completed,1623,2026-02-23T00:00:00,0,0,2026-04-27T11:20:26Z,2026-04-27T11:20:26Z,artifacts/features/cpd/lbw_252/ADAUSD_cpd.csv,
10,AIRF,completed,1741,2026-02-20T00:00:00,4,0,2026-04-23T08:08:49Z,2026-04-23T08:08:49Z,artifacts/features/cpd/lbw_10/AIRF_cpd.csv,
21,AIRF,completed,1741,2026-02-20T00:00:00,1,0,2026-04-23T22:38:12Z,2026-04-23T22:38:12Z,artifacts/features/cpd/lbw_21/AIRF_cpd.csv,
63,AIRF,completed,1741,2026-02-20T00:00:00,3,0,2026-04-24T20:00:19Z,2026-04-24T20:00:19Z,artifacts/features/cpd/lbw_63/AIRF_cpd.csv,
126,AIRF,completed,1741,2026-02-20T00:00:00,0,0,2026-04-25T21:54:35Z,2026-04-25T21:54:35Z,artifacts/features/cpd/lbw_126/AIRF_cpd.csv,
252,AIRF,completed,1741,2026-02-20T00:00:00,2,0,2026-04-27T11:20:29Z,2026-04-27T11:20:29Z,artifacts/features/cpd/lbw_252/AIRF_cpd.csv,
10,ALGUSD,completed,2312,2026-02-23T00:00:00,4,1,2026-04-23T08:08:52Z,2026-04-23T08:08:52Z,artifacts/features/cpd/lbw_10/ALGUSD_cpd.csv,
21,ALGUSD,completed,2312,2026-02-23T00:00:00,1,0,2026-04-23T22:38:15Z,2026-04-23T22:38:15Z,artifacts/features/cpd/lbw_21/ALGUSD_cpd.csv,
63,ALGUSD,completed,2312,2026-02-23T00:00:00,1,0,2026-04-24T20:00:23Z,2026-04-24T20:00:23Z,artifacts/features/cpd/lbw_63/ALGUSD_cpd.csv,
126,ALGUSD,completed,2312,2026-02-23T00:00:00,0,0,2026-04-25T21:54:38Z,2026-04-25T21:54:38Z,artifacts/features/cpd/lbw_126/ALGUSD_cpd.csv,
252,ALGUSD,completed,2312,2026-02-23T00:00:00,0,0,2026-04-27T11:20:29Z,2026-04-27T11:20:29Z,artifacts/features/cpd/lbw_252/ALGUSD_cpd.csv,
10,ALVG,completed,1731,2026-02-20T00:00:00,11,0,2026-04-23T08:08:52Z,2026-04-23T08:08:52Z,artifacts/features/cpd/lbw_10/ALVG_cpd.csv,
21,ALVG,completed,1731,2026-02-20T00:00:00,3,2,2026-04-23T22:38:15Z,2026-04-23T22:38:15Z,artifacts/features/cpd/lbw_21/ALVG_cpd.csv,
63,ALVG,completed,1731,2026-02-20T00:00:00,1,1,2026-04-24T20:00:23Z,2026-04-24T20:00:23Z,artifacts/features/cpd/lbw_63/ALVG_cpd.csv,
126,ALVG,completed,1731,2026-02-20T00:00:00,2,0,2026-04-25T21:54:38Z,2026-04-25T21:54:38Z,artifacts/features/cpd/lbw_126/ALVG_cpd.csv,
252,ALVG,completed,1731,2026-02-20T00:00:00,0,0,2026-04-27T11:20:29Z,2026-04-27T11:20:29Z,artifacts/features/cpd/lbw_252/ALVG_cpd.csv,
10,AMZN,completed,1714,2026-02-20T00:00:00,9,2,2026-04-23T08:08:55Z,2026-04-23T08:08:55Z,artifacts/features/cpd/lbw_10/AMZN_cpd.csv,
21,AMZN,completed,1714,2026-02-20T00:00:00,1,0,2026-04-23T22:38:18Z,2026-04-23T22:38:18Z,artifacts/features/cpd/lbw_21/AMZN_cpd.csv,
63,AMZN,completed,1714,2026-02-20T00:00:00,1,0,2026-04-24T20:00:26Z,2026-04-24T20:00:26Z,artifacts/features/cpd/lbw_63/AMZN_cpd.csv,
126,AMZN,completed,1714,2026-02-20T00:00:00,0,0,2026-04-25T21:54:41Z,2026-04-25T21:54:41Z,artifacts/features/cpd/lbw_126/AMZN_cpd.csv,
252,AMZN,completed,1714,2026-02-20T00:00:00,0,0,2026-04-27T11:20:32Z,2026-04-27T11:20:32Z,artifacts/features/cpd/lbw_252/AMZN_cpd.csv,
10,AUDCAD,completed,6708,2026-02-23T00:00:00,17,2,2026-04-23T08:08:55Z,2026-04-23T08:08:55Z,artifacts/features/cpd/lbw_10/AUDCAD_cpd.csv,
21,AUDCAD,completed,6708,2026-02-23T00:00:00,5,0,2026-04-23T22:38:18Z,2026-04-23T22:38:18Z,artifacts/features/cpd/lbw_21/AUDCAD_cpd.csv,
63,AUDCAD,completed,6708,2026-02-23T00:00:00,2,0,2026-04-24T20:00:26Z,2026-04-24T20:00:26Z,artifacts/features/cpd/lbw_63/AUDCAD_cpd.csv,
126,AUDCAD,completed,6708,2026-02-23T00:00:00,0,0,2026-04-25T21:54:41Z,2026-04-25T21:54:41Z,artifacts/features/cpd/lbw_126/AUDCAD_cpd.csv,
252,AUDCAD,completed,6708,2026-02-23T00:00:00,0,0,2026-04-27T11:20:33Z,2026-04-27T11:20:33Z,artifacts/features/cpd/lbw_252/AUDCAD_cpd.csv,
10,AUDCHF,completed,6639,2026-02-23T00:00:00,26,5,2026-04-23T08:08:58Z,2026-04-23T08:08:58Z,artifacts/features/cpd/lbw_10/AUDCHF_cpd.csv,
21,AUDCHF,completed,6639,2026-02-23T00:00:00,6,0,2026-04-23T22:38:21Z,2026-04-23T22:38:21Z,artifacts/features/cpd/lbw_21/AUDCHF_cpd.csv,
63,AUDCHF,completed,6639,2026-02-23T00:00:00,2,0,2026-04-24T20:00:29Z,2026-04-24T20:00:29Z,artifacts/features/cpd/lbw_63/AUDCHF_cpd.csv,
126,AUDCHF,completed,6639,2026-02-23T00:00:00,0,0,2026-04-25T21:54:44Z,2026-04-25T21:54:44Z,artifacts/features/cpd/lbw_126/AUDCHF_cpd.csv,
252,AUDCHF,completed,6639,2026-02-23T00:00:00,1,0,2026-04-27T11:20:33Z,2026-04-27T11:20:33Z,artifacts/features/cpd/lbw_252/AUDCHF_cpd.csv,
10,AUDJPY,completed,6672,2026-02-23T00:00:00,22,3,2026-04-23T08:08:58Z,2026-04-23T08:08:58Z,artifacts/features/cpd/lbw_10/AUDJPY_cpd.csv,
21,AUDJPY,completed,6672,2026-02-23T00:00:00,11,0,2026-04-23T22:38:21Z,2026-04-23T22:38:21Z,artifacts/features/cpd/lbw_21/AUDJPY_cpd.csv,
63,AUDJPY,completed,6672,2026-02-23T00:00:00,4,0,2026-04-24T20:00:29Z,2026-04-24T20:00:29Z,artifacts/features/cpd/lbw_63/AUDJPY_cpd.csv,
126,AUDJPY,completed,6672,2026-02-23T00:00:00,0,0,2026-04-25T21:54:44Z,2026-04-25T21:54:44Z,artifacts/features/cpd/lbw_126/AUDJPY_cpd.csv,
252,AUDJPY,completed,6672,2026-02-23T00:00:00,0,0,2026-04-27T11:20:36Z,2026-04-27T11:20:36Z,artifacts/features/cpd/lbw_252/AUDJPY_cpd.csv,
10,AUDNZD,completed,6618,2026-02-23T00:00:00,11,1,2026-04-23T08:09:01Z,2026-04-23T08:09:01Z,artifacts/features/cpd/lbw_10/AUDNZD_cpd.csv,
21,AUDNZD,completed,6618,2026-02-23T00:00:00,7,0,2026-04-23T22:38:24Z,2026-04-23T22:38:24Z,artifacts/features/cpd/lbw_21/AUDNZD_cpd.csv,
63,AUDNZD,completed,6618,2026-02-23T00:00:00,0,0,2026-04-24T20:00:33Z,2026-04-24T20:00:33Z,artifacts/features/cpd/lbw_63/AUDNZD_cpd.csv,
126,AUDNZD,completed,6618,2026-02-23T00:00:00,0,0,2026-04-25T21:54:47Z,2026-04-25T21:54:47Z,artifacts/features/cpd/lbw_126/AUDNZD_cpd.csv,
252,AUDNZD,completed,6618,2026-02-23T00:00:00,0,0,2026-04-27T11:20:36Z,2026-04-27T11:20:36Z,artifacts/features/cpd/lbw_252/AUDNZD_cpd.csv,
10,AUDUSD,completed,6730,2026-02-23T00:00:00,17,3,2026-04-23T08:09:01Z,2026-04-23T08:09:01Z,artifacts/features/cpd/lbw_10/AUDUSD_cpd.csv,
21,AUDUSD,completed,6730,2026-02-23T00:00:00,8,0,2026-04-23T22:38:24Z,2026-04-23T22:38:24Z,artifacts/features/cpd/lbw_21/AUDUSD_cpd.csv,
63,AUDUSD,completed,6730,2026-02-23T00:00:00,3,0,2026-04-24T20:00:33Z,2026-04-24T20:00:33Z,artifacts/features/cpd/lbw_63/AUDUSD_cpd.csv,
126,AUDUSD,completed,6730,2026-02-23T00:00:00,0,0,2026-04-25T21:54:47Z,2026-04-25T21:54:47Z,artifacts/features/cpd/lbw_126/AUDUSD_cpd.csv,
252,AUDUSD,completed,6730,2026-02-23T00:00:00,0,0,2026-04-27T11:20:36Z,2026-04-27T11:20:36Z,artifacts/features/cpd/lbw_252/AUDUSD_cpd.csv,
10,AUS200.cash,completed,1780,2026-02-23T00:00:00,2,1,2026-04-23T08:09:04Z,2026-04-23T08:09:04Z,artifacts/features/cpd/lbw_10/AUS200.cash_cpd.csv,
21,AUS200.cash,completed,1780,2026-02-23T00:00:00,0,0,2026-04-23T22:38:27Z,2026-04-23T22:38:27Z,artifacts/features/cpd/lbw_21/AUS200.cash_cpd.csv,
63,AUS200.cash,completed,1780,2026-02-23T00:00:00,1,0,2026-04-24T20:00:36Z,2026-04-24T20:00:36Z,artifacts/features/cpd/lbw_63/AUS200.cash_cpd.csv,
126,AUS200.cash,completed,1780,2026-02-23T00:00:00,0,0,2026-04-25T21:54:51Z,2026-04-25T21:54:51Z,artifacts/features/cpd/lbw_126/AUS200.cash_cpd.csv,
252,AUS200.cash,completed,1780,2026-02-23T00:00:00,0,0,2026-04-27T11:20:39Z,2026-04-27T11:20:39Z,artifacts/features/cpd/lbw_252/AUS200.cash_cpd.csv,
10,AVAUSD,completed,1975,2026-02-23T00:00:00,2,1,2026-04-23T08:09:04Z,2026-04-23T08:09:04Z,artifacts/features/cpd/lbw_10/AVAUSD_cpd.csv,
21,AVAUSD,completed,1975,2026-02-23T00:00:00,7,0,2026-04-23T22:38:27Z,2026-04-23T22:38:27Z,artifacts/features/cpd/lbw_21/AVAUSD_cpd.csv,
63,AVAUSD,completed,1975,2026-02-23T00:00:00,0,0,2026-04-24T20:00:36Z,2026-04-24T20:00:36Z,artifacts/features/cpd/lbw_63/AVAUSD_cpd.csv,
126,AVAUSD,completed,1975,2026-02-23T00:00:00,0,0,2026-04-25T21:54:51Z,2026-04-25T21:54:51Z,artifacts/features/cpd/lbw_126/AVAUSD_cpd.csv,
252,AVAUSD,completed,1975,2026-02-23T00:00:00,0,0,2026-04-27T11:20:39Z,2026-04-27T11:20:39Z,artifacts/features/cpd/lbw_252/AVAUSD_cpd.csv,
10,BABA,completed,1714,2026-02-20T00:00:00,5,0,2026-04-23T08:09:07Z,2026-04-23T08:09:07Z,artifacts/features/cpd/lbw_10/BABA_cpd.csv,
21,BABA,completed,1714,2026-02-20T00:00:00,4,1,2026-04-23T22:38:30Z,2026-04-23T22:38:30Z,artifacts/features/cpd/lbw_21/BABA_cpd.csv,
63,BABA,completed,1714,2026-02-20T00:00:00,0,0,2026-04-24T20:00:40Z,2026-04-24T20:00:40Z,artifacts/features/cpd/lbw_63/BABA_cpd.csv,
126,BABA,completed,1714,2026-02-20T00:00:00,0,0,2026-04-25T21:54:54Z,2026-04-25T21:54:54Z,artifacts/features/cpd/lbw_126/BABA_cpd.csv,
252,BABA,completed,1714,2026-02-20T00:00:00,0,0,2026-04-27T11:20:39Z,2026-04-27T11:20:39Z,artifacts/features/cpd/lbw_252/BABA_cpd.csv,
10,BAC,completed,1714,2026-02-20T00:00:00,5,1,2026-04-23T08:09:07Z,2026-04-23T08:09:07Z,artifacts/features/cpd/lbw_10/BAC_cpd.csv,
21,BAC,completed,1714,2026-02-20T00:00:00,3,0,2026-04-23T22:38:30Z,2026-04-23T22:38:30Z,artifacts/features/cpd/lbw_21/BAC_cpd.csv,
63,BAC,completed,1714,2026-02-20T00:00:00,0,0,2026-04-24T20:00:40Z,2026-04-24T20:00:40Z,artifacts/features/cpd/lbw_63/BAC_cpd.csv,
126,BAC,completed,1714,2026-02-20T00:00:00,0,0,2026-04-25T21:54:54Z,2026-04-25T21:54:54Z,artifacts/features/cpd/lbw_126/BAC_cpd.csv,
252,BAC,completed,1714,2026-02-20T00:00:00,0,0,2026-04-27T11:20:42Z,2026-04-27T11:20:42Z,artifacts/features/cpd/lbw_252/BAC_cpd.csv,
10,BARUSD,completed,1799,2026-02-23T00:00:00,4,0,2026-04-23T08:09:10Z,2026-04-23T08:09:10Z,artifacts/features/cpd/lbw_10/BARUSD_cpd.csv,
21,BARUSD,completed,1799,2026-02-23T00:00:00,2,0,2026-04-23T22:38:33Z,2026-04-23T22:38:33Z,artifacts/features/cpd/lbw_21/BARUSD_cpd.csv,
63,BARUSD,completed,1799,2026-02-23T00:00:00,1,0,2026-04-24T20:00:43Z,2026-04-24T20:00:43Z,artifacts/features/cpd/lbw_63/BARUSD_cpd.csv,
126,BARUSD,completed,1799,2026-02-23T00:00:00,1,0,2026-04-25T21:54:57Z,2026-04-25T21:54:57Z,artifacts/features/cpd/lbw_126/BARUSD_cpd.csv,
252,BARUSD,completed,1799,2026-02-23T00:00:00,0,0,2026-04-27T11:20:42Z,2026-04-27T11:20:42Z,artifacts/features/cpd/lbw_252/BARUSD_cpd.csv,
10,BAYGn,completed,1732,2026-02-20T00:00:00,8,3,2026-04-23T08:09:10Z,2026-04-23T08:09:10Z,artifacts/features/cpd/lbw_10/BAYGn_cpd.csv,
21,BAYGn,completed,1732,2026-02-20T00:00:00,2,0,2026-04-23T22:38:33Z,2026-04-23T22:38:33Z,artifacts/features/cpd/lbw_21/BAYGn_cpd.csv,
63,BAYGn,completed,1732,2026-02-20T00:00:00,0,0,2026-04-24T20:00:43Z,2026-04-24T20:00:43Z,artifacts/features/cpd/lbw_63/BAYGn_cpd.csv,
126,BAYGn,completed,1732,2026-02-20T00:00:00,0,0,2026-04-25T21:54:57Z,2026-04-25T21:54:57Z,artifacts/features/cpd/lbw_126/BAYGn_cpd.csv,
252,BAYGn,completed,1732,2026-02-20T00:00:00,0,0,2026-04-27T11:20:42Z,2026-04-27T11:20:42Z,artifacts/features/cpd/lbw_252/BAYGn_cpd.csv,
10,BCHUSD,completed,3072,2026-02-23T00:00:00,14,0,2026-04-23T08:09:13Z,2026-04-23T08:09:13Z,artifacts/features/cpd/lbw_10/BCHUSD_cpd.csv,
21,BCHUSD,completed,3072,2026-02-23T00:00:00,2,1,2026-04-23T22:38:36Z,2026-04-23T22:38:36Z,artifacts/features/cpd/lbw_21/BCHUSD_cpd.csv,
63,BCHUSD,completed,3072,2026-02-23T00:00:00,0,0,2026-04-24T20:00:46Z,2026-04-24T20:00:46Z,artifacts/features/cpd/lbw_63/BCHUSD_cpd.csv,
126,BCHUSD,completed,3072,2026-02-23T00:00:00,0,0,2026-04-25T21:55:00Z,2026-04-25T21:55:00Z,artifacts/features/cpd/lbw_126/BCHUSD_cpd.csv,
252,BCHUSD,completed,3072,2026-02-23T00:00:00,1,0,2026-04-27T11:20:45Z,2026-04-27T11:20:45Z,artifacts/features/cpd/lbw_252/BCHUSD_cpd.csv,
10,BNBUSD,completed,3130,2026-02-23T00:00:00,9,1,2026-04-23T08:09:13Z,2026-04-23T08:09:13Z,artifacts/features/cpd/lbw_10/BNBUSD_cpd.csv,
21,BNBUSD,completed,3130,2026-02-23T00:00:00,4,1,2026-04-23T22:38:36Z,2026-04-23T22:38:36Z,artifacts/features/cpd/lbw_21/BNBUSD_cpd.csv,
63,BNBUSD,completed,3130,2026-02-23T00:00:00,0,0,2026-04-24T20:00:46Z,2026-04-24T20:00:46Z,artifacts/features/cpd/lbw_63/BNBUSD_cpd.csv,
126,BNBUSD,completed,3130,2026-02-23T00:00:00,1,0,2026-04-25T21:55:00Z,2026-04-25T21:55:00Z,artifacts/features/cpd/lbw_126/BNBUSD_cpd.csv,
252,BNBUSD,completed,3130,2026-02-23T00:00:00,0,0,2026-04-27T11:20:45Z,2026-04-27T11:20:45Z,artifacts/features/cpd/lbw_252/BNBUSD_cpd.csv,
10,BTCUSD,completed,5341,2026-02-23T00:00:00,18,1,2026-04-23T08:09:16Z,2026-04-23T08:09:16Z,artifacts/features/cpd/lbw_10/BTCUSD_cpd.csv,
21,BTCUSD,completed,5341,2026-02-23T00:00:00,6,3,2026-04-23T22:38:39Z,2026-04-23T22:38:39Z,artifacts/features/cpd/lbw_21/BTCUSD_cpd.csv,
63,BTCUSD,completed,5341,2026-02-23T00:00:00,2,0,2026-04-24T20:00:50Z,2026-04-24T20:00:50Z,artifacts/features/cpd/lbw_63/BTCUSD_cpd.csv,
126,BTCUSD,completed,5341,2026-02-23T00:00:00,2,0,2026-04-25T21:55:03Z,2026-04-25T21:55:03Z,artifacts/features/cpd/lbw_126/BTCUSD_cpd.csv,
252,BTCUSD,completed,5341,2026-02-23T00:00:00,0,0,2026-04-27T11:20:45Z,2026-04-27T11:20:45Z,artifacts/features/cpd/lbw_252/BTCUSD_cpd.csv,
10,CADCHF,completed,6560,2026-02-23T00:00:00,15,5,2026-04-23T08:09:16Z,2026-04-23T08:09:16Z,artifacts/features/cpd/lbw_10/CADCHF_cpd.csv,
21,CADCHF,completed,6560,2026-02-23T00:00:00,6,0,2026-04-23T22:38:39Z,2026-04-23T22:38:39Z,artifacts/features/cpd/lbw_21/CADCHF_cpd.csv,
63,CADCHF,completed,6560,2026-02-23T00:00:00,1,0,2026-04-24T20:00:50Z,2026-04-24T20:00:50Z,artifacts/features/cpd/lbw_63/CADCHF_cpd.csv,
126,CADCHF,completed,6560,2026-02-23T00:00:00,0,0,2026-04-25T21:55:03Z,2026-04-25T21:55:03Z,artifacts/features/cpd/lbw_126/CADCHF_cpd.csv,
252,CADCHF,completed,6560,2026-02-23T00:00:00,0,0,2026-04-27T11:20:49Z,2026-04-27T11:20:49Z,artifacts/features/cpd/lbw_252/CADCHF_cpd.csv,
10,CADJPY,completed,4926,2026-02-23T00:00:00,10,1,2026-04-23T08:09:19Z,2026-04-23T08:09:19Z,artifacts/features/cpd/lbw_10/CADJPY_cpd.csv,
21,CADJPY,completed,4926,2026-02-23T00:00:00,3,1,2026-04-23T22:38:41Z,2026-04-23T22:38:41Z,artifacts/features/cpd/lbw_21/CADJPY_cpd.csv,
63,CADJPY,completed,4926,2026-02-23T00:00:00,1,0,2026-04-24T20:00:54Z,2026-04-24T20:00:54Z,artifacts/features/cpd/lbw_63/CADJPY_cpd.csv,
126,CADJPY,completed,4926,2026-02-23T00:00:00,0,0,2026-04-25T21:55:06Z,2026-04-25T21:55:06Z,artifacts/features/cpd/lbw_126/CADJPY_cpd.csv,
252,CADJPY,completed,4926,2026-02-23T00:00:00,0,0,2026-04-27T11:20:49Z,2026-04-27T11:20:49Z,artifacts/features/cpd/lbw_252/CADJPY_cpd.csv,
10,CHFJPY,completed,6674,2026-02-23T00:00:00,21,3,2026-04-23T08:09:19Z,2026-04-23T08:09:19Z,artifacts/features/cpd/lbw_10/CHFJPY_cpd.csv,
21,CHFJPY,completed,6674,2026-02-23T00:00:00,5,1,2026-04-23T22:38:41Z,2026-04-23T23:09:10Z,artifacts/features/cpd/lbw_21/CHFJPY_cpd.csv,
63,CHFJPY,completed,6674,2026-02-23T00:00:00,2,0,2026-04-24T20:00:54Z,2026-04-24T20:00:54Z,artifacts/features/cpd/lbw_63/CHFJPY_cpd.csv,
126,CHFJPY,completed,6674,2026-02-23T00:00:00,1,0,2026-04-25T21:55:06Z,2026-04-25T21:55:06Z,artifacts/features/cpd/lbw_126/CHFJPY_cpd.csv,
252,CHFJPY,completed,6674,2026-02-23T00:00:00,0,0,2026-04-27T11:20:49Z,2026-04-27T11:20:49Z,artifacts/features/cpd/lbw_252/CHFJPY_cpd.csv,
10,COCOA.c,completed,776,2026-02-20T00:00:00,1,0,2026-04-23T08:09:22Z,2026-04-23T08:13:22Z,artifacts/features/cpd/lbw_10/COCOA.c_cpd.csv,
21,COCOA.c,completed,776,2026-02-20T00:00:00,3,0,2026-04-23T22:38:44Z,2026-04-23T22:42:39Z,artifacts/features/cpd/lbw_21/COCOA.c_cpd.csv,
63,COCOA.c,completed,776,2026-02-20T00:00:00,0,0,2026-04-24T20:00:57Z,2026-04-24T20:00:57Z,artifacts/features/cpd/lbw_63/COCOA.c_cpd.csv,
126,COCOA.c,completed,776,2026-02-20T00:00:00,1,0,2026-04-25T21:55:09Z,2026-04-25T21:55:09Z,artifacts/features/cpd/lbw_126/COCOA.c_cpd.csv,
252,COCOA.c,completed,776,2026-02-20T00:00:00,0,0,2026-04-27T11:20:52Z,2026-04-27T11:20:52Z,artifacts/features/cpd/lbw_252/COCOA.c_cpd.csv,
10,COFFEE.c,completed,776,2026-02-20T00:00:00,3,0,2026-04-23T08:09:22Z,2026-04-23T08:13:22Z,artifacts/features/cpd/lbw_10/COFFEE.c_cpd.csv,
21,COFFEE.c,completed,776,2026-02-20T00:00:00,0,0,2026-04-23T22:42:48Z,2026-04-23T22:46:41Z,artifacts/features/cpd/lbw_21/COFFEE.c_cpd.csv,
63,COFFEE.c,completed,776,2026-02-20T00:00:00,0,0,2026-04-24T20:00:57Z,2026-04-24T20:00:57Z,artifacts/features/cpd/lbw_63/COFFEE.c_cpd.csv,
126,COFFEE.c,completed,776,2026-02-20T00:00:00,1,0,2026-04-25T21:55:09Z,2026-04-25T21:55:09Z,artifacts/features/cpd/lbw_126/COFFEE.c_cpd.csv,
252,COFFEE.c,completed,776,2026-02-20T00:00:00,0,0,2026-04-27T11:20:52Z,2026-04-27T11:20:52Z,artifacts/features/cpd/lbw_252/COFFEE.c_cpd.csv,
10,CORN.c,completed,728,2026-02-23T00:00:00,0,0,2026-04-23T08:13:33Z,2026-04-23T08:17:24Z,artifacts/features/cpd/lbw_10/CORN.c_cpd.csv,
21,CORN.c,completed,728,2026-02-23T00:00:00,3,0,2026-04-23T22:46:50Z,2026-04-23T22:50:26Z,artifacts/features/cpd/lbw_21/CORN.c_cpd.csv,
63,CORN.c,completed,728,2026-02-23T00:00:00,0,0,2026-04-24T20:01:01Z,2026-04-24T20:01:01Z,artifacts/features/cpd/lbw_63/CORN.c_cpd.csv,
126,CORN.c,completed,728,2026-02-23T00:00:00,0,0,2026-04-25T21:55:12Z,2026-04-25T21:55:12Z,artifacts/features/cpd/lbw_126/CORN.c_cpd.csv,
252,CORN.c,completed,728,2026-02-23T00:00:00,1,0,2026-04-27T11:20:52Z,2026-04-27T11:20:52Z,artifacts/features/cpd/lbw_252/CORN.c_cpd.csv,
10,DASHUSD,completed,1918,2026-02-23T00:00:00,9,0,2026-04-23T08:13:33Z,2026-04-23T08:23:40Z,artifacts/features/cpd/lbw_10/DASHUSD_cpd.csv,
21,DASHUSD,completed,1918,2026-02-23T00:00:00,3,2,2026-04-23T22:50:36Z,2026-04-23T23:00:06Z,artifacts/features/cpd/lbw_21/DASHUSD_cpd.csv,
63,DASHUSD,completed,1918,2026-02-23T00:00:00,0,0,2026-04-24T20:01:01Z,2026-04-24T20:01:01Z,artifacts/features/cpd/lbw_63/DASHUSD_cpd.csv,
126,DASHUSD,completed,1918,2026-02-23T00:00:00,2,0,2026-04-25T21:55:12Z,2026-04-25T21:55:12Z,artifacts/features/cpd/lbw_126/DASHUSD_cpd.csv,
252,DASHUSD,completed,1918,2026-02-23T00:00:00,1,0,2026-04-27T11:20:55Z,2026-04-27T11:20:55Z,artifacts/features/cpd/lbw_252/DASHUSD_cpd.csv,
10,DBKGn,completed,1731,2026-02-20T00:00:00,7,0,2026-04-23T08:17:33Z,2026-04-23T08:26:37Z,artifacts/features/cpd/lbw_10/DBKGn_cpd.csv,
21,DBKGn,completed,1731,2026-02-20T00:00:00,3,0,2026-04-23T23:00:25Z,2026-04-23T23:08:58Z,artifacts/features/cpd/lbw_21/DBKGn_cpd.csv,
63,DBKGn,completed,1731,2026-02-20T00:00:00,0,0,2026-04-24T20:01:04Z,2026-04-24T20:01:04Z,artifacts/features/cpd/lbw_63/DBKGn_cpd.csv,
126,DBKGn,completed,1731,2026-02-20T00:00:00,0,0,2026-04-25T21:55:15Z,2026-04-25T21:55:15Z,artifacts/features/cpd/lbw_126/DBKGn_cpd.csv,
252,DBKGn,completed,1731,2026-02-20T00:00:00,0,0,2026-04-27T11:20:55Z,2026-04-27T11:20:55Z,artifacts/features/cpd/lbw_252/DBKGn_cpd.csv,
10,DOGEUSD,completed,1623,2026-02-23T00:00:00,3,0,2026-04-23T08:24:00Z,2026-04-23T08:32:46Z,artifacts/features/cpd/lbw_10/DOGEUSD_cpd.csv,
21,DOGEUSD,completed,1623,2026-02-23T00:00:00,4,2,2026-04-23T23:09:17Z,2026-04-23T23:17:15Z,artifacts/features/cpd/lbw_21/DOGEUSD_cpd.csv,
63,DOGEUSD,completed,1623,2026-02-23T00:00:00,0,0,2026-04-24T20:01:04Z,2026-04-24T20:01:04Z,artifacts/features/cpd/lbw_63/DOGEUSD_cpd.csv,
126,DOGEUSD,completed,1623,2026-02-23T00:00:00,0,0,2026-04-25T21:55:15Z,2026-04-25T21:55:15Z,artifacts/features/cpd/lbw_126/DOGEUSD_cpd.csv,
252,DOGEUSD,completed,1623,2026-02-23T00:00:00,0,0,2026-04-27T11:20:55Z,2026-04-27T11:20:55Z,artifacts/features/cpd/lbw_252/DOGEUSD_cpd.csv,
10,DOTUSD,completed,1623,2026-02-23T00:00:00,3,0,2026-04-23T08:26:54Z,2026-04-23T08:35:36Z,artifacts/features/cpd/lbw_10/DOTUSD_cpd.csv,
21,DOTUSD,completed,1623,2026-02-23T00:00:00,1,0,2026-04-23T23:10:04Z,2026-04-23T23:18:00Z,artifacts/features/cpd/lbw_21/DOTUSD_cpd.csv,
63,DOTUSD,completed,1623,2026-02-23T00:00:00,0,0,2026-04-24T20:01:07Z,2026-04-24T20:01:07Z,artifacts/features/cpd/lbw_63/DOTUSD_cpd.csv,
126,DOTUSD,completed,1623,2026-02-23T00:00:00,0,0,2026-04-25T21:55:18Z,2026-04-25T21:55:18Z,artifacts/features/cpd/lbw_126/DOTUSD_cpd.csv,
252,DOTUSD,completed,1623,2026-02-23T00:00:00,0,0,2026-04-27T11:20:58Z,2026-04-27T11:20:58Z,artifacts/features/cpd/lbw_252/DOTUSD_cpd.csv,
10,DXY.cash,completed,320,2026-02-23T00:00:00,3,0,2026-04-23T08:33:04Z,2026-04-23T08:34:41Z,artifacts/features/cpd/lbw_10/DXY.cash_cpd.csv,
21,DXY.cash,completed,320,2026-02-23T00:00:00,1,0,2026-04-23T23:17:32Z,2026-04-23T23:19:00Z,artifacts/features/cpd/lbw_21/DXY.cash_cpd.csv,
63,DXY.cash,completed,320,2026-02-23T00:00:00,0,0,2026-04-24T20:01:07Z,2026-04-24T20:01:07Z,artifacts/features/cpd/lbw_63/DXY.cash_cpd.csv,
126,DXY.cash,completed,320,2026-02-23T00:00:00,0,0,2026-04-25T21:55:18Z,2026-04-25T21:55:18Z,artifacts/features/cpd/lbw_126/DXY.cash_cpd.csv,
252,DXY.cash,completed,320,2026-02-23T00:00:00,0,0,2026-04-27T11:20:58Z,2026-04-27T11:20:58Z,artifacts/features/cpd/lbw_252/DXY.cash_cpd.csv,
10,ETCUSD,completed,3072,2026-02-23T00:00:00,7,1,2026-04-23T08:34:46Z,2026-04-23T08:51:14Z,artifacts/features/cpd/lbw_10/ETCUSD_cpd.csv,
21,ETCUSD,completed,3072,2026-02-23T00:00:00,1,0,2026-04-23T23:18:16Z,2026-04-23T23:33:28Z,artifacts/features/cpd/lbw_21/ETCUSD_cpd.csv,
63,ETCUSD,completed,3072,2026-02-23T00:00:00,0,0,2026-04-24T20:01:11Z,2026-04-24T20:01:11Z,artifacts/features/cpd/lbw_63/ETCUSD_cpd.csv,
126,ETCUSD,completed,3072,2026-02-23T00:00:00,0,0,2026-04-25T21:55:21Z,2026-04-25T21:55:21Z,artifacts/features/cpd/lbw_126/ETCUSD_cpd.csv,
252,ETCUSD,completed,3072,2026-02-23T00:00:00,0,0,2026-04-27T11:20:58Z,2026-04-27T11:20:58Z,artifacts/features/cpd/lbw_252/ETCUSD_cpd.csv,
10,ETHUSD,completed,3270,2026-02-23T00:00:00,12,2,2026-04-23T08:35:52Z,2026-04-23T08:53:18Z,artifacts/features/cpd/lbw_10/ETHUSD_cpd.csv,
21,ETHUSD,completed,3270,2026-02-23T00:00:00,4,0,2026-04-23T23:19:05Z,2026-04-23T23:35:18Z,artifacts/features/cpd/lbw_21/ETHUSD_cpd.csv,
63,ETHUSD,completed,3270,2026-02-23T00:00:00,2,0,2026-04-24T20:01:11Z,2026-04-24T20:01:11Z,artifacts/features/cpd/lbw_63/ETHUSD_cpd.csv,
126,ETHUSD,completed,3270,2026-02-23T00:00:00,0,0,2026-04-25T21:55:21Z,2026-04-25T21:55:21Z,artifacts/features/cpd/lbw_126/ETHUSD_cpd.csv,
252,ETHUSD,completed,3270,2026-02-23T00:00:00,0,0,2026-04-27T11:21:01Z,2026-04-27T11:21:01Z,artifacts/features/cpd/lbw_252/ETHUSD_cpd.csv,
10,EU50.cash,completed,2075,2026-02-20T00:00:00,6,1,2026-04-23T08:51:43Z,2026-04-23T09:01:58Z,artifacts/features/cpd/lbw_10/EU50.cash_cpd.csv,
21,EU50.cash,completed,2075,2026-02-20T00:00:00,2,1,2026-04-23T23:34:00Z,2026-04-23T23:44:12Z,artifacts/features/cpd/lbw_21/EU50.cash_cpd.csv,
63,EU50.cash,completed,2075,2026-02-20T00:00:00,0,0,2026-04-24T20:01:14Z,2026-04-24T20:01:14Z,artifacts/features/cpd/lbw_63/EU50.cash_cpd.csv,
126,EU50.cash,completed,2075,2026-02-20T00:00:00,1,0,2026-04-25T21:55:24Z,2026-04-25T21:55:24Z,artifacts/features/cpd/lbw_126/EU50.cash_cpd.csv,
252,EU50.cash,completed,2075,2026-02-20T00:00:00,0,0,2026-04-27T11:21:01Z,2026-04-27T11:21:01Z,artifacts/features/cpd/lbw_252/EU50.cash_cpd.csv,
10,EURAUD,completed,5622,2026-02-23T00:00:00,11,0,2026-04-23T08:53:47Z,2026-04-23T09:22:09Z,artifacts/features/cpd/lbw_10/EURAUD_cpd.csv,
21,EURAUD,completed,5622,2026-02-23T00:00:00,7,2,2026-04-23T23:35:48Z,2026-04-24T00:03:52Z,artifacts/features/cpd/lbw_21/EURAUD_cpd.csv,
63,EURAUD,completed,5622,2026-02-23T00:00:00,0,0,2026-04-24T20:01:14Z,2026-04-24T20:01:14Z,artifacts/features/cpd/lbw_63/EURAUD_cpd.csv,
126,EURAUD,completed,5622,2026-02-23T00:00:00,1,1,2026-04-25T21:55:24Z,2026-04-25T21:55:24Z,artifacts/features/cpd/lbw_126/EURAUD_cpd.csv,
252,EURAUD,completed,5622,2026-02-23T00:00:00,1,0,2026-04-27T11:21:01Z,2026-04-27T11:21:01Z,artifacts/features/cpd/lbw_252/EURAUD_cpd.csv,
10,EURCAD,completed,6576,2026-02-23T00:00:00,16,2,2026-04-23T09:02:18Z,2026-04-23T09:36:09Z,artifacts/features/cpd/lbw_10/EURCAD_cpd.csv,
21,EURCAD,completed,6576,2026-02-23T00:00:00,5,0,2026-04-23T23:44:33Z,2026-04-24T00:17:51Z,artifacts/features/cpd/lbw_21/EURCAD_cpd.csv,
63,EURCAD,completed,6576,2026-02-23T00:00:00,1,0,2026-04-24T20:01:18Z,2026-04-24T20:01:18Z,artifacts/features/cpd/lbw_63/EURCAD_cpd.csv,
126,EURCAD,completed,6576,2026-02-23T00:00:00,0,0,2026-04-25T21:55:27Z,2026-04-25T21:55:27Z,artifacts/features/cpd/lbw_126/EURCAD_cpd.csv,
252,EURCAD,completed,6576,2026-02-23T00:00:00,1,0,2026-04-27T11:21:05Z,2026-04-27T11:21:05Z,artifacts/features/cpd/lbw_252/EURCAD_cpd.csv,
10,EURCHF,completed,6720,2026-02-23T00:00:00,22,1,2026-04-23T09:24:02Z,2026-04-23T09:58:30Z,artifacts/features/cpd/lbw_10/EURCHF_cpd.csv,
21,EURCHF,completed,6720,2026-02-23T00:00:00,10,1,2026-04-24T00:05:41Z,2026-04-24T00:39:57Z,artifacts/features/cpd/lbw_21/EURCHF_cpd.csv,
63,EURCHF,completed,6720,2026-02-23T00:00:00,3,0,2026-04-24T20:01:18Z,2026-04-24T20:01:18Z,artifacts/features/cpd/lbw_63/EURCHF_cpd.csv,
126,EURCHF,completed,6720,2026-02-23T00:00:00,3,0,2026-04-25T21:55:27Z,2026-04-25T21:55:27Z,artifacts/features/cpd/lbw_126/EURCHF_cpd.csv,
252,EURCHF,completed,6720,2026-02-23T00:00:00,1,0,2026-04-27T11:21:05Z,2026-04-27T11:21:05Z,artifacts/features/cpd/lbw_252/EURCHF_cpd.csv,
10,EURCZK,completed,2844,2026-02-23T00:00:00,12,1,2026-04-23T09:38:44Z,2026-04-23T09:52:56Z,artifacts/features/cpd/lbw_10/EURCZK_cpd.csv,
21,EURCZK,completed,2844,2026-02-23T00:00:00,0,0,2026-04-24T00:20:25Z,2026-04-24T00:34:35Z,artifacts/features/cpd/lbw_21/EURCZK_cpd.csv,
63,EURCZK,completed,2844,2026-02-23T00:00:00,0,0,2026-04-24T20:01:22Z,2026-04-24T20:01:22Z,artifacts/features/cpd/lbw_63/EURCZK_cpd.csv,
126,EURCZK,completed,2844,2026-02-23T00:00:00,0,0,2026-04-25T21:55:30Z,2026-04-25T21:55:30Z,artifacts/features/cpd/lbw_126/EURCZK_cpd.csv,
252,EURCZK,completed,2844,2026-02-23T00:00:00,1,0,2026-04-27T11:21:05Z,2026-04-27T11:21:05Z,artifacts/features/cpd/lbw_252/EURCZK_cpd.csv,
10,EURGBP,completed,6726,2026-02-23T00:00:00,24,2,2026-04-23T09:53:25Z,2026-04-23T10:27:37Z,artifacts/features/cpd/lbw_10/EURGBP_cpd.csv,
21,EURGBP,completed,6726,2026-02-23T00:00:00,8,0,2026-04-24T00:35:05Z,2026-04-24T01:09:06Z,artifacts/features/cpd/lbw_21/EURGBP_cpd.csv,
63,EURGBP,completed,6726,2026-02-23T00:00:00,1,0,2026-04-24T20:01:22Z,2026-04-24T20:01:22Z,artifacts/features/cpd/lbw_63/EURGBP_cpd.csv,
126,EURGBP,completed,6726,2026-02-23T00:00:00,0,0,2026-04-25T21:55:30Z,2026-04-25T21:55:30Z,artifacts/features/cpd/lbw_126/EURGBP_cpd.csv,
252,EURGBP,completed,6726,2026-02-23T00:00:00,0,0,2026-04-27T11:21:08Z,2026-04-27T11:21:08Z,artifacts/features/cpd/lbw_252/EURGBP_cpd.csv,
10,EURHUF,completed,2890,2026-02-23T00:00:00,6,0,2026-04-23T10:01:11Z,2026-04-23T10:15:26Z,artifacts/features/cpd/lbw_10/EURHUF_cpd.csv,
21,EURHUF,completed,2890,2026-02-23T00:00:00,2,0,2026-04-24T00:42:18Z,2026-04-24T00:56:39Z,artifacts/features/cpd/lbw_21/EURHUF_cpd.csv,
63,EURHUF,completed,2890,2026-02-23T00:00:00,1,0,2026-04-24T20:01:25Z,2026-04-24T20:01:25Z,artifacts/features/cpd/lbw_63/EURHUF_cpd.csv,
126,EURHUF,completed,2890,2026-02-23T00:00:00,0,0,2026-04-25T21:55:33Z,2026-04-25T21:55:33Z,artifacts/features/cpd/lbw_126/EURHUF_cpd.csv,
252,EURHUF,completed,2890,2026-02-23T00:00:00,0,0,2026-04-27T11:21:08Z,2026-04-27T11:21:08Z,artifacts/features/cpd/lbw_252/EURHUF_cpd.csv,
10,EURJPY,completed,6604,2026-02-23T00:00:00,18,2,2026-04-23T10:15:56Z,2026-04-23T10:49:50Z,artifacts/features/cpd/lbw_10/EURJPY_cpd.csv,
21,EURJPY,completed,6604,2026-02-23T00:00:00,6,0,2026-04-24T00:57:08Z,2026-04-24T01:30:55Z,artifacts/features/cpd/lbw_21/EURJPY_cpd.csv,
63,EURJPY,completed,6604,2026-02-23T00:00:00,2,0,2026-04-24T20:01:25Z,2026-04-24T20:01:25Z,artifacts/features/cpd/lbw_63/EURJPY_cpd.csv,
126,EURJPY,completed,6604,2026-02-23T00:00:00,0,0,2026-04-25T21:55:33Z,2026-04-25T21:55:33Z,artifacts/features/cpd/lbw_126/EURJPY_cpd.csv,
252,EURJPY,completed,6604,2026-02-23T00:00:00,1,0,2026-04-27T11:21:08Z,2026-04-27T11:21:08Z,artifacts/features/cpd/lbw_252/EURJPY_cpd.csv,
10,EURNOK,completed,3389,2026-02-23T00:00:00,14,3,2026-04-23T10:30:27Z,2026-04-23T10:47:20Z,artifacts/features/cpd/lbw_10/EURNOK_cpd.csv,
21,EURNOK,completed,3389,2026-02-23T00:00:00,8,0,2026-04-24T01:11:48Z,2026-04-24T01:28:46Z,artifacts/features/cpd/lbw_21/EURNOK_cpd.csv,
63,EURNOK,completed,3389,2026-02-23T00:00:00,0,0,2026-04-24T20:01:29Z,2026-04-24T20:01:29Z,artifacts/features/cpd/lbw_63/EURNOK_cpd.csv,
126,EURNOK,completed,3389,2026-02-23T00:00:00,0,0,2026-04-25T21:55:36Z,2026-04-25T21:55:36Z,artifacts/features/cpd/lbw_126/EURNOK_cpd.csv,
252,EURNOK,completed,3389,2026-02-23T00:00:00,0,0,2026-04-27T11:21:11Z,2026-04-27T11:21:11Z,artifacts/features/cpd/lbw_252/EURNOK_cpd.csv,
10,EURNZD,completed,6557,2026-02-23T00:00:00,23,3,2026-04-23T10:47:58Z,2026-04-23T11:21:00Z,artifacts/features/cpd/lbw_10/EURNZD_cpd.csv,
21,EURNZD,completed,6557,2026-02-23T00:00:00,9,1,2026-04-24T01:29:23Z,2026-04-24T02:02:23Z,artifacts/features/cpd/lbw_21/EURNZD_cpd.csv,
63,EURNZD,completed,6557,2026-02-23T00:00:00,0,0,2026-04-24T20:01:29Z,2026-04-24T20:01:29Z,artifacts/features/cpd/lbw_63/EURNZD_cpd.csv,
126,EURNZD,completed,6557,2026-02-23T00:00:00,0,0,2026-04-25T21:55:36Z,2026-04-25T21:55:36Z,artifacts/features/cpd/lbw_126/EURNZD_cpd.csv,
252,EURNZD,completed,6557,2026-02-23T00:00:00,0,0,2026-04-27T11:21:11Z,2026-04-27T11:21:11Z,artifacts/features/cpd/lbw_252/EURNZD_cpd.csv,
10,EURPLN,completed,2888,2026-02-23T00:00:00,8,0,2026-04-23T10:50:49Z,2026-04-23T11:05:07Z,artifacts/features/cpd/lbw_10/EURPLN_cpd.csv,
21,EURPLN,completed,2888,2026-02-23T00:00:00,2,0,2026-04-24T01:31:53Z,2026-04-24T01:46:11Z,artifacts/features/cpd/lbw_21/EURPLN_cpd.csv,
63,EURPLN,completed,2888,2026-02-23T00:00:00,1,0,2026-04-24T20:01:32Z,2026-04-24T20:01:32Z,artifacts/features/cpd/lbw_63/EURPLN_cpd.csv,
126,EURPLN,completed,2888,2026-02-23T00:00:00,0,0,2026-04-25T21:55:39Z,2026-04-25T21:55:39Z,artifacts/features/cpd/lbw_126/EURPLN_cpd.csv,
252,EURPLN,completed,2888,2026-02-23T00:00:00,1,0,2026-04-27T11:21:11Z,2026-04-27T11:21:11Z,artifacts/features/cpd/lbw_252/EURPLN_cpd.csv,
10,EURUSD,completed,6731,2026-02-23T00:00:00,20,2,2026-04-23T11:05:35Z,2026-04-23T11:40:01Z,artifacts/features/cpd/lbw_10/EURUSD_cpd.csv,
21,EURUSD,completed,6731,2026-02-23T00:00:00,14,1,2026-04-24T01:46:39Z,2026-04-24T02:21:05Z,artifacts/features/cpd/lbw_21/EURUSD_cpd.csv,
63,EURUSD,completed,6731,2026-02-23T00:00:00,0,0,2026-04-24T20:01:32Z,2026-04-24T20:01:32Z,artifacts/features/cpd/lbw_63/EURUSD_cpd.csv,
126,EURUSD,completed,6731,2026-02-23T00:00:00,0,0,2026-04-25T21:55:39Z,2026-04-25T21:55:39Z,artifacts/features/cpd/lbw_126/EURUSD_cpd.csv,
252,EURUSD,completed,6731,2026-02-23T00:00:00,0,0,2026-04-27T11:21:14Z,2026-04-27T11:21:14Z,artifacts/features/cpd/lbw_252/EURUSD_cpd.csv,
10,FETUSD,completed,624,2026-02-23T00:00:00,4,1,2026-04-23T11:23:38Z,2026-04-23T11:26:39Z,artifacts/features/cpd/lbw_10/FETUSD_cpd.csv,
21,FETUSD,completed,624,2026-02-23T00:00:00,0,0,2026-04-24T02:04:59Z,2026-04-24T02:07:57Z,artifacts/features/cpd/lbw_21/FETUSD_cpd.csv,
63,FETUSD,completed,624,2026-02-23T00:00:00,0,0,2026-04-24T20:01:35Z,2026-04-24T20:01:35Z,artifacts/features/cpd/lbw_63/FETUSD_cpd.csv,
126,FETUSD,completed,624,2026-02-23T00:00:00,0,0,2026-04-25T21:55:42Z,2026-04-25T21:55:42Z,artifacts/features/cpd/lbw_126/FETUSD_cpd.csv,
252,FETUSD,completed,624,2026-02-23T00:00:00,0,0,2026-04-27T11:21:14Z,2026-04-27T11:21:14Z,artifacts/features/cpd/lbw_252/FETUSD_cpd.csv,
10,FRA40.cash,completed,2085,2026-02-20T00:00:00,6,0,2026-04-23T11:26:47Z,2026-04-23T11:37:09Z,artifacts/features/cpd/lbw_10/FRA40.cash_cpd.csv,
21,FRA40.cash,completed,2085,2026-02-20T00:00:00,8,0,2026-04-24T02:08:04Z,2026-04-24T02:18:24Z,artifacts/features/cpd/lbw_21/FRA40.cash_cpd.csv,
63,FRA40.cash,completed,2085,2026-02-20T00:00:00,1,0,2026-04-24T20:01:36Z,2026-04-24T20:01:36Z,artifacts/features/cpd/lbw_63/FRA40.cash_cpd.csv,
126,FRA40.cash,completed,2085,2026-02-20T00:00:00,0,0,2026-04-25T21:55:42Z,2026-04-25T21:55:42Z,artifacts/features/cpd/lbw_126/FRA40.cash_cpd.csv,
252,FRA40.cash,completed,2085,2026-02-20T00:00:00,0,0,2026-04-27T11:21:14Z,2026-04-27T11:21:14Z,artifacts/features/cpd/lbw_252/FRA40.cash_cpd.csv,
10,GALUSD,completed,1614,2026-02-23T00:00:00,7,2,2026-04-23T11:37:30Z,2026-04-23T11:45:31Z,artifacts/features/cpd/lbw_10/GALUSD_cpd.csv,
21,GALUSD,completed,1614,2026-02-23T00:00:00,3,0,2026-04-24T02:18:45Z,2026-04-24T02:26:43Z,artifacts/features/cpd/lbw_21/GALUSD_cpd.csv,
63,GALUSD,completed,1614,2026-02-23T00:00:00,1,0,2026-04-24T20:01:39Z,2026-04-24T20:01:39Z,artifacts/features/cpd/lbw_63/GALUSD_cpd.csv,
126,GALUSD,completed,1614,2026-02-23T00:00:00,1,0,2026-04-25T21:55:45Z,2026-04-25T21:55:45Z,artifacts/features/cpd/lbw_126/GALUSD_cpd.csv,
252,GALUSD,completed,1614,2026-02-23T00:00:00,0,0,2026-04-27T11:21:17Z,2026-04-27T11:21:17Z,artifacts/features/cpd/lbw_252/GALUSD_cpd.csv,
10,GBPAUD,completed,4784,2026-02-23T00:00:00,15,0,2026-04-23T11:41:17Z,2026-04-23T12:05:04Z,artifacts/features/cpd/lbw_10/GBPAUD_cpd.csv,
21,GBPAUD,completed,4784,2026-02-23T00:00:00,8,0,2026-04-24T02:22:08Z,2026-04-24T02:45:57Z,artifacts/features/cpd/lbw_21/GBPAUD_cpd.csv,
63,GBPAUD,completed,4784,2026-02-23T00:00:00,0,0,2026-04-24T20:01:39Z,2026-04-24T20:01:39Z,artifacts/features/cpd/lbw_63/GBPAUD_cpd.csv,
126,GBPAUD,completed,4784,2026-02-23T00:00:00,0,0,2026-04-25T21:55:45Z,2026-04-25T21:55:45Z,artifacts/features/cpd/lbw_126/GBPAUD_cpd.csv,
252,GBPAUD,completed,4784,2026-02-23T00:00:00,0,0,2026-04-27T11:21:18Z,2026-04-27T11:21:18Z,artifacts/features/cpd/lbw_252/GBPAUD_cpd.csv,
10,GBPCAD,completed,4788,2026-02-23T00:00:00,15,1,2026-04-23T11:45:46Z,2026-04-23T12:09:36Z,artifacts/features/cpd/lbw_10/GBPCAD_cpd.csv,
21,GBPCAD,completed,4788,2026-02-23T00:00:00,3,1,2026-04-24T02:26:59Z,2026-04-24T02:50:57Z,artifacts/features/cpd/lbw_21/GBPCAD_cpd.csv,
63,GBPCAD,completed,4788,2026-02-23T00:00:00,2,0,2026-04-24T20:01:42Z,2026-04-24T20:01:42Z,artifacts/features/cpd/lbw_63/GBPCAD_cpd.csv,
126,GBPCAD,completed,4788,2026-02-23T00:00:00,0,0,2026-04-25T21:55:48Z,2026-04-25T21:55:48Z,artifacts/features/cpd/lbw_126/GBPCAD_cpd.csv,
252,GBPCAD,completed,4788,2026-02-23T00:00:00,1,0,2026-04-27T11:21:18Z,2026-04-27T11:21:18Z,artifacts/features/cpd/lbw_252/GBPCAD_cpd.csv,
10,GBPCHF,completed,6686,2026-02-23T00:00:00,19,1,2026-04-23T12:06:11Z,2026-04-23T12:40:13Z,artifacts/features/cpd/lbw_10/GBPCHF_cpd.csv,
21,GBPCHF,completed,6686,2026-02-23T00:00:00,3,1,2026-04-24T02:47:14Z,2026-04-24T03:20:50Z,artifacts/features/cpd/lbw_21/GBPCHF_cpd.csv,
63,GBPCHF,completed,6686,2026-02-23T00:00:00,2,0,2026-04-24T20:01:42Z,2026-04-24T20:01:42Z,artifacts/features/cpd/lbw_63/GBPCHF_cpd.csv,
126,GBPCHF,completed,6686,2026-02-23T00:00:00,2,0,2026-04-25T21:55:48Z,2026-04-25T21:55:48Z,artifacts/features/cpd/lbw_126/GBPCHF_cpd.csv,
252,GBPCHF,completed,6686,2026-02-23T00:00:00,2,0,2026-04-27T11:21:21Z,2026-04-27T11:21:21Z,artifacts/features/cpd/lbw_252/GBPCHF_cpd.csv,
10,GBPJPY,completed,6732,2026-02-23T00:00:00,23,6,2026-04-23T12:10:19Z,2026-04-23T12:45:01Z,artifacts/features/cpd/lbw_10/GBPJPY_cpd.csv,
21,GBPJPY,completed,6732,2026-02-23T00:00:00,10,0,2026-04-24T02:51:40Z,2026-04-24T03:25:59Z,artifacts/features/cpd/lbw_21/GBPJPY_cpd.csv,
63,GBPJPY,completed,6732,2026-02-23T00:00:00,8,0,2026-04-24T20:01:46Z,2026-04-24T20:01:46Z,artifacts/features/cpd/lbw_63/GBPJPY_cpd.csv,
126,GBPJPY,completed,6732,2026-02-23T00:00:00,0,0,2026-04-25T21:55:51Z,2026-04-25T21:55:51Z,artifacts/features/cpd/lbw_126/GBPJPY_cpd.csv,
252,GBPJPY,completed,6732,2026-02-23T00:00:00,0,0,2026-04-27T11:21:21Z,2026-04-27T11:21:21Z,artifacts/features/cpd/lbw_252/GBPJPY_cpd.csv,
10,GBPNZD,completed,3967,2026-02-23T00:00:00,7,1,2026-04-23T12:42:55Z,2026-04-23T13:02:35Z,artifacts/features/cpd/lbw_10/GBPNZD_cpd.csv,
21,GBPNZD,completed,3967,2026-02-23T00:00:00,3,1,2026-04-24T03:23:33Z,2026-04-24T03:43:06Z,artifacts/features/cpd/lbw_21/GBPNZD_cpd.csv,
63,GBPNZD,completed,3967,2026-02-23T00:00:00,1,0,2026-04-24T20:01:46Z,2026-04-24T20:01:46Z,artifacts/features/cpd/lbw_63/GBPNZD_cpd.csv,
126,GBPNZD,completed,3967,2026-02-23T00:00:00,0,0,2026-04-25T21:55:51Z,2026-04-25T21:55:51Z,artifacts/features/cpd/lbw_126/GBPNZD_cpd.csv,
252,GBPNZD,completed,3967,2026-02-23T00:00:00,0,0,2026-04-27T11:21:21Z,2026-04-27T11:21:21Z,artifacts/features/cpd/lbw_252/GBPNZD_cpd.csv,
10,GBPUSD,completed,6730,2026-02-23T00:00:00,26,3,2026-04-23T12:46:02Z,2026-04-23T13:20:08Z,artifacts/features/cpd/lbw_10/GBPUSD_cpd.csv,
21,GBPUSD,completed,6730,2026-02-23T00:00:00,10,3,2026-04-24T03:27:00Z,2026-04-24T04:00:57Z,artifacts/features/cpd/lbw_21/GBPUSD_cpd.csv,
63,GBPUSD,completed,6730,2026-02-23T00:00:00,2,0,2026-04-24T20:01:50Z,2026-04-24T20:01:50Z,artifacts/features/cpd/lbw_63/GBPUSD_cpd.csv,
126,GBPUSD,completed,6730,2026-02-23T00:00:00,1,0,2026-04-25T21:55:54Z,2026-04-25T21:55:54Z,artifacts/features/cpd/lbw_126/GBPUSD_cpd.csv,
252,GBPUSD,completed,6730,2026-02-23T00:00:00,0,0,2026-04-27T11:21:24Z,2026-04-27T11:21:24Z,artifacts/features/cpd/lbw_252/GBPUSD_cpd.csv,
10,GER40.cash,completed,1941,2026-02-23T00:00:00,6,2,2026-04-23T13:03:30Z,2026-04-23T13:13:09Z,artifacts/features/cpd/lbw_10/GER40.cash_cpd.csv,
21,GER40.cash,completed,1941,2026-02-23T00:00:00,1,1,2026-04-24T03:44:00Z,2026-04-24T03:53:33Z,artifacts/features/cpd/lbw_21/GER40.cash_cpd.csv,
63,GER40.cash,completed,1941,2026-02-23T00:00:00,0,0,2026-04-24T20:01:50Z,2026-04-24T20:01:50Z,artifacts/features/cpd/lbw_63/GER40.cash_cpd.csv,
126,GER40.cash,completed,1941,2026-02-23T00:00:00,0,0,2026-04-25T21:55:54Z,2026-04-25T21:55:54Z,artifacts/features/cpd/lbw_126/GER40.cash_cpd.csv,
252,GER40.cash,completed,1941,2026-02-23T00:00:00,0,0,2026-04-27T11:21:24Z,2026-04-27T11:21:24Z,artifacts/features/cpd/lbw_252/GER40.cash_cpd.csv,
10,GOOG,completed,1714,2026-02-20T00:00:00,5,2,2026-04-23T13:13:29Z,2026-04-23T13:22:24Z,artifacts/features/cpd/lbw_10/GOOG_cpd.csv,
21,GOOG,completed,1714,2026-02-20T00:00:00,3,0,2026-04-24T03:53:53Z,2026-04-24T04:02:37Z,artifacts/features/cpd/lbw_21/GOOG_cpd.csv,
63,GOOG,completed,1714,2026-02-20T00:00:00,0,0,2026-04-24T20:01:53Z,2026-04-24T20:01:53Z,artifacts/features/cpd/lbw_63/GOOG_cpd.csv,
126,GOOG,completed,1714,2026-02-20T00:00:00,0,0,2026-04-25T21:55:57Z,2026-04-25T21:55:57Z,artifacts/features/cpd/lbw_126/GOOG_cpd.csv,
252,GOOG,completed,1714,2026-02-20T00:00:00,0,0,2026-04-27T11:21:24Z,2026-04-27T11:21:24Z,artifacts/features/cpd/lbw_252/GOOG_cpd.csv,
10,GRTUSD,completed,1872,2026-02-23T00:00:00,5,0,2026-04-23T13:22:56Z,2026-04-23T13:32:07Z,artifacts/features/cpd/lbw_10/GRTUSD_cpd.csv,
21,GRTUSD,completed,1872,2026-02-23T00:00:00,3,1,2026-04-24T04:03:10Z,2026-04-24T04:12:17Z,artifacts/features/cpd/lbw_21/GRTUSD_cpd.csv,
63,GRTUSD,completed,1872,2026-02-23T00:00:00,1,0,2026-04-24T20:01:53Z,2026-04-24T20:01:53Z,artifacts/features/cpd/lbw_63/GRTUSD_cpd.csv,
126,GRTUSD,completed,1872,2026-02-23T00:00:00,0,0,2026-04-25T21:55:57Z,2026-04-25T21:55:57Z,artifacts/features/cpd/lbw_126/GRTUSD_cpd.csv,
252,GRTUSD,completed,1872,2026-02-23T00:00:00,0,0,2026-04-27T11:21:27Z,2026-04-27T11:21:27Z,artifacts/features/cpd/lbw_252/GRTUSD_cpd.csv,
10,HK50.cash,completed,1771,2026-02-23T00:00:00,7,2,2026-04-23T13:22:56Z,2026-04-23T13:31:38Z,artifacts/features/cpd/lbw_10/HK50.cash_cpd.csv,
21,HK50.cash,completed,1771,2026-02-23T00:00:00,2,1,2026-04-24T04:03:20Z,2026-04-24T04:12:00Z,artifacts/features/cpd/lbw_21/HK50.cash_cpd.csv,
63,HK50.cash,completed,1771,2026-02-23T00:00:00,0,0,2026-04-24T20:01:57Z,2026-04-24T20:01:57Z,artifacts/features/cpd/lbw_63/HK50.cash_cpd.csv,
126,HK50.cash,completed,1771,2026-02-23T00:00:00,0,0,2026-04-25T21:56:00Z,2026-04-25T21:56:00Z,artifacts/features/cpd/lbw_126/HK50.cash_cpd.csv,
252,HK50.cash,completed,1771,2026-02-23T00:00:00,0,0,2026-04-27T11:21:27Z,2026-04-27T11:21:27Z,artifacts/features/cpd/lbw_252/HK50.cash_cpd.csv,
10,IBE,completed,1739,2026-02-20T00:00:00,9,1,2026-04-23T13:31:56Z,2026-04-23T13:40:29Z,artifacts/features/cpd/lbw_10/IBE_cpd.csv,
21,IBE,completed,1739,2026-02-20T00:00:00,5,0,2026-04-24T04:12:17Z,2026-04-24T04:20:49Z,artifacts/features/cpd/lbw_21/IBE_cpd.csv,
63,IBE,completed,1739,2026-02-20T00:00:00,0,0,2026-04-24T20:01:57Z,2026-04-24T20:01:57Z,artifacts/features/cpd/lbw_63/IBE_cpd.csv,
126,IBE,completed,1739,2026-02-20T00:00:00,0,0,2026-04-25T21:56:00Z,2026-04-25T21:56:00Z,artifacts/features/cpd/lbw_126/IBE_cpd.csv,
252,IBE,completed,1739,2026-02-20T00:00:00,0,0,2026-04-27T11:21:27Z,2026-04-27T11:21:27Z,artifacts/features/cpd/lbw_252/IBE_cpd.csv,
10,ICPUSD,completed,624,2026-02-23T00:00:00,6,2,2026-04-23T13:32:24Z,2026-04-23T13:35:26Z,artifacts/features/cpd/lbw_10/ICPUSD_cpd.csv,
21,ICPUSD,completed,624,2026-02-23T00:00:00,2,0,2026-04-24T04:12:34Z,2026-04-24T04:15:33Z,artifacts/features/cpd/lbw_21/ICPUSD_cpd.csv,
63,ICPUSD,completed,624,2026-02-23T00:00:00,0,0,2026-04-24T20:02:00Z,2026-04-24T20:02:00Z,artifacts/features/cpd/lbw_63/ICPUSD_cpd.csv,
126,ICPUSD,completed,624,2026-02-23T00:00:00,0,0,2026-04-25T21:56:02Z,2026-04-25T21:56:02Z,artifacts/features/cpd/lbw_126/ICPUSD_cpd.csv,
252,ICPUSD,completed,624,2026-02-23T00:00:00,0,0,2026-04-27T11:21:30Z,2026-04-27T11:21:30Z,artifacts/features/cpd/lbw_252/ICPUSD_cpd.csv,
10,IMXUSD,completed,1500,2026-02-23T00:00:00,6,1,2026-04-23T13:35:33Z,2026-04-23T13:42:56Z,artifacts/features/cpd/lbw_10/IMXUSD_cpd.csv,
21,IMXUSD,completed,1500,2026-02-23T00:00:00,1,0,2026-04-24T04:15:40Z,2026-04-24T04:22:59Z,artifacts/features/cpd/lbw_21/IMXUSD_cpd.csv,
63,IMXUSD,completed,1500,2026-02-23T00:00:00,0,0,2026-04-24T20:02:01Z,2026-04-24T20:02:01Z,artifacts/features/cpd/lbw_63/IMXUSD_cpd.csv,
126,IMXUSD,completed,1500,2026-02-23T00:00:00,0,0,2026-04-25T21:56:03Z,2026-04-25T21:56:03Z,artifacts/features/cpd/lbw_126/IMXUSD_cpd.csv,
252,IMXUSD,completed,1500,2026-02-23T00:00:00,0,0,2026-04-27T11:21:30Z,2026-04-27T11:21:30Z,artifacts/features/cpd/lbw_252/IMXUSD_cpd.csv,
10,JP225.cash,completed,2159,2026-02-23T00:00:00,7,2,2026-04-23T13:40:47Z,2026-04-23T13:51:26Z,artifacts/features/cpd/lbw_10/JP225.cash_cpd.csv,
21,JP225.cash,completed,2159,2026-02-23T00:00:00,3,0,2026-04-24T04:21:06Z,2026-04-24T04:31:45Z,artifacts/features/cpd/lbw_21/JP225.cash_cpd.csv,
63,JP225.cash,completed,2159,2026-02-23T00:00:00,0,0,2026-04-24T20:02:04Z,2026-04-24T20:02:04Z,artifacts/features/cpd/lbw_63/JP225.cash_cpd.csv,
126,JP225.cash,completed,2159,2026-02-23T00:00:00,1,0,2026-04-25T21:56:05Z,2026-04-25T21:56:05Z,artifacts/features/cpd/lbw_126/JP225.cash_cpd.csv,
252,JP225.cash,completed,2159,2026-02-23T00:00:00,0,0,2026-04-27T11:21:30Z,2026-04-27T11:21:30Z,artifacts/features/cpd/lbw_252/JP225.cash_cpd.csv,
10,LNKUSD,completed,3072,2026-02-23T00:00:00,9,2,2026-04-23T13:43:11Z,2026-04-23T13:58:11Z,artifacts/features/cpd/lbw_10/LNKUSD_cpd.csv,
21,LNKUSD,completed,3072,2026-02-23T00:00:00,3,0,2026-04-24T04:23:13Z,2026-04-24T04:38:09Z,artifacts/features/cpd/lbw_21/LNKUSD_cpd.csv,
63,LNKUSD,completed,3072,2026-02-23T00:00:00,1,0,2026-04-24T20:02:04Z,2026-04-24T20:02:04Z,artifacts/features/cpd/lbw_63/LNKUSD_cpd.csv,
126,LNKUSD,completed,3072,2026-02-23T00:00:00,0,0,2026-04-25T21:56:05Z,2026-04-25T21:56:05Z,artifacts/features/cpd/lbw_126/LNKUSD_cpd.csv,
252,LNKUSD,completed,3072,2026-02-23T00:00:00,0,0,2026-04-27T11:21:34Z,2026-04-27T11:21:34Z,artifacts/features/cpd/lbw_252/LNKUSD_cpd.csv,
10,LTCUSD,completed,5088,2026-02-23T00:00:00,9,2,2026-04-23T13:51:47Z,2026-04-23T14:16:29Z,artifacts/features/cpd/lbw_10/LTCUSD_cpd.csv,
21,LTCUSD,completed,5088,2026-02-23T00:00:00,6,1,2026-04-24T04:32:06Z,2026-04-24T04:57:02Z,artifacts/features/cpd/lbw_21/LTCUSD_cpd.csv,
63,LTCUSD,completed,5088,2026-02-23T00:00:00,3,0,2026-04-24T20:02:08Z,2026-04-24T20:02:08Z,artifacts/features/cpd/lbw_63/LTCUSD_cpd.csv,
126,LTCUSD,completed,5088,2026-02-23T00:00:00,9,4,2026-04-25T21:56:08Z,2026-04-25T21:56:08Z,artifacts/features/cpd/lbw_126/LTCUSD_cpd.csv,
252,LTCUSD,completed,5088,2026-02-23T00:00:00,0,0,2026-04-27T11:21:34Z,2026-04-27T11:21:34Z,artifacts/features/cpd/lbw_252/LTCUSD_cpd.csv,
10,LVMH,completed,1740,2026-02-20T00:00:00,9,3,2026-04-23T13:58:40Z,2026-04-23T14:07:16Z,artifacts/features/cpd/lbw_10/LVMH_cpd.csv,
21,LVMH,completed,1740,2026-02-20T00:00:00,1,1,2026-04-24T04:38:37Z,2026-04-24T04:47:11Z,artifacts/features/cpd/lbw_21/LVMH_cpd.csv,
63,LVMH,completed,1740,2026-02-20T00:00:00,0,0,2026-04-24T20:02:08Z,2026-04-24T20:02:08Z,artifacts/features/cpd/lbw_63/LVMH_cpd.csv,
126,LVMH,completed,1740,2026-02-20T00:00:00,0,0,2026-04-25T21:56:08Z,2026-04-25T21:56:08Z,artifacts/features/cpd/lbw_126/LVMH_cpd.csv,
252,LVMH,completed,1740,2026-02-20T00:00:00,0,0,2026-04-27T11:21:34Z,2026-04-27T11:21:34Z,artifacts/features/cpd/lbw_252/LVMH_cpd.csv,
10,MANUSD,completed,1873,2026-02-23T00:00:00,4,1,2026-04-23T14:07:33Z,2026-04-23T14:16:55Z,artifacts/features/cpd/lbw_10/MANUSD_cpd.csv,
21,MANUSD,completed,1873,2026-02-23T00:00:00,1,0,2026-04-24T04:47:28Z,2026-04-24T04:56:42Z,artifacts/features/cpd/lbw_21/MANUSD_cpd.csv,
63,MANUSD,completed,1873,2026-02-23T00:00:00,1,0,2026-04-24T20:02:11Z,2026-04-24T20:02:11Z,artifacts/features/cpd/lbw_63/MANUSD_cpd.csv,
126,MANUSD,completed,1873,2026-02-23T00:00:00,0,0,2026-04-25T21:56:11Z,2026-04-25T21:56:11Z,artifacts/features/cpd/lbw_126/MANUSD_cpd.csv,
252,MANUSD,completed,1873,2026-02-23T00:00:00,0,0,2026-04-27T11:21:37Z,2026-04-27T11:21:37Z,artifacts/features/cpd/lbw_252/MANUSD_cpd.csv,
10,META,completed,1714,2026-02-20T00:00:00,2,0,2026-04-23T14:17:23Z,2026-04-23T14:25:45Z,artifacts/features/cpd/lbw_10/META_cpd.csv,
21,META,completed,1714,2026-02-20T00:00:00,1,0,2026-04-24T04:57:01Z,2026-04-24T05:05:25Z,artifacts/features/cpd/lbw_21/META_cpd.csv,
63,META,completed,1714,2026-02-20T00:00:00,0,0,2026-04-24T20:02:11Z,2026-04-24T20:02:11Z,artifacts/features/cpd/lbw_63/META_cpd.csv,
126,META,completed,1714,2026-02-20T00:00:00,0,0,2026-04-25T21:56:11Z,2026-04-25T21:56:11Z,artifacts/features/cpd/lbw_126/META_cpd.csv,
252,META,completed,1714,2026-02-20T00:00:00,0,0,2026-04-27T11:21:37Z,2026-04-27T11:21:37Z,artifacts/features/cpd/lbw_252/META_cpd.csv,
10,MSFT,completed,5323,2026-02-20T00:00:00,20,1,2026-04-23T14:17:44Z,2026-04-23T14:44:19Z,artifacts/features/cpd/lbw_10/MSFT_cpd.csv,
21,MSFT,completed,5323,2026-02-20T00:00:00,9,0,2026-04-24T04:57:46Z,2026-04-24T05:24:18Z,artifacts/features/cpd/lbw_21/MSFT_cpd.csv,
63,MSFT,completed,5323,2026-02-20T00:00:00,1,0,2026-04-24T20:02:15Z,2026-04-24T20:02:15Z,artifacts/features/cpd/lbw_63/MSFT_cpd.csv,
126,MSFT,completed,5323,2026-02-20T00:00:00,0,0,2026-04-25T21:56:14Z,2026-04-25T22:30:32Z,artifacts/features/cpd/lbw_126/MSFT_cpd.csv,
252,MSFT,completed,5323,2026-02-20T00:00:00,0,0,2026-04-27T11:21:37Z,2026-04-27T11:21:37Z,artifacts/features/cpd/lbw_252/MSFT_cpd.csv,
10,N25.cash,completed,1200,2026-02-20T00:00:00,3,0,2026-04-23T14:26:03Z,2026-04-23T14:31:56Z,artifacts/features/cpd/lbw_10/N25.cash_cpd.csv,
21,N25.cash,completed,1200,2026-02-20T00:00:00,0,0,2026-04-24T05:05:42Z,2026-04-24T05:11:32Z,artifacts/features/cpd/lbw_21/N25.cash_cpd.csv,
63,N25.cash,completed,1200,2026-02-20T00:00:00,0,0,2026-04-24T20:02:15Z,2026-04-24T20:02:15Z,artifacts/features/cpd/lbw_63/N25.cash_cpd.csv,
126,N25.cash,completed,1200,2026-02-20T00:00:00,0,0,2026-04-25T21:56:14Z,2026-04-25T22:03:20Z,artifacts/features/cpd/lbw_126/N25.cash_cpd.csv,
252,N25.cash,completed,1200,2026-02-20T00:00:00,0,0,2026-04-27T11:21:40Z,2026-04-27T11:21:40Z,artifacts/features/cpd/lbw_252/N25.cash_cpd.csv,
10,NATGAS.cash,completed,344,2026-02-23T00:00:00,1,1,2026-04-23T14:32:09Z,2026-04-23T14:33:48Z,artifacts/features/cpd/lbw_10/NATGAS.cash_cpd.csv,
21,NATGAS.cash,completed,344,2026-02-23T00:00:00,1,0,2026-04-24T05:11:45Z,2026-04-24T05:13:21Z,artifacts/features/cpd/lbw_21/NATGAS.cash_cpd.csv,
63,NATGAS.cash,completed,344,2026-02-23T00:00:00,0,0,2026-04-24T20:02:19Z,2026-04-24T20:02:19Z,artifacts/features/cpd/lbw_63/NATGAS.cash_cpd.csv,
126,NATGAS.cash,completed,344,2026-02-23T00:00:00,0,0,2026-04-25T22:03:32Z,2026-04-25T22:04:59Z,artifacts/features/cpd/lbw_126/NATGAS.cash_cpd.csv,
252,NATGAS.cash,completed,344,2026-02-23T00:00:00,0,0,2026-04-27T11:21:40Z,2026-04-27T11:21:40Z,artifacts/features/cpd/lbw_252/NATGAS.cash_cpd.csv,
10,NEOUSD,completed,2845,2026-02-23T00:00:00,10,1,2026-04-23T14:33:54Z,2026-04-23T14:48:27Z,artifacts/features/cpd/lbw_10/NEOUSD_cpd.csv,
21,NEOUSD,completed,2845,2026-02-23T00:00:00,5,1,2026-04-24T05:13:27Z,2026-04-24T05:27:42Z,artifacts/features/cpd/lbw_21/NEOUSD_cpd.csv,
63,NEOUSD,completed,2845,2026-02-23T00:00:00,0,0,2026-04-24T20:02:19Z,2026-04-24T20:02:19Z,artifacts/features/cpd/lbw_63/NEOUSD_cpd.csv,
126,NEOUSD,completed,2845,2026-02-23T00:00:00,0,0,2026-04-25T22:05:03Z,2026-04-25T22:23:03Z,artifacts/features/cpd/lbw_126/NEOUSD_cpd.csv,
252,NEOUSD,completed,2845,2026-02-23T00:00:00,0,0,2026-04-27T11:21:40Z,2026-04-27T11:21:40Z,artifacts/features/cpd/lbw_252/NEOUSD_cpd.csv,
10,NERUSD,completed,1954,2026-02-23T00:00:00,8,0,2026-04-23T14:46:05Z,2026-04-23T14:55:52Z,artifacts/features/cpd/lbw_10/NERUSD_cpd.csv,
21,NERUSD,completed,1954,2026-02-23T00:00:00,3,1,2026-04-24T05:25:40Z,2026-04-24T05:35:15Z,artifacts/features/cpd/lbw_21/NERUSD_cpd.csv,
63,NERUSD,completed,1954,2026-02-23T00:00:00,0,0,2026-04-24T20:02:22Z,2026-04-24T20:02:22Z,artifacts/features/cpd/lbw_63/NERUSD_cpd.csv,
126,NERUSD,completed,1954,2026-02-23T00:00:00,1,0,2026-04-25T22:23:39Z,2026-04-25T22:36:03Z,artifacts/features/cpd/lbw_126/NERUSD_cpd.csv,
252,NERUSD,completed,1954,2026-02-23T00:00:00,0,0,2026-04-27T11:21:43Z,2026-04-27T11:21:43Z,artifacts/features/cpd/lbw_252/NERUSD_cpd.csv,
10,NFLX,completed,1714,2026-02-20T00:00:00,5,0,2026-04-23T14:48:53Z,2026-04-23T14:57:32Z,artifacts/features/cpd/lbw_10/NFLX_cpd.csv,
21,NFLX,completed,1714,2026-02-20T00:00:00,2,0,2026-04-24T05:28:07Z,2026-04-24T05:36:30Z,artifacts/features/cpd/lbw_21/NFLX_cpd.csv,
63,NFLX,completed,1714,2026-02-20T00:00:00,0,0,2026-04-24T20:02:22Z,2026-04-24T20:02:22Z,artifacts/features/cpd/lbw_63/NFLX_cpd.csv,
126,NFLX,completed,1714,2026-02-20T00:00:00,0,0,2026-04-25T22:31:49Z,2026-04-25T22:42:24Z,artifacts/features/cpd/lbw_126/NFLX_cpd.csv,
252,NFLX,completed,1714,2026-02-20T00:00:00,0,0,2026-04-27T11:21:43Z,2026-04-27T11:21:43Z,artifacts/features/cpd/lbw_252/NFLX_cpd.csv,
10,NVDA,completed,1323,2026-02-20T00:00:00,4,1,2026-04-23T14:56:12Z,2026-04-23T15:02:55Z,artifacts/features/cpd/lbw_10/NVDA_cpd.csv,
21,NVDA,completed,1323,2026-02-20T00:00:00,3,0,2026-04-24T05:35:34Z,2026-04-24T05:41:59Z,artifacts/features/cpd/lbw_21/NVDA_cpd.csv,
63,NVDA,completed,1323,2026-02-20T00:00:00,0,0,2026-04-24T20:02:26Z,2026-04-24T20:02:26Z,artifacts/features/cpd/lbw_63/NVDA_cpd.csv,
126,NVDA,completed,1323,2026-02-20T00:00:00,0,0,2026-04-25T22:36:20Z,2026-04-25T22:44:17Z,artifacts/features/cpd/lbw_126/NVDA_cpd.csv,
252,NVDA,completed,1323,2026-02-20T00:00:00,0,0,2026-04-27T11:21:43Z,2026-04-27T11:21:43Z,artifacts/features/cpd/lbw_252/NVDA_cpd.csv,
10,NZDCAD,completed,4776,2026-02-23T00:00:00,12,0,2026-04-23T14:57:49Z,2026-04-23T15:23:52Z,artifacts/features/cpd/lbw_10/NZDCAD_cpd.csv,
21,NZDCAD,completed,4776,2026-02-23T00:00:00,3,0,2026-04-24T05:36:46Z,2026-04-24T06:00:25Z,artifacts/features/cpd/lbw_21/NZDCAD_cpd.csv,
63,NZDCAD,completed,4776,2026-02-23T00:00:00,0,0,2026-04-24T20:02:26Z,2026-04-24T20:07:44Z,artifacts/features/cpd/lbw_63/NZDCAD_cpd.csv,
126,NZDCAD,completed,4776,2026-02-23T00:00:00,0,0,2026-04-25T22:42:39Z,2026-04-25T23:13:36Z,artifacts/features/cpd/lbw_126/NZDCAD_cpd.csv,
252,NZDCAD,completed,4776,2026-02-23T00:00:00,0,0,2026-04-27T11:21:47Z,2026-04-27T12:04:04Z,artifacts/features/cpd/lbw_252/NZDCAD_cpd.csv,
10,NZDCHF,completed,4795,2026-02-23T00:00:00,21,4,2026-04-23T15:03:10Z,2026-04-23T15:30:32Z,artifacts/features/cpd/lbw_10/NZDCHF_cpd.csv,
21,NZDCHF,completed,4795,2026-02-23T00:00:00,2,0,2026-04-24T05:42:13Z,2026-04-24T06:06:05Z,artifacts/features/cpd/lbw_21/NZDCHF_cpd.csv,
63,NZDCHF,completed,4795,2026-02-23T00:00:00,2,0,2026-04-24T20:02:30Z,2026-04-24T20:09:34Z,artifacts/features/cpd/lbw_63/NZDCHF_cpd.csv,
126,NZDCHF,completed,4795,2026-02-23T00:00:00,0,0,2026-04-25T22:44:29Z,2026-04-25T23:15:42Z,artifacts/features/cpd/lbw_126/NZDCHF_cpd.csv,
252,NZDCHF,completed,4795,2026-02-23T00:00:00,1,0,2026-04-27T11:21:47Z,2026-04-27T12:12:33Z,artifacts/features/cpd/lbw_252/NZDCHF_cpd.csv,
10,NZDJPY,completed,4939,2026-02-23T00:00:00,17,1,2026-04-23T15:25:00Z,2026-04-23T15:56:01Z,artifacts/features/cpd/lbw_10/NZDJPY_cpd.csv,
21,NZDJPY,completed,4939,2026-02-23T00:00:00,8,2,2026-04-24T06:01:31Z,2026-04-24T06:26:01Z,artifacts/features/cpd/lbw_21/NZDJPY_cpd.csv,
63,NZDJPY,completed,4939,2026-02-23T00:00:00,3,0,2026-04-24T20:07:56Z,2026-04-24T20:17:36Z,artifacts/features/cpd/lbw_63/NZDJPY_cpd.csv,
126,NZDJPY,completed,4939,2026-02-23T00:00:00,2,0,2026-04-25T23:14:56Z,2026-04-25T23:47:16Z,artifacts/features/cpd/lbw_126/NZDJPY_cpd.csv,
252,NZDJPY,completed,4939,2026-02-23T00:00:00,0,0,2026-04-27T11:21:47Z,2026-04-27T12:16:46Z,artifacts/features/cpd/lbw_252/NZDJPY_cpd.csv,
10,NZDUSD,completed,6730,2026-02-23T00:00:00,14,2,2026-04-23T15:31:21Z,2026-04-23T16:14:44Z,artifacts/features/cpd/lbw_10/NZDUSD_cpd.csv,
21,NZDUSD,completed,6730,2026-02-23T00:00:00,4,0,2026-04-24T06:06:49Z,2026-04-24T06:40:33Z,artifacts/features/cpd/lbw_21/NZDUSD_cpd.csv,
63,NZDUSD,completed,6730,2026-02-23T00:00:00,0,0,2026-04-24T20:09:50Z,2026-04-24T21:00:52Z,artifacts/features/cpd/lbw_63/NZDUSD_cpd.csv,
126,NZDUSD,completed,6730,2026-02-23T00:00:00,0,0,2026-04-25T23:16:23Z,2026-04-26T00:00:51Z,artifacts/features/cpd/lbw_126/NZDUSD_cpd.csv,
252,NZDUSD,completed,6730,2026-02-23T00:00:00,0,0,2026-04-27T12:04:30Z,2026-04-27T14:53:33Z,artifacts/features/cpd/lbw_252/NZDUSD_cpd.csv,
10,PFE,completed,1714,2026-02-20T00:00:00,8,1,2026-04-23T15:57:45Z,2026-04-23T16:08:55Z,artifacts/features/cpd/lbw_10/PFE_cpd.csv,
21,PFE,completed,1714,2026-02-20T00:00:00,1,0,2026-04-24T06:27:03Z,2026-04-24T06:35:30Z,artifacts/features/cpd/lbw_21/PFE_cpd.csv,
63,PFE,completed,1714,2026-02-20T00:00:00,0,0,2026-04-24T20:17:57Z,2026-04-24T20:29:39Z,artifacts/features/cpd/lbw_63/PFE_cpd.csv,
126,PFE,completed,1714,2026-02-20T00:00:00,0,0,2026-04-25T23:48:40Z,2026-04-25T23:59:12Z,artifacts/features/cpd/lbw_126/PFE_cpd.csv,
252,PFE,completed,1714,2026-02-20T00:00:00,0,0,2026-04-27T12:13:05Z,2026-04-27T12:42:50Z,artifacts/features/cpd/lbw_252/PFE_cpd.csv,
10,RACE,completed,1714,2026-02-20T00:00:00,7,0,2026-04-23T16:09:17Z,2026-04-23T16:19:47Z,artifacts/features/cpd/lbw_10/RACE_cpd.csv,
21,RACE,completed,1714,2026-02-20T00:00:00,2,2,2026-04-24T06:35:48Z,2026-04-24T06:44:34Z,artifacts/features/cpd/lbw_21/RACE_cpd.csv,
63,RACE,completed,1714,2026-02-20T00:00:00,1,0,2026-04-24T20:30:03Z,2026-04-24T20:42:23Z,artifacts/features/cpd/lbw_63/RACE_cpd.csv,
126,RACE,completed,1714,2026-02-20T00:00:00,0,0,2026-04-25T23:59:32Z,2026-04-26T00:10:04Z,artifacts/features/cpd/lbw_126/RACE_cpd.csv,
252,RACE,completed,1714,2026-02-20T00:00:00,0,0,2026-04-27T12:17:18Z,2026-04-27T12:46:13Z,artifacts/features/cpd/lbw_252/RACE_cpd.csv,
10,SANUSD,completed,2016,2026-02-23T00:00:00,9,1,2026-04-23T16:17:06Z,2026-04-23T16:28:36Z,artifacts/features/cpd/lbw_10/SANUSD_cpd.csv,
21,SANUSD,completed,2016,2026-02-23T00:00:00,3,0,2026-04-24T06:42:54Z,2026-04-24T06:52:44Z,artifacts/features/cpd/lbw_21/SANUSD_cpd.csv,
63,SANUSD,completed,2016,2026-02-23T00:00:00,1,0,2026-04-24T20:42:48Z,2026-04-24T20:57:44Z,artifacts/features/cpd/lbw_63/SANUSD_cpd.csv,
126,SANUSD,completed,2016,2026-02-23T00:00:00,1,0,2026-04-26T00:01:52Z,2026-04-26T00:14:32Z,artifacts/features/cpd/lbw_126/SANUSD_cpd.csv,
252,SANUSD,completed,2016,2026-02-23T00:00:00,0,0,2026-04-27T12:43:10Z,2026-04-27T14:03:31Z,artifacts/features/cpd/lbw_252/SANUSD_cpd.csv,
10,SOYBEAN.c,completed,641,2026-02-23T00:00:00,2,1,2026-04-23T16:20:05Z,2026-04-23T16:23:38Z,artifacts/features/cpd/lbw_10/SOYBEAN.c_cpd.csv,
21,SOYBEAN.c,completed,641,2026-02-23T00:00:00,0,0,2026-04-24T06:44:50Z,2026-04-24T06:47:53Z,artifacts/features/cpd/lbw_21/SOYBEAN.c_cpd.csv,
63,SOYBEAN.c,completed,641,2026-02-23T00:00:00,0,0,2026-04-24T20:58:17Z,2026-04-24T21:02:48Z,artifacts/features/cpd/lbw_63/SOYBEAN.c_cpd.csv,
126,SOYBEAN.c,completed,641,2026-02-23T00:00:00,0,0,2026-04-26T00:10:19Z,2026-04-26T00:13:42Z,artifacts/features/cpd/lbw_126/SOYBEAN.c_cpd.csv,
252,SOYBEAN.c,completed,641,2026-02-23T00:00:00,0,0,2026-04-27T12:46:31Z,2026-04-27T13:42:16Z,artifacts/features/cpd/lbw_252/SOYBEAN.c_cpd.csv,
10,SPN35.cash,completed,1353,2026-02-20T00:00:00,7,1,2026-04-23T16:23:46Z,2026-04-23T16:31:35Z,artifacts/features/cpd/lbw_10/SPN35.cash_cpd.csv,
21,SPN35.cash,completed,1353,2026-02-20T00:00:00,2,0,2026-04-24T06:48:01Z,2026-04-24T06:54:37Z,artifacts/features/cpd/lbw_21/SPN35.cash_cpd.csv,
63,SPN35.cash,completed,1353,2026-02-20T00:00:00,0,0,2026-04-24T21:03:04Z,2026-04-24T21:12:43Z,artifacts/features/cpd/lbw_63/SPN35.cash_cpd.csv,
126,SPN35.cash,completed,1353,2026-02-20T00:00:00,0,0,2026-04-26T00:13:49Z,2026-04-26T00:21:50Z,artifacts/features/cpd/lbw_126/SPN35.cash_cpd.csv,
252,SPN35.cash,completed,1353,2026-02-20T00:00:00,0,0,2026-04-27T13:42:25Z,2026-04-27T14:01:06Z,artifacts/features/cpd/lbw_252/SPN35.cash_cpd.csv,
10,T,completed,1714,2026-02-20T00:00:00,7,0,2026-04-23T16:28:57Z,2026-04-23T16:39:13Z,artifacts/features/cpd/lbw_10/T_cpd.csv,
21,T,completed,1714,2026-02-20T00:00:00,2,0,2026-04-24T06:53:04Z,2026-04-24T07:01:24Z,artifacts/features/cpd/lbw_21/T_cpd.csv,
63,T,completed,1714,2026-02-20T00:00:00,1,0,2026-04-24T21:05:04Z,2026-04-24T21:17:05Z,artifacts/features/cpd/lbw_63/T_cpd.csv,
126,T,completed,1714,2026-02-20T00:00:00,1,0,2026-04-26T00:14:50Z,2026-04-26T00:25:19Z,artifacts/features/cpd/lbw_126/T_cpd.csv,
252,T,completed,1714,2026-02-20T00:00:00,0,0,2026-04-27T14:01:21Z,2026-04-27T14:26:19Z,artifacts/features/cpd/lbw_252/T_cpd.csv,
10,TSLA,completed,1715,2026-02-20T00:00:00,3,0,2026-04-23T16:31:49Z,2026-04-23T16:42:03Z,artifacts/features/cpd/lbw_10/TSLA_cpd.csv,
21,TSLA,completed,1715,2026-02-20T00:00:00,2,0,2026-04-24T06:54:50Z,2026-04-24T07:03:11Z,artifacts/features/cpd/lbw_21/TSLA_cpd.csv,
63,TSLA,completed,1715,2026-02-20T00:00:00,1,0,2026-04-24T21:13:04Z,2026-04-24T21:25:37Z,artifacts/features/cpd/lbw_63/TSLA_cpd.csv,
126,TSLA,completed,1715,2026-02-20T00:00:00,0,0,2026-04-26T00:22:02Z,2026-04-26T00:32:47Z,artifacts/features/cpd/lbw_126/TSLA_cpd.csv,
252,TSLA,completed,1715,2026-02-20T00:00:00,0,0,2026-04-27T14:03:52Z,2026-04-27T14:30:11Z,artifacts/features/cpd/lbw_252/TSLA_cpd.csv,
10,UK100.cash,completed,2115,2026-02-23T00:00:00,6,2,2026-04-23T16:39:32Z,2026-04-23T16:51:46Z,artifacts/features/cpd/lbw_10/UK100.cash_cpd.csv,
21,UK100.cash,completed,2115,2026-02-23T00:00:00,5,0,2026-04-24T07:01:41Z,2026-04-24T07:12:04Z,artifacts/features/cpd/lbw_21/UK100.cash_cpd.csv,
63,UK100.cash,completed,2115,2026-02-23T00:00:00,0,0,2026-04-24T21:17:29Z,2026-04-24T21:33:31Z,artifacts/features/cpd/lbw_63/UK100.cash_cpd.csv,
126,UK100.cash,completed,2115,2026-02-23T00:00:00,0,0,2026-04-26T00:25:34Z,2026-04-26T00:40:41Z,artifacts/features/cpd/lbw_126/UK100.cash_cpd.csv,
252,UK100.cash,completed,2115,2026-02-23T00:00:00,0,0,2026-04-27T14:26:38Z,2026-04-27T14:57:14Z,artifacts/features/cpd/lbw_252/UK100.cash_cpd.csv,
10,UKOIL.cash,completed,2539,2026-02-23T00:00:00,4,1,2026-04-23T16:42:20Z,2026-04-23T16:57:19Z,artifacts/features/cpd/lbw_10/UKOIL.cash_cpd.csv,
21,UKOIL.cash,completed,2539,2026-02-23T00:00:00,4,1,2026-04-24T07:03:27Z,2026-04-24T07:15:51Z,artifacts/features/cpd/lbw_21/UKOIL.cash_cpd.csv,
63,UKOIL.cash,completed,2539,2026-02-23T00:00:00,0,0,2026-04-24T21:26:05Z,2026-04-24T21:45:21Z,artifacts/features/cpd/lbw_63/UKOIL.cash_cpd.csv,
126,UKOIL.cash,completed,2539,2026-02-23T00:00:00,0,0,2026-04-26T00:33:05Z,2026-04-26T10:56:39Z,artifacts/features/cpd/lbw_126/UKOIL.cash_cpd.csv,
252,UKOIL.cash,completed,2539,2026-02-23T00:00:00,0,0,2026-04-27T14:30:29Z,2026-04-27T15:11:56Z,artifacts/features/cpd/lbw_252/UKOIL.cash_cpd.csv,
10,UNIUSD,completed,1784,2026-02-23T00:00:00,8,0,2026-04-23T16:52:09Z,2026-04-23T17:02:34Z,artifacts/features/cpd/lbw_10/UNIUSD_cpd.csv,
21,UNIUSD,completed,1784,2026-02-23T00:00:00,0,0,2026-04-24T07:12:25Z,2026-04-24T07:21:08Z,artifacts/features/cpd/lbw_21/UNIUSD_cpd.csv,
63,UNIUSD,completed,1784,2026-02-23T00:00:00,0,0,2026-04-24T21:34:03Z,2026-04-24T21:47:37Z,artifacts/features/cpd/lbw_63/UNIUSD_cpd.csv,
126,UNIUSD,completed,1784,2026-02-23T00:00:00,0,0,2026-04-26T00:41:02Z,2026-04-26T10:58:16Z,artifacts/features/cpd/lbw_126/UNIUSD_cpd.csv,
252,UNIUSD,completed,1784,2026-02-23T00:00:00,0,0,2026-04-27T14:56:47Z,2026-04-27T15:22:34Z,artifacts/features/cpd/lbw_252/UNIUSD_cpd.csv,
10,US100.cash,completed,2106,2026-02-23T00:00:00,3,0,2026-04-23T16:57:44Z,2026-04-23T17:08:50Z,artifacts/features/cpd/lbw_10/US100.cash_cpd.csv,
21,US100.cash,completed,2106,2026-02-23T00:00:00,1,0,2026-04-24T07:16:14Z,2026-04-24T07:26:33Z,artifacts/features/cpd/lbw_21/US100.cash_cpd.csv,
63,US100.cash,completed,2106,2026-02-23T00:00:00,1,0,2026-04-24T21:46:42Z,2026-04-24T22:03:11Z,artifacts/features/cpd/lbw_63/US100.cash_cpd.csv,
126,US100.cash,completed,2106,2026-02-23T00:00:00,0,0,2026-04-26T10:57:08Z,2026-04-26T11:12:15Z,artifacts/features/cpd/lbw_126/US100.cash_cpd.csv,
252,US100.cash,completed,2106,2026-02-23T00:00:00,0,0,2026-04-27T14:57:35Z,2026-04-27T15:27:01Z,artifacts/features/cpd/lbw_252/US100.cash_cpd.csv,
10,US2000.cash,completed,2087,2026-02-23T00:00:00,5,1,2026-04-23T17:02:53Z,2026-04-23T17:13:25Z,artifacts/features/cpd/lbw_10/US2000.cash_cpd.csv,
21,US2000.cash,completed,2087,2026-02-23T00:00:00,4,0,2026-04-24T07:21:25Z,2026-04-24T07:31:38Z,artifacts/features/cpd/lbw_21/US2000.cash_cpd.csv,
63,US2000.cash,completed,2087,2026-02-23T00:00:00,1,0,2026-04-24T21:48:01Z,2026-04-24T22:04:12Z,artifacts/features/cpd/lbw_63/US2000.cash_cpd.csv,
126,US2000.cash,completed,2087,2026-02-23T00:00:00,0,0,2026-04-26T10:58:34Z,2026-04-26T11:13:02Z,artifacts/features/cpd/lbw_126/US2000.cash_cpd.csv,
252,US2000.cash,completed,2087,2026-02-23T00:00:00,0,0,2026-04-27T15:12:23Z,2026-04-27T15:41:49Z,artifacts/features/cpd/lbw_252/US2000.cash_cpd.csv,
10,US30.cash,completed,1799,2026-02-23T00:00:00,3,0,2026-04-23T17:09:11Z,2026-04-23T17:18:14Z,artifacts/features/cpd/lbw_10/US30.cash_cpd.csv,
21,US30.cash,completed,1799,2026-02-23T00:00:00,1,0,2026-04-24T07:26:53Z,2026-04-24T07:35:42Z,artifacts/features/cpd/lbw_21/US30.cash_cpd.csv,
63,US30.cash,completed,1799,2026-02-23T00:00:00,0,0,2026-04-24T22:03:41Z,2026-04-24T22:16:06Z,artifacts/features/cpd/lbw_63/US30.cash_cpd.csv,
126,US30.cash,completed,1799,2026-02-23T00:00:00,0,0,2026-04-26T11:12:34Z,2026-04-26T11:23:20Z,artifacts/features/cpd/lbw_126/US30.cash_cpd.csv,
252,US30.cash,completed,1799,2026-02-23T00:00:00,0,0,2026-04-27T15:22:53Z,2026-04-27T15:47:48Z,artifacts/features/cpd/lbw_252/US30.cash_cpd.csv,
10,US500.cash,completed,2106,2026-02-23T00:00:00,6,0,2026-04-23T17:13:45Z,2026-04-23T17:24:17Z,artifacts/features/cpd/lbw_10/US500.cash_cpd.csv,
21,US500.cash,completed,2106,2026-02-23T00:00:00,1,0,2026-04-24T07:31:58Z,2026-04-24T07:42:17Z,artifacts/features/cpd/lbw_21/US500.cash_cpd.csv,
63,US500.cash,completed,2106,2026-02-23T00:00:00,1,0,2026-04-24T22:04:40Z,2026-04-24T22:19:10Z,artifacts/features/cpd/lbw_63/US500.cash_cpd.csv,
126,US500.cash,completed,2106,2026-02-23T00:00:00,0,0,2026-04-26T11:13:21Z,2026-04-26T11:26:21Z,artifacts/features/cpd/lbw_126/US500.cash_cpd.csv,
252,US500.cash,completed,2106,2026-02-23T00:00:00,0,0,2026-04-27T15:27:23Z,2026-04-27T15:57:38Z,artifacts/features/cpd/lbw_252/US500.cash_cpd.csv,
10,USDCAD,completed,6732,2026-02-23T00:00:00,17,0,2026-04-23T17:18:32Z,2026-04-23T17:53:16Z,artifacts/features/cpd/lbw_10/USDCAD_cpd.csv,
21,USDCAD,completed,6732,2026-02-23T00:00:00,6,0,2026-04-24T07:35:59Z,2026-04-24T08:09:59Z,artifacts/features/cpd/lbw_21/USDCAD_cpd.csv,
63,USDCAD,completed,6732,2026-02-23T00:00:00,2,0,2026-04-24T22:16:30Z,2026-04-24T23:00:47Z,artifacts/features/cpd/lbw_63/USDCAD_cpd.csv,
126,USDCAD,completed,6732,2026-02-23T00:00:00,0,0,2026-04-26T11:23:37Z,2026-04-26T12:08:34Z,artifacts/features/cpd/lbw_126/USDCAD_cpd.csv,
252,USDCAD,completed,6732,2026-02-23T00:00:00,0,0,2026-04-27T15:42:11Z,2026-04-27T17:34:14Z,artifacts/features/cpd/lbw_252/USDCAD_cpd.csv,
10,USDCHF,completed,6730,2026-02-23T00:00:00,26,6,2026-04-23T17:24:38Z,2026-04-23T18:00:02Z,artifacts/features/cpd/lbw_10/USDCHF_cpd.csv,
21,USDCHF,completed,6730,2026-02-23T00:00:00,11,0,2026-04-24T07:42:37Z,2026-04-24T08:16:56Z,artifacts/features/cpd/lbw_21/USDCHF_cpd.csv,
63,USDCHF,completed,6730,2026-02-23T00:00:00,3,0,2026-04-24T22:20:09Z,2026-04-24T23:04:42Z,artifacts/features/cpd/lbw_63/USDCHF_cpd.csv,
126,USDCHF,completed,6730,2026-02-23T00:00:00,1,0,2026-04-26T11:26:39Z,2026-04-26T12:12:03Z,artifacts/features/cpd/lbw_126/USDCHF_cpd.csv,
252,USDCHF,completed,6730,2026-02-23T00:00:00,1,0,2026-04-27T15:48:06Z,2026-04-27T17:38:44Z,artifacts/features/cpd/lbw_252/USDCHF_cpd.csv,
10,USDCNH,completed,558,2026-02-23T00:00:00,2,0,2026-04-23T17:56:14Z,2026-04-23T17:59:01Z,artifacts/features/cpd/lbw_10/USDCNH_cpd.csv,
21,USDCNH,completed,558,2026-02-23T00:00:00,0,0,2026-04-24T08:12:27Z,2026-04-24T08:15:07Z,artifacts/features/cpd/lbw_21/USDCNH_cpd.csv,
63,USDCNH,completed,558,2026-02-23T00:00:00,0,0,2026-04-24T23:04:11Z,2026-04-24T23:07:10Z,artifacts/features/cpd/lbw_63/USDCNH_cpd.csv,
126,USDCNH,completed,558,2026-02-23T00:00:00,0,0,2026-04-26T12:11:22Z,2026-04-26T12:14:07Z,artifacts/features/cpd/lbw_126/USDCNH_cpd.csv,
252,USDCNH,completed,558,2026-02-23T00:00:00,0,0,2026-04-27T15:58:00Z,2026-04-27T16:02:52Z,artifacts/features/cpd/lbw_252/USDCNH_cpd.csv,
10,USDCZK,completed,2899,2026-02-23T00:00:00,11,1,2026-04-23T17:59:09Z,2026-04-23T18:13:44Z,artifacts/features/cpd/lbw_10/USDCZK_cpd.csv,
21,USDCZK,completed,2899,2026-02-23T00:00:00,1,0,2026-04-24T08:15:14Z,2026-04-24T08:29:34Z,artifacts/features/cpd/lbw_21/USDCZK_cpd.csv,
63,USDCZK,completed,2899,2026-02-23T00:00:00,0,0,2026-04-24T23:05:49Z,2026-04-24T23:23:12Z,artifacts/features/cpd/lbw_63/USDCZK_cpd.csv,
126,USDCZK,completed,2899,2026-02-23T00:00:00,0,0,2026-04-26T12:13:00Z,2026-04-26T12:31:27Z,artifacts/features/cpd/lbw_126/USDCZK_cpd.csv,
252,USDCZK,completed,2899,2026-02-23T00:00:00,0,0,2026-04-27T16:02:59Z,2026-04-27T16:48:11Z,artifacts/features/cpd/lbw_252/USDCZK_cpd.csv,
10,USDHKD,completed,4680,2026-02-23T00:00:00,18,2,2026-04-23T18:01:05Z,2026-04-23T18:25:23Z,artifacts/features/cpd/lbw_10/USDHKD_cpd.csv,
21,USDHKD,completed,4680,2026-02-23T00:00:00,7,1,2026-04-24T08:17:57Z,2026-04-24T08:41:17Z,artifacts/features/cpd/lbw_21/USDHKD_cpd.csv,
63,USDHKD,completed,4680,2026-02-23T00:00:00,8,2,2026-04-24T23:07:18Z,2026-04-24T23:35:30Z,artifacts/features/cpd/lbw_63/USDHKD_cpd.csv,
126,USDHKD,completed,4680,2026-02-23T00:00:00,1,0,2026-04-26T12:14:14Z,2026-04-26T12:44:28Z,artifacts/features/cpd/lbw_126/USDHKD_cpd.csv,
252,USDHKD,completed,4680,2026-02-23T00:00:00,1,0,2026-04-27T16:48:44Z,2026-04-27T18:00:51Z,artifacts/features/cpd/lbw_252/USDHKD_cpd.csv,
10,USDHUF,completed,2890,2026-02-23T00:00:00,6,0,2026-04-23T18:14:14Z,2026-04-23T18:30:22Z,artifacts/features/cpd/lbw_10/USDHUF_cpd.csv,
21,USDHUF,completed,2890,2026-02-23T00:00:00,2,0,2026-04-24T08:30:02Z,2026-04-24T08:44:24Z,artifacts/features/cpd/lbw_21/USDHUF_cpd.csv,
63,USDHUF,completed,2890,2026-02-23T00:00:00,0,0,2026-04-24T23:23:51Z,2026-04-24T23:41:07Z,artifacts/features/cpd/lbw_63/USDHUF_cpd.csv,
126,USDHUF,completed,2890,2026-02-23T00:00:00,0,0,2026-04-26T12:31:54Z,2026-04-26T12:50:23Z,artifacts/features/cpd/lbw_126/USDHUF_cpd.csv,
252,USDHUF,completed,2890,2026-02-23T00:00:00,1,0,2026-04-27T17:37:30Z,2026-04-27T18:22:23Z,artifacts/features/cpd/lbw_252/USDHUF_cpd.csv,
10,USDILS,completed,1074,2026-02-23T00:00:00,2,0,2026-04-23T18:26:36Z,2026-04-23T18:32:58Z,artifacts/features/cpd/lbw_10/USDILS_cpd.csv,
21,USDILS,completed,1074,2026-02-23T00:00:00,2,0,2026-04-24T08:42:15Z,2026-04-24T08:47:29Z,artifacts/features/cpd/lbw_21/USDILS_cpd.csv,
63,USDILS,completed,1074,2026-02-23T00:00:00,0,0,2026-04-24T23:36:56Z,2026-04-24T23:43:00Z,artifacts/features/cpd/lbw_63/USDILS_cpd.csv,
126,USDILS,completed,1074,2026-02-23T00:00:00,0,0,2026-04-26T12:45:41Z,2026-04-26T12:52:03Z,artifacts/features/cpd/lbw_126/USDILS_cpd.csv,
252,USDILS,completed,1074,2026-02-23T00:00:00,0,0,2026-04-27T17:41:45Z,2026-04-27T17:55:35Z,artifacts/features/cpd/lbw_252/USDILS_cpd.csv,
10,USDJPY,completed,6730,2026-02-23T00:00:00,18,3,2026-04-23T18:30:52Z,2026-04-23T19:08:25Z,artifacts/features/cpd/lbw_10/USDJPY_cpd.csv,
21,USDJPY,completed,6730,2026-02-23T00:00:00,12,0,2026-04-24T08:44:50Z,2026-04-24T09:19:04Z,artifacts/features/cpd/lbw_21/USDJPY_cpd.csv,
63,USDJPY,completed,6730,2026-02-23T00:00:00,4,0,2026-04-24T23:41:37Z,2026-04-25T00:23:40Z,artifacts/features/cpd/lbw_63/USDJPY_cpd.csv,
126,USDJPY,completed,6730,2026-02-23T00:00:00,0,0,2026-04-26T12:50:48Z,2026-04-26T13:36:01Z,artifacts/features/cpd/lbw_126/USDJPY_cpd.csv,
252,USDJPY,completed,6730,2026-02-23T00:00:00,1,0,2026-04-27T17:55:47Z,2026-04-27T20:02:31Z,artifacts/features/cpd/lbw_252/USDJPY_cpd.csv,
10,USDMXN,completed,4698,2026-02-23T00:00:00,18,1,2026-04-23T18:33:10Z,2026-04-23T18:59:04Z,artifacts/features/cpd/lbw_10/USDMXN_cpd.csv,
21,USDMXN,completed,4698,2026-02-23T00:00:00,4,0,2026-04-24T08:47:40Z,2026-04-24T09:11:05Z,artifacts/features/cpd/lbw_21/USDMXN_cpd.csv,
63,USDMXN,completed,4698,2026-02-23T00:00:00,0,0,2026-04-24T23:43:12Z,2026-04-25T00:12:26Z,artifacts/features/cpd/lbw_63/USDMXN_cpd.csv,
126,USDMXN,completed,4698,2026-02-23T00:00:00,1,0,2026-04-26T12:52:14Z,2026-04-26T13:23:03Z,artifacts/features/cpd/lbw_126/USDMXN_cpd.csv,
252,USDMXN,completed,4698,2026-02-23T00:00:00,1,0,2026-04-27T18:02:07Z,2026-04-27T19:27:34Z,artifacts/features/cpd/lbw_252/USDMXN_cpd.csv,
10,USDNOK,completed,5188,2026-02-23T00:00:00,30,2,2026-04-23T19:00:43Z,2026-04-23T19:29:15Z,artifacts/features/cpd/lbw_10/USDNOK_cpd.csv,
21,USDNOK,completed,5188,2026-02-23T00:00:00,5,0,2026-04-24T09:12:14Z,2026-04-24T09:38:25Z,artifacts/features/cpd/lbw_21/USDNOK_cpd.csv,
63,USDNOK,completed,5188,2026-02-23T00:00:00,3,1,2026-04-25T00:14:03Z,2026-04-25T00:45:31Z,artifacts/features/cpd/lbw_63/USDNOK_cpd.csv,
126,USDNOK,completed,5188,2026-02-23T00:00:00,1,0,2026-04-26T13:24:24Z,2026-04-26T14:03:13Z,artifacts/features/cpd/lbw_126/USDNOK_cpd.csv,
252,USDNOK,completed,5188,2026-02-23T00:00:00,0,0,2026-04-27T18:22:56Z,2026-04-27T19:56:48Z,artifacts/features/cpd/lbw_252/USDNOK_cpd.csv,
10,USDPLN,completed,3401,2026-02-23T00:00:00,6,0,2026-04-23T19:10:57Z,2026-04-23T19:29:24Z,artifacts/features/cpd/lbw_10/USDPLN_cpd.csv,
21,USDPLN,completed,3401,2026-02-23T00:00:00,4,0,2026-04-24T09:21:18Z,2026-04-24T09:38:17Z,artifacts/features/cpd/lbw_21/USDPLN_cpd.csv,
63,USDPLN,completed,3401,2026-02-23T00:00:00,0,0,2026-04-25T00:26:40Z,2026-04-25T00:47:02Z,artifacts/features/cpd/lbw_63/USDPLN_cpd.csv,
126,USDPLN,completed,3401,2026-02-23T00:00:00,1,0,2026-04-26T13:38:41Z,2026-04-26T14:05:26Z,artifacts/features/cpd/lbw_126/USDPLN_cpd.csv,
252,USDPLN,completed,3401,2026-02-23T00:00:00,0,0,2026-04-27T19:28:54Z,2026-04-27T20:28:33Z,artifacts/features/cpd/lbw_252/USDPLN_cpd.csv,
10,USDSEK,completed,6728,2026-02-23T00:00:00,25,2,2026-04-23T19:31:06Z,2026-04-23T20:10:20Z,artifacts/features/cpd/lbw_10/USDSEK_cpd.csv,
21,USDSEK,completed,6728,2026-02-23T00:00:00,14,0,2026-04-24T09:39:15Z,2026-04-24T10:13:40Z,artifacts/features/cpd/lbw_21/USDSEK_cpd.csv,
63,USDSEK,completed,6728,2026-02-23T00:00:00,0,0,2026-04-25T00:46:52Z,2026-04-25T01:22:32Z,artifacts/features/cpd/lbw_63/USDSEK_cpd.csv,
126,USDSEK,completed,6728,2026-02-23T00:00:00,0,0,2026-04-26T14:04:58Z,2026-04-26T16:31:03Z,artifacts/features/cpd/lbw_126/USDSEK_cpd.csv,
252,USDSEK,completed,6728,2026-02-23T00:00:00,1,0,2026-04-27T19:58:31Z,2026-04-27T22:16:44Z,artifacts/features/cpd/lbw_252/USDSEK_cpd.csv,
10,USDSGD,completed,556,2026-02-23T00:00:00,1,0,2026-04-23T19:31:22Z,2026-04-23T19:34:24Z,artifacts/features/cpd/lbw_10/USDSGD_cpd.csv,
21,USDSGD,completed,556,2026-02-23T00:00:00,0,0,2026-04-24T09:39:41Z,2026-04-24T09:42:19Z,artifacts/features/cpd/lbw_21/USDSGD_cpd.csv,
63,USDSGD,completed,556,2026-02-23T00:00:00,0,0,2026-04-25T00:47:32Z,2026-04-25T00:50:07Z,artifacts/features/cpd/lbw_63/USDSGD_cpd.csv,
126,USDSGD,completed,556,2026-02-23T00:00:00,0,0,2026-04-26T14:05:59Z,2026-04-26T15:48:21Z,artifacts/features/cpd/lbw_126/USDSGD_cpd.csv,
252,USDSGD,completed,556,2026-02-23T00:00:00,0,0,2026-04-27T20:05:32Z,2026-04-27T20:11:20Z,artifacts/features/cpd/lbw_252/USDSGD_cpd.csv,
10,USDZAR,completed,5082,2026-02-23T00:00:00,22,1,2026-04-23T19:34:33Z,2026-04-23T20:03:09Z,artifacts/features/cpd/lbw_10/USDZAR_cpd.csv,
21,USDZAR,completed,5082,2026-02-23T00:00:00,7,0,2026-04-24T09:42:26Z,2026-04-24T10:08:09Z,artifacts/features/cpd/lbw_21/USDZAR_cpd.csv,
63,USDZAR,completed,5082,2026-02-23T00:00:00,0,0,2026-04-25T00:50:14Z,2026-04-25T01:16:52Z,artifacts/features/cpd/lbw_63/USDZAR_cpd.csv,
126,USDZAR,completed,5082,2026-02-23T00:00:00,0,0,2026-04-26T15:48:29Z,2026-04-26T16:23:29Z,artifacts/features/cpd/lbw_126/USDZAR_cpd.csv,
252,USDZAR,completed,5082,2026-02-23T00:00:00,0,0,2026-04-27T20:11:28Z,2026-04-27T21:56:48Z,artifacts/features/cpd/lbw_252/USDZAR_cpd.csv,
10,USOIL.cash,completed,1329,2026-02-23T00:00:00,4,0,2026-04-23T20:05:08Z,2026-04-23T20:13:34Z,artifacts/features/cpd/lbw_10/USOIL.cash_cpd.csv,
21,USOIL.cash,completed,1329,2026-02-23T00:00:00,2,0,2026-04-24T10:09:39Z,2026-04-24T10:16:17Z,artifacts/features/cpd/lbw_21/USOIL.cash_cpd.csv,
63,USOIL.cash,completed,1329,2026-02-23T00:00:00,0,0,2026-04-25T01:18:12Z,2026-04-25T01:24:54Z,artifacts/features/cpd/lbw_63/USOIL.cash_cpd.csv,
126,USOIL.cash,completed,1329,2026-02-23T00:00:00,0,0,2026-04-26T16:24:59Z,2026-04-26T16:33:05Z,artifacts/features/cpd/lbw_126/USOIL.cash_cpd.csv,
252,USOIL.cash,completed,1329,2026-02-23T00:00:00,0,0,2026-04-27T20:29:15Z,2026-04-27T20:53:36Z,artifacts/features/cpd/lbw_252/USOIL.cash_cpd.csv,
10,V,completed,1714,2026-02-20T00:00:00,3,0,2026-04-23T20:13:23Z,2026-04-23T20:22:46Z,artifacts/features/cpd/lbw_10/V_cpd.csv,
21,V,completed,1714,2026-02-20T00:00:00,3,0,2026-04-24T10:15:07Z,2026-04-24T10:23:33Z,artifacts/features/cpd/lbw_21/V_cpd.csv,
63,V,completed,1714,2026-02-20T00:00:00,1,0,2026-04-25T01:23:49Z,2026-04-25T01:32:30Z,artifacts/features/cpd/lbw_63/V_cpd.csv,
126,V,completed,1714,2026-02-20T00:00:00,0,0,2026-04-26T16:33:02Z,2026-04-26T16:43:30Z,artifacts/features/cpd/lbw_126/V_cpd.csv,
252,V,completed,1714,2026-02-20T00:00:00,0,0,2026-04-27T20:53:52Z,2026-04-27T21:23:36Z,artifacts/features/cpd/lbw_252/V_cpd.csv,
10,VECUSD,completed,2189,2026-02-23T00:00:00,3,0,2026-04-23T20:13:48Z,2026-04-23T20:25:48Z,artifacts/features/cpd/lbw_10/VECUSD_cpd.csv,
21,VECUSD,completed,2189,2026-02-23T00:00:00,1,0,2026-04-24T10:16:30Z,2026-04-24T10:27:19Z,artifacts/features/cpd/lbw_21/VECUSD_cpd.csv,
63,VECUSD,completed,2189,2026-02-23T00:00:00,1,0,2026-04-25T01:25:07Z,2026-04-25T01:36:14Z,artifacts/features/cpd/lbw_63/VECUSD_cpd.csv,
126,VECUSD,completed,2189,2026-02-23T00:00:00,0,0,2026-04-26T16:33:17Z,2026-04-26T16:46:52Z,artifacts/features/cpd/lbw_126/VECUSD_cpd.csv,
252,VECUSD,completed,2189,2026-02-23T00:00:00,0,0,2026-04-27T21:24:00Z,2026-04-27T22:06:41Z,artifacts/features/cpd/lbw_252/VECUSD_cpd.csv,
10,VOWG_p,completed,1731,2026-02-20T00:00:00,4,1,2026-04-23T20:23:05Z,2026-04-23T20:32:30Z,artifacts/features/cpd/lbw_10/VOWG_p_cpd.csv,
21,VOWG_p,completed,1731,2026-02-20T00:00:00,3,0,2026-04-24T10:23:50Z,2026-04-24T10:32:22Z,artifacts/features/cpd/lbw_21/VOWG_p_cpd.csv,
63,VOWG_p,completed,1731,2026-02-20T00:00:00,1,0,2026-04-25T01:32:47Z,2026-04-25T01:41:33Z,artifacts/features/cpd/lbw_63/VOWG_p_cpd.csv,
126,VOWG_p,completed,1731,2026-02-20T00:00:00,2,0,2026-04-26T16:43:46Z,2026-04-26T16:54:24Z,artifacts/features/cpd/lbw_126/VOWG_p_cpd.csv,
252,VOWG_p,completed,1731,2026-02-20T00:00:00,0,0,2026-04-27T21:59:10Z,2026-04-27T22:35:32Z,artifacts/features/cpd/lbw_252/VOWG_p_cpd.csv,
10,WHEAT.c,completed,731,2026-02-23T00:00:00,1,0,2026-04-23T20:26:10Z,2026-04-23T20:30:03Z,artifacts/features/cpd/lbw_10/WHEAT.c_cpd.csv,
21,WHEAT.c,completed,731,2026-02-23T00:00:00,0,0,2026-04-24T10:27:39Z,2026-04-24T10:31:11Z,artifacts/features/cpd/lbw_21/WHEAT.c_cpd.csv,
63,WHEAT.c,completed,731,2026-02-23T00:00:00,0,0,2026-04-25T01:36:34Z,2026-04-25T01:40:03Z,artifacts/features/cpd/lbw_63/WHEAT.c_cpd.csv,
126,WHEAT.c,completed,731,2026-02-23T00:00:00,0,0,2026-04-26T16:47:11Z,2026-04-26T16:51:08Z,artifacts/features/cpd/lbw_126/WHEAT.c_cpd.csv,
252,WHEAT.c,completed,731,2026-02-23T00:00:00,0,0,2026-04-27T22:07:09Z,2026-04-27T22:18:52Z,artifacts/features/cpd/lbw_252/WHEAT.c_cpd.csv,
10,WMT,completed,1324,2026-02-20T00:00:00,4,0,2026-04-23T20:30:13Z,2026-04-23T20:37:38Z,artifacts/features/cpd/lbw_10/WMT_cpd.csv,
21,WMT,completed,1324,2026-02-20T00:00:00,3,0,2026-04-24T10:31:19Z,2026-04-24T10:37:48Z,artifacts/features/cpd/lbw_21/WMT_cpd.csv,
63,WMT,completed,1324,2026-02-20T00:00:00,0,0,2026-04-25T01:40:11Z,2026-04-25T01:46:47Z,artifacts/features/cpd/lbw_63/WMT_cpd.csv,
126,WMT,completed,1324,2026-02-20T00:00:00,0,0,2026-04-26T16:51:16Z,2026-04-26T16:59:08Z,artifacts/features/cpd/lbw_126/WMT_cpd.csv,
252,WMT,completed,1324,2026-02-20T00:00:00,0,0,2026-04-27T22:19:05Z,2026-04-27T22:43:24Z,artifacts/features/cpd/lbw_252/WMT_cpd.csv,
10,XAGAUD,completed,2406,2026-02-23T00:00:00,9,1,2026-04-23T20:32:48Z,2026-04-23T20:46:34Z,artifacts/features/cpd/lbw_10/XAGAUD_cpd.csv,
21,XAGAUD,completed,2406,2026-02-23T00:00:00,5,0,2026-04-24T10:32:39Z,2026-04-24T10:44:44Z,artifacts/features/cpd/lbw_21/XAGAUD_cpd.csv,
63,XAGAUD,completed,2406,2026-02-23T00:00:00,0,0,2026-04-25T01:41:49Z,2026-04-25T01:54:06Z,artifacts/features/cpd/lbw_63/XAGAUD_cpd.csv,
126,XAGAUD,completed,2406,2026-02-23T00:00:00,0,0,2026-04-26T16:54:40Z,2026-04-26T17:09:32Z,artifacts/features/cpd/lbw_126/XAGAUD_cpd.csv,
252,XAGAUD,completed,2406,2026-02-23T00:00:00,0,0,2026-04-27T22:20:02Z,2026-04-27T23:04:31Z,artifacts/features/cpd/lbw_252/XAGAUD_cpd.csv,
10,XAGEUR,completed,2198,2026-02-23T00:00:00,9,0,2026-04-23T20:37:52Z,2026-04-23T20:50:52Z,artifacts/features/cpd/lbw_10/XAGEUR_cpd.csv,
21,XAGEUR,completed,2198,2026-02-23T00:00:00,6,1,2026-04-24T10:38:02Z,2026-04-24T10:49:10Z,artifacts/features/cpd/lbw_21/XAGEUR_cpd.csv,
63,XAGEUR,completed,2198,2026-02-23T00:00:00,1,0,2026-04-25T01:47:00Z,2026-04-25T01:58:15Z,artifacts/features/cpd/lbw_63/XAGEUR_cpd.csv,
126,XAGEUR,completed,2198,2026-02-23T00:00:00,0,0,2026-04-26T16:59:20Z,2026-04-26T17:12:56Z,artifacts/features/cpd/lbw_126/XAGEUR_cpd.csv,
252,XAGEUR,completed,2198,2026-02-23T00:00:00,0,0,2026-04-27T22:35:54Z,2026-04-27T23:13:37Z,artifacts/features/cpd/lbw_252/XAGEUR_cpd.csv,
10,XAGUSD,completed,4464,2026-02-23T00:00:00,24,4,2026-04-23T20:47:02Z,2026-04-23T21:12:10Z,artifacts/features/cpd/lbw_10/XAGUSD_cpd.csv,
21,XAGUSD,completed,4464,2026-02-23T00:00:00,4,0,2026-04-24T10:45:07Z,2026-04-24T11:08:57Z,artifacts/features/cpd/lbw_21/XAGUSD_cpd.csv,
63,XAGUSD,completed,4464,2026-02-23T00:00:00,0,0,2026-04-25T01:54:28Z,2026-04-25T02:17:45Z,artifacts/features/cpd/lbw_63/XAGUSD_cpd.csv,
126,XAGUSD,completed,4464,2026-02-23T00:00:00,1,0,2026-04-26T17:09:54Z,2026-04-26T17:38:53Z,artifacts/features/cpd/lbw_126/XAGUSD_cpd.csv,
252,XAGUSD,completed,4464,2026-02-23T00:00:00,0,0,2026-04-27T22:43:41Z,2026-04-28T00:00:52Z,artifacts/features/cpd/lbw_252/XAGUSD_cpd.csv,
10,XAUAUD,completed,2409,2026-02-23T00:00:00,6,0,2026-04-23T20:51:14Z,2026-04-23T21:04:31Z,artifacts/features/cpd/lbw_10/XAUAUD_cpd.csv,
21,XAUAUD,completed,2409,2026-02-23T00:00:00,4,0,2026-04-24T10:49:31Z,2026-04-24T11:01:45Z,artifacts/features/cpd/lbw_21/XAUAUD_cpd.csv,
63,XAUAUD,completed,2409,2026-02-23T00:00:00,3,0,2026-04-25T01:58:35Z,2026-04-25T02:11:02Z,artifacts/features/cpd/lbw_63/XAUAUD_cpd.csv,
126,XAUAUD,completed,2409,2026-02-23T00:00:00,1,0,2026-04-26T17:13:15Z,2026-04-26T17:28:40Z,artifacts/features/cpd/lbw_126/XAUAUD_cpd.csv,
252,XAUAUD,completed,2409,2026-02-23T00:00:00,2,0,2026-04-27T23:04:58Z,2026-04-27T23:45:09Z,artifacts/features/cpd/lbw_252/XAUAUD_cpd.csv,
10,XAUEUR,completed,2411,2026-02-23T00:00:00,5,1,2026-04-23T21:04:55Z,2026-04-23T21:18:27Z,artifacts/features/cpd/lbw_10/XAUEUR_cpd.csv,
21,XAUEUR,completed,2411,2026-02-23T00:00:00,3,0,2026-04-24T11:02:09Z,2026-04-24T11:16:25Z,artifacts/features/cpd/lbw_21/XAUEUR_cpd.csv,
63,XAUEUR,completed,2411,2026-02-23T00:00:00,1,0,2026-04-25T02:11:25Z,2026-04-25T02:23:52Z,artifacts/features/cpd/lbw_63/XAUEUR_cpd.csv,
126,XAUEUR,completed,2411,2026-02-23T00:00:00,1,0,2026-04-26T17:29:03Z,2026-04-26T17:44:33Z,artifacts/features/cpd/lbw_126/XAUEUR_cpd.csv,
252,XAUEUR,completed,2411,2026-02-23T00:00:00,0,0,2026-04-27T23:14:01Z,2026-04-27T23:51:40Z,artifacts/features/cpd/lbw_252/XAUEUR_cpd.csv,
10,XAUUSD,completed,5583,2026-02-23T00:00:00,13,0,2026-04-23T21:13:21Z,2026-04-23T21:48:16Z,artifacts/features/cpd/lbw_10/XAUUSD_cpd.csv,
21,XAUUSD,completed,5583,2026-02-23T00:00:00,3,0,2026-04-24T11:10:24Z,2026-04-24T11:41:50Z,artifacts/features/cpd/lbw_21/XAUUSD_cpd.csv,
63,XAUUSD,completed,5583,2026-02-23T00:00:00,1,1,2026-04-25T02:18:47Z,2026-04-25T02:48:03Z,artifacts/features/cpd/lbw_63/XAUUSD_cpd.csv,
126,XAUUSD,completed,5583,2026-02-23T00:00:00,0,0,2026-04-26T17:39:55Z,2026-04-26T18:19:48Z,artifacts/features/cpd/lbw_126/XAUUSD_cpd.csv,
252,XAUUSD,completed,5583,2026-02-23T00:00:00,0,0,2026-04-27T23:45:43Z,2026-04-28T01:21:25Z,artifacts/features/cpd/lbw_252/XAUUSD_cpd.csv,
10,XLMUSD,completed,3418,2026-02-23T00:00:00,13,2,2026-04-23T21:18:51Z,2026-04-23T21:40:42Z,artifacts/features/cpd/lbw_10/XLMUSD_cpd.csv,
21,XLMUSD,completed,3418,2026-02-23T00:00:00,9,1,2026-04-24T11:16:52Z,2026-04-24T11:36:26Z,artifacts/features/cpd/lbw_21/XLMUSD_cpd.csv,
63,XLMUSD,completed,3418,2026-02-23T00:00:00,4,0,2026-04-25T02:24:14Z,2026-04-25T02:42:06Z,artifacts/features/cpd/lbw_63/XLMUSD_cpd.csv,
126,XLMUSD,completed,3418,2026-02-23T00:00:00,2,0,2026-04-26T17:44:55Z,2026-04-26T18:08:56Z,artifacts/features/cpd/lbw_126/XLMUSD_cpd.csv,
252,XLMUSD,completed,3418,2026-02-23T00:00:00,0,0,2026-04-27T23:52:06Z,2026-04-28T00:46:44Z,artifacts/features/cpd/lbw_252/XLMUSD_cpd.csv,
10,XMRUSD,completed,3121,2026-02-23T00:00:00,7,0,2026-04-23T21:41:26Z,2026-04-23T22:01:08Z,artifacts/features/cpd/lbw_10/XMRUSD_cpd.csv,
21,XMRUSD,completed,3121,2026-02-23T00:00:00,3,0,2026-04-24T11:37:08Z,2026-04-24T11:53:17Z,artifacts/features/cpd/lbw_21/XMRUSD_cpd.csv,
63,XMRUSD,completed,3121,2026-02-23T00:00:00,0,0,2026-04-25T02:42:43Z,2026-04-25T02:58:51Z,artifacts/features/cpd/lbw_63/XMRUSD_cpd.csv,
126,XMRUSD,completed,3121,2026-02-23T00:00:00,1,0,2026-04-26T18:09:32Z,2026-04-26T19:16:48Z,artifacts/features/cpd/lbw_126/XMRUSD_cpd.csv,
252,XMRUSD,completed,3121,2026-02-23T00:00:00,0,0,2026-04-28T00:01:42Z,2026-04-28T00:49:42Z,artifacts/features/cpd/lbw_252/XMRUSD_cpd.csv,
10,XPDUSD,completed,2762,2026-02-23T00:00:00,15,1,2026-04-23T21:50:17Z,2026-04-23T22:06:58Z,artifacts/features/cpd/lbw_10/XPDUSD_cpd.csv,
21,XPDUSD,completed,2762,2026-02-23T00:00:00,3,0,2026-04-24T11:43:14Z,2026-04-24T11:57:26Z,artifacts/features/cpd/lbw_21/XPDUSD_cpd.csv,
63,XPDUSD,completed,2762,2026-02-23T00:00:00,1,0,2026-04-25T02:49:22Z,2026-04-25T03:03:34Z,artifacts/features/cpd/lbw_63/XPDUSD_cpd.csv,
126,XPDUSD,completed,2762,2026-02-23T00:00:00,0,0,2026-04-26T18:21:34Z,2026-04-26T19:25:25Z,artifacts/features/cpd/lbw_126/XPDUSD_cpd.csv,
252,XPDUSD,completed,2762,2026-02-23T00:00:00,0,0,2026-04-28T00:47:29Z,2026-04-28T01:30:39Z,artifacts/features/cpd/lbw_252/XPDUSD_cpd.csv,
10,XPTUSD,completed,2775,2026-02-23T00:00:00,9,3,2026-04-23T22:01:41Z,2026-04-23T22:17:48Z,artifacts/features/cpd/lbw_10/XPTUSD_cpd.csv,
21,XPTUSD,completed,2775,2026-02-23T00:00:00,3,0,2026-04-24T11:53:49Z,2026-04-24T12:08:26Z,artifacts/features/cpd/lbw_21/XPTUSD_cpd.csv,
63,XPTUSD,completed,2775,2026-02-23T00:00:00,2,0,2026-04-25T02:59:20Z,2026-04-25T03:13:39Z,artifacts/features/cpd/lbw_63/XPTUSD_cpd.csv,
126,XPTUSD,completed,2775,2026-02-23T00:00:00,1,0,2026-04-26T19:17:18Z,2026-04-26T19:34:51Z,artifacts/features/cpd/lbw_126/XPTUSD_cpd.csv,
252,XPTUSD,completed,2775,2026-02-23T00:00:00,1,0,2026-04-28T00:50:16Z,2026-04-28T01:34:19Z,artifacts/features/cpd/lbw_252/XPTUSD_cpd.csv,
10,XRPUSD,completed,3385,2026-02-23T00:00:00,7,0,2026-04-23T22:07:26Z,2026-04-23T22:24:33Z,artifacts/features/cpd/lbw_10/XRPUSD_cpd.csv,
21,XRPUSD,completed,3385,2026-02-23T00:00:00,5,1,2026-04-24T11:57:54Z,2026-04-24T12:14:34Z,artifacts/features/cpd/lbw_21/XRPUSD_cpd.csv,
63,XRPUSD,completed,3385,2026-02-23T00:00:00,4,1,2026-04-25T03:03:59Z,2026-04-25T03:20:38Z,artifacts/features/cpd/lbw_63/XRPUSD_cpd.csv,
126,XRPUSD,completed,3385,2026-02-23T00:00:00,4,0,2026-04-26T19:25:51Z,2026-04-26T19:47:37Z,artifacts/features/cpd/lbw_126/XRPUSD_cpd.csv,
252,XRPUSD,completed,3385,2026-02-23T00:00:00,5,0,2026-04-28T01:23:49Z,2026-04-28T02:14:17Z,artifacts/features/cpd/lbw_252/XRPUSD_cpd.csv,
10,XTZUSD,completed,2479,2026-02-23T00:00:00,7,0,2026-04-23T22:18:16Z,2026-04-23T22:30:41Z,artifacts/features/cpd/lbw_10/XTZUSD_cpd.csv,
21,XTZUSD,completed,2479,2026-02-23T00:00:00,1,0,2026-04-24T12:08:53Z,2026-04-24T12:21:43Z,artifacts/features/cpd/lbw_21/XTZUSD_cpd.csv,
63,XTZUSD,completed,2479,2026-02-23T00:00:00,0,0,2026-04-25T03:14:04Z,2026-04-25T03:26:48Z,artifacts/features/cpd/lbw_63/XTZUSD_cpd.csv,
126,XTZUSD,completed,2479,2026-02-23T00:00:00,1,0,2026-04-26T19:35:17Z,2026-04-26T19:51:57Z,artifacts/features/cpd/lbw_126/XTZUSD_cpd.csv,
252,XTZUSD,completed,2479,2026-02-23T00:00:00,0,0,2026-04-28T01:31:10Z,2026-04-28T02:07:00Z,artifacts/features/cpd/lbw_252/XTZUSD_cpd.csv,
10,ZM,completed,1324,2026-02-20T00:00:00,3,0,2026-04-23T22:25:07Z,2026-04-23T22:31:41Z,artifacts/features/cpd/lbw_10/ZM_cpd.csv,
21,ZM,completed,1324,2026-02-20T00:00:00,2,0,2026-04-24T12:15:07Z,2026-04-24T12:21:55Z,artifacts/features/cpd/lbw_21/ZM_cpd.csv,
63,ZM,completed,1324,2026-02-20T00:00:00,0,0,2026-04-25T03:21:07Z,2026-04-25T03:27:43Z,artifacts/features/cpd/lbw_63/ZM_cpd.csv,
126,ZM,completed,1324,2026-02-20T00:00:00,0,0,2026-04-26T19:48:13Z,2026-04-26T19:56:18Z,artifacts/features/cpd/lbw_126/ZM_cpd.csv,
252,ZM,completed,1324,2026-02-20T00:00:00,0,0,2026-04-28T01:34:47Z,2026-04-28T01:53:36Z,artifacts/features/cpd/lbw_252/ZM_cpd.csv,
