asset_id,lbw,timestamp,status,fallback_source_timestamp,nu,gamma,nlml_baseline,retry_used,fallback_used,failure_stage,failure_message,cpd_csv_path
SOYBEAN.c,10,2025-07-30T00:00:00,fallback_previous,2025-07-29T00:00:00,0.87728620835650672,0.44995417079948352,14.441504116197127,true,true,changepoint_fit,First changepoint fit failed: ABNORMAL: ; second changepoint fit failed: ABNORMAL:,artifacts/features/cpd/lbw_10/SOYBEAN.c_cpd.csv
GER40.cash,10,2020-06-11T00:00:00,fallback_previous,2020-06-10T00:00:00,0.80766161977310236,0.40145548125989705,15.033010220122744,true,true,changepoint_fit,First changepoint fit failed: ABNORMAL: ; second changepoint fit failed: ABNORMAL:,artifacts/features/cpd/lbw_10/GER40.cash_cpd.csv
GER40.cash,10,2024-12-18T00:00:00,fallback_previous,2024-12-17T00:00:00,0.69413365580594766,0.80254193919004813,13.616642536086585,true,true,changepoint_fit,First changepoint fit failed: ABNORMAL: ; second changepoint fit failed: ABNORMAL:,artifacts/features/cpd/lbw_10/GER40.cash_cpd.csv
GER40.cash,21,2024-12-18T00:00:00,fallback_previous,2024-12-17T00:00:00,0.66223709572197786,0.802239118283123,26.082038085097508,true,true,changepoint_fit,First changepoint fit failed: ABNORMAL: ; second changepoint fit failed: ABNORMAL:,artifacts/features/cpd/lbw_21/GER40.cash_cpd.csv
UK100.cash,10,2021-04-20T00:00:00,fallback_previous,2021-04-19T00:00:00,0.62226032060557368,0.65852841606129431,12.707405800079526,true,true,changepoint_fit,First changepoint fit failed: ABNORMAL: ; second changepoint fit failed: ABNORMAL:,artifacts/features/cpd/lbw_10/UK100.cash_cpd.csv
UK100.cash,10,2023-02-27T00:00:00,fallback_previous,2023-02-24T00:00:00,0.78137195672184678,0.30023217890106879,14.754338064731497,true,true,changepoint_fit,First changepoint fit failed: ABNORMAL: ; second changepoint fit failed: ABNORMAL:,artifacts/features/cpd/lbw_10/UK100.cash_cpd.csv
AUS200.cash,10,2019-07-23T00:00:00,fallback_previous,2019-07-22T00:00:00,0.04427675409296055,0.089506227878083225,13.703670925626245,true,true,changepoint_fit,First changepoint fit failed: ABNORMAL: ; second changepoint fit failed: ABNORMAL: ,artifacts/features/cpd/lbw_10/AUS200.cash_cpd.csv
EU50.cash,10,2019-04-15T00:00:00,fallback_previous,2019-04-12T00:00:00,0.68537060403985584,0.43104947775151847,15.07089656343434,true,true,changepoint_fit,First changepoint fit failed: ABNORMAL: ; second changepoint fit failed: ABNORMAL:,artifacts/features/cpd/lbw_10/EU50.cash_cpd.csv
EU50.cash,21,2023-01-16T00:00:00,fallback_previous,2023-01-13T00:00:00,0.91022448334749073,0.54753313103050827,31.018466004075343,true,true,changepoint_fit,First changepoint fit failed: ABNORMAL: ; second changepoint fit failed: ABNORMAL:,artifacts/features/cpd/lbw_21/EU50.cash_cpd.csv
HK50.cash,10,2020-10-07T00:00:00,fallback_previous,2020-10-06T00:00:00,0.62742633778578694,0.1977186307876615,15.237671972382488,true,true,changepoint_fit,First changepoint fit failed: ABNORMAL: ; second changepoint fit failed: ABNORMAL:,artifacts/features/cpd/lbw_10/HK50.cash_cpd.csv
HK50.cash,10,2025-10-10T00:00:00,fallback_previous,2025-10-09T00:00:00,0.7068753692710138,0.99998684806849669,13.650739351801086,true,true,changepoint_fit,First changepoint fit failed: ABNORMAL: ; second changepoint fit failed: ABNORMAL:,artifacts/features/cpd/lbw_10/HK50.cash_cpd.csv
HK50.cash,21,2025-10-10T00:00:00,fallback_previous,2025-10-09T00:00:00,0.90309899018398743,0.94530652616315114,28.214537274034203,true,true,changepoint_fit,First changepoint fit failed: ABNORMAL: ; second changepoint fit failed: ABNORMAL:,artifacts/features/cpd/lbw_21/HK50.cash_cpd.csv
JP225.cash,10,2020-09-21T00:00:00,fallback_previous,2020-09-18T00:00:00,0.90257919927914965,0.45445625353684538,14.485243876986804,true,true,changepoint_fit,First changepoint fit failed: ABNORMAL: ; second changepoint fit failed: ABNORMAL:,artifacts/features/cpd/lbw_10/JP225.cash_cpd.csv
JP225.cash,10,2024-06-27T00:00:00,fallback_previous,2024-06-26T00:00:00,0.66815161737927653,0.19790306160755705,15.351198904768818,true,true,changepoint_fit,First changepoint fit failed: ABNORMAL: ; second changepoint fit failed: ABNORMAL:,artifacts/features/cpd/lbw_10/JP225.cash_cpd.csv
SPN35.cash,10,2021-04-13T00:00:00,fallback_previous,2021-04-12T00:00:00,0.80314616021349083,0.38731932136680913,13.467837014967253,true,true,changepoint_fit,First changepoint fit failed: ABNORMAL: ; second changepoint fit failed: ABNORMAL:,artifacts/features/cpd/lbw_10/SPN35.cash_cpd.csv
UKOIL.cash,10,2019-07-30T00:00:00,fallback_previous,2019-07-29T00:00:00,0.74236057521800802,0.3002985123163604,15.1038131647257,true,true,changepoint_fit,First changepoint fit failed: ABNORMAL: ; second changepoint fit failed: ABNORMAL:,artifacts/features/cpd/lbw_10/UKOIL.cash_cpd.csv
UKOIL.cash,21,2017-04-19T00:00:00,fallback_previous,2017-04-18T00:00:00,0.71817442106551355,0.49665300003714402,30.226793620392794,true,true,changepoint_fit,First changepoint fit failed: ABNORMAL: ; second changepoint fit failed: ABNORMAL:,artifacts/features/cpd/lbw_21/UKOIL.cash_cpd.csv
US2000.cash,10,2023-11-02T00:00:00,fallback_previous,2023-11-01T00:00:00,0.71069528922645642,0.20014241497962498,14.52692818223345,true,true,changepoint_fit,First changepoint fit failed: ABNORMAL: ; second changepoint fit failed: ABNORMAL:,artifacts/features/cpd/lbw_10/US2000.cash_cpd.csv
NATGAS.cash,10,2026-01-21T00:00:00,fallback_previous,2026-01-20T00:00:00,0.86286604128453603,0.84607007113988852,14.824084473611103,true,true,changepoint_fit,First changepoint fit failed: ABNORMAL: ; second changepoint fit failed: ABNORMAL:,artifacts/features/cpd/lbw_10/NATGAS.cash_cpd.csv
ADAUSD,10,2025-01-03T00:00:00,fallback_previous,2025-01-02T00:00:00,0.39072191957042335,0.50476457158288701,14.317999726545036,true,true,changepoint_fit,First changepoint fit failed: ABNORMAL: ; second changepoint fit failed: ABNORMAL: ,artifacts/features/cpd/lbw_10/ADAUSD_cpd.csv
AVAUSD,10,2022-07-04T00:00:00,fallback_previous,2022-07-03T00:00:00,0.81727961747836464,0.19976338262012289,14.900727333525333,true,true,changepoint_fit,First changepoint fit failed: ABNORMAL: ; second changepoint fit failed: ABNORMAL:,artifacts/features/cpd/lbw_10/AVAUSD_cpd.csv
BCHUSD,21,2018-12-19T00:00:00,fallback_previous,2018-12-18T00:00:00,0.81679736737720987,0.24970935845972897,29.056873827882704,true,true,changepoint_fit,First changepoint fit failed: ABNORMAL: ; second changepoint fit failed: ABNORMAL:,artifacts/features/cpd/lbw_21/BCHUSD_cpd.csv
BTCUSD,10,2016-12-02T00:00:00,fallback_previous,2016-12-01T00:00:00,0.73931782604000507,0.068184371182146222,13.589496912065687,true,true,changepoint_fit,First changepoint fit failed: ABNORMAL: ; second changepoint fit failed: ABNORMAL:,artifacts/features/cpd/lbw_10/BTCUSD_cpd.csv
BTCUSD,21,2016-08-02T00:00:00,fallback_previous,2016-08-01T00:00:00,0.67345960914889635,0.33129636438433918,29.557419320743623,true,true,changepoint_fit,First changepoint fit failed: ABNORMAL: ; second changepoint fit failed: ABNORMAL:,artifacts/features/cpd/lbw_21/BTCUSD_cpd.csv
BTCUSD,21,2022-02-26T00:00:00,fallback_previous,2022-02-25T00:00:00,0.87688864864384575,0.17252506823626293,29.605657023808625,true,true,changepoint_fit,First changepoint fit failed: ABNORMAL: ; second changepoint fit failed: ABNORMAL:,artifacts/features/cpd/lbw_21/BTCUSD_cpd.csv
BTCUSD,21,2023-07-11T00:00:00,fallback_previous,2023-07-10T00:00:00,0.99494194501064726,0.19077632278940346,29.218458705342591,true,true,changepoint_fit,First changepoint fit failed: ABNORMAL: ; second changepoint fit failed: ABNORMAL:,artifacts/features/cpd/lbw_21/BTCUSD_cpd.csv
DASHUSD,21,2026-02-02T00:00:00,fallback_previous,2026-02-01T00:00:00,0.99989762582869146,0.2780205610245427,29.471486025785417,true,true,changepoint_fit,First changepoint fit failed: ABNORMAL: ; second changepoint fit failed: ABNORMAL:,artifacts/features/cpd/lbw_21/DASHUSD_cpd.csv
DASHUSD,21,2026-02-03T00:00:00,fallback_previous,2026-02-02T00:00:00,0.99989762582869146,0.2780205610245427,27.77306882636298,true,true,changepoint_fit,First changepoint fit failed: ABNORMAL: ; second changepoint fit failed: ABNORMAL:,artifacts/features/cpd/lbw_21/DASHUSD_cpd.csv
ETCUSD,10,2023-07-09T00:00:00,fallback_previous,2023-07-08T00:00:00,0.98445686521037756,0.41795186880773405,14.88571781526081,true,true,changepoint_fit,First changepoint fit failed: ABNORMAL: ; second changepoint fit failed: ABNORMAL:,artifacts/features/cpd/lbw_10/ETCUSD_cpd.csv
ETHUSD,10,2016-06-27T00:00:00,fallback_previous,2016-06-26T00:00:00,0.98257554713459638,0.20384827671081926,14.102695469835693,true,true,changepoint_fit,First changepoint fit failed: ABNORMAL: ; second changepoint fit failed: ABNORMAL:,artifacts/features/cpd/lbw_10/ETHUSD_cpd.csv
ETHUSD,10,2018-04-14T00:00:00,fallback_previous,2018-04-13T00:00:00,0.75792044991730589,0.1994507724193664,15.195528154384732,true,true,changepoint_fit,First changepoint fit failed: ABNORMAL: ; second changepoint fit failed: ABNORMAL:,artifacts/features/cpd/lbw_10/ETHUSD_cpd.csv
LTCUSD,10,2012-02-20T00:00:00,fallback_previous,2012-02-19T00:00:00,1,0.30476138349715026,15.4701592863898,true,true,changepoint_fit,First changepoint fit failed: ABNORMAL: ; second changepoint fit failed: ABNORMAL:,artifacts/features/cpd/lbw_10/LTCUSD_cpd.csv
LTCUSD,10,2015-04-10T00:00:00,fallback_previous,2015-04-09T00:00:00,0.66538286747317066,0.42337648009550921,14.285971995599885,true,true,changepoint_fit,First changepoint fit failed: ABNORMAL: ; second changepoint fit failed: ABNORMAL:,artifacts/features/cpd/lbw_10/LTCUSD_cpd.csv
LTCUSD,21,2017-12-12T00:00:00,fallback_previous,2017-12-11T00:00:00,0.99914006586373638,0.99999989705785119,23.220838414395157,true,true,changepoint_fit,First changepoint fit failed: ABNORMAL: ; second changepoint fit failed: ABNORMAL:,artifacts/features/cpd/lbw_21/LTCUSD_cpd.csv
LTCUSD,126,2013-03-14T00:00:00,fallback_previous,2013-03-13T00:00:00,1,0.91354193687201213,167.06801491634815,true,true,changepoint_fit,First changepoint fit failed: ABNORMAL: ; second changepoint fit failed: ABNORMAL:,artifacts/features/cpd/lbw_126/LTCUSD_cpd.csv
LTCUSD,126,2013-03-16T00:00:00,fallback_previous,2013-03-15T00:00:00,1,0.9999999920634921,167.05384242410696,true,true,changepoint_fit,First changepoint fit failed: ABNORMAL: ; second changepoint fit failed: ABNORMAL:,artifacts/features/cpd/lbw_126/LTCUSD_cpd.csv
LTCUSD,126,2013-08-03T00:00:00,fallback_previous,2013-08-02T00:00:00,1,7.9365079365079361e-09,173.56010297848596,true,true,changepoint_fit,First changepoint fit failed: ABNORMAL: ; second changepoint fit failed: ABNORMAL:,artifacts/features/cpd/lbw_126/LTCUSD_cpd.csv
LTCUSD,126,2013-08-05T00:00:00,fallback_previous,2013-08-04T00:00:00,1,8.726844909453135e-08,169.08041995096696,true,true,changepoint_fit,First changepoint fit failed: ABNORMAL: ; second changepoint fit failed: ABNORMAL:,artifacts/features/cpd/lbw_126/LTCUSD_cpd.csv
XRPUSD,21,2022-02-07T00:00:00,fallback_previous,2022-02-06T00:00:00,0.77480412154744338,0.40924309276504162,29.441476566697272,true,true,changepoint_fit,First changepoint fit failed: ABNORMAL: ; second changepoint fit failed: ABNORMAL:,artifacts/features/cpd/lbw_21/XRPUSD_cpd.csv
XRPUSD,63,2024-11-16T00:00:00,fallback_previous,2024-11-15T00:00:00,0.99999999987869237,0.93331913352509555,80.420193606558456,true,true,changepoint_fit,First changepoint fit failed: ABNORMAL: ; second changepoint fit failed: ABNORMAL:,artifacts/features/cpd/lbw_63/XRPUSD_cpd.csv
ALGUSD,10,2025-05-18T00:00:00,fallback_previous,2025-05-17T00:00:00,0.11060524200441373,0.18842354527111141,14.470983608672931,true,true,changepoint_fit,First changepoint fit failed: ABNORMAL: ; second changepoint fit failed: ABNORMAL: ,artifacts/features/cpd/lbw_10/ALGUSD_cpd.csv
BNBUSD,10,2025-05-18T00:00:00,fallback_previous,2025-05-17T00:00:00,0.87731705128358672,0.67097846835331232,14.077281810777055,true,true,changepoint_fit,First changepoint fit failed: ABNORMAL: ; second changepoint fit failed: ABNORMAL:,artifacts/features/cpd/lbw_10/BNBUSD_cpd.csv
BNBUSD,21,2024-09-06T00:00:00,fallback_previous,2024-09-05T00:00:00,0.79503486316660421,0.42859101272294953,28.551651677314446,true,true,changepoint_fit,First changepoint fit failed: ABNORMAL: ; second changepoint fit failed: ABNORMAL:,artifacts/features/cpd/lbw_21/BNBUSD_cpd.csv
DOGEUSD,21,2022-06-13T00:00:00,fallback_previous,2022-06-12T00:00:00,0.9243756879595908,0.90472128067362922,29.302516042121699,true,true,changepoint_fit,First changepoint fit failed: ABNORMAL: ; second changepoint fit failed: ABNORMAL:,artifacts/features/cpd/lbw_21/DOGEUSD_cpd.csv
DOGEUSD,21,2023-01-14T00:00:00,fallback_previous,2023-01-13T00:00:00,0.74290847099394941,0.38041781104575023,29.447584972896145,true,true,changepoint_fit,First changepoint fit failed: ABNORMAL: ; second changepoint fit failed: ABNORMAL:,artifacts/features/cpd/lbw_21/DOGEUSD_cpd.csv
FETUSD,10,2025-05-18T00:00:00,fallback_previous,2025-05-17T00:00:00,0.81149865232125096,0.19235468129410066,14.86096068495554,true,true,changepoint_fit,First changepoint fit failed: ABNORMAL: ; second changepoint fit failed: ABNORMAL:,artifacts/features/cpd/lbw_10/FETUSD_cpd.csv
GALUSD,10,2025-02-12T00:00:00,fallback_previous,2025-02-11T00:00:00,0.74308582974603521,0.19974456528840323,15.301069441909137,true,true,changepoint_fit,First changepoint fit failed: ABNORMAL: ; second changepoint fit failed: ABNORMAL:,artifacts/features/cpd/lbw_10/GALUSD_cpd.csv
GALUSD,10,2025-05-18T00:00:00,fallback_previous,2025-05-17T00:00:00,0.94811913375753121,0.15064210076317647,10.627020542880162,true,true,changepoint_fit,First changepoint fit failed: ABNORMAL: ; second changepoint fit failed: ABNORMAL:,artifacts/features/cpd/lbw_10/GALUSD_cpd.csv
GRTUSD,21,2024-12-09T00:00:00,fallback_previous,2024-12-08T00:00:00,0.78689649915289972,0.52299805903305341,30.193147374467269,true,true,changepoint_fit,First changepoint fit failed: ABNORMAL: ; second changepoint fit failed: ABNORMAL:,artifacts/features/cpd/lbw_21/GRTUSD_cpd.csv
ICPUSD,10,2024-12-09T00:00:00,fallback_previous,2024-12-08T00:00:00,0.59801540109778317,0.39657254055039798,14.907088676826481,true,true,changepoint_fit,First changepoint fit failed: ABNORMAL: ; second changepoint fit failed: ABNORMAL:,artifacts/features/cpd/lbw_10/ICPUSD_cpd.csv
ICPUSD,10,2025-05-18T00:00:00,fallback_previous,2025-05-17T00:00:00,0.97952018503799421,0.15383805224010977,13.231431098457993,true,true,changepoint_fit,First changepoint fit failed: ABNORMAL: ; second changepoint fit failed: ABNORMAL:,artifacts/features/cpd/lbw_10/ICPUSD_cpd.csv
IMXUSD,10,2025-10-11T00:00:00,fallback_previous,2025-10-10T00:00:00,0.66928153482106501,0.395181175601099,14.779400334618481,true,true,changepoint_fit,First changepoint fit failed: ABNORMAL: ; second changepoint fit failed: ABNORMAL:,artifacts/features/cpd/lbw_10/IMXUSD_cpd.csv
LNKUSD,10,2022-01-07T00:00:00,fallback_previous,2022-01-06T00:00:00,0.84650781870331426,0.13427712838229169,13.797612955664556,true,true,changepoint_fit,First changepoint fit failed: ABNORMAL: ; second changepoint fit failed: ABNORMAL:,artifacts/features/cpd/lbw_10/LNKUSD_cpd.csv
LNKUSD,10,2022-04-06T00:00:00,fallback_previous,2022-04-05T00:00:00,0.66443386825849382,0.61216564763750725,15.322252256881328,true,true,changepoint_fit,First changepoint fit failed: ABNORMAL: ; second changepoint fit failed: ABNORMAL:,artifacts/features/cpd/lbw_10/LNKUSD_cpd.csv
MANUSD,10,2025-02-12T00:00:00,fallback_previous,2025-02-11T00:00:00,0.75487322173790605,0.19858047928377731,14.874912194990662,true,true,changepoint_fit,First changepoint fit failed: ABNORMAL: ; second changepoint fit failed: ABNORMAL:,artifacts/features/cpd/lbw_10/MANUSD_cpd.csv
NEOUSD,10,2021-01-06T00:00:00,fallback_previous,2021-01-05T00:00:00,0.7497362122809248,0.70012595658247656,14.56180371212635,true,true,changepoint_fit,First changepoint fit failed: ABNORMAL: ; second changepoint fit failed: ABNORMAL:,artifacts/features/cpd/lbw_10/NEOUSD_cpd.csv
NEOUSD,21,2021-01-07T00:00:00,fallback_previous,2021-01-06T00:00:00,0.92634051460556643,0.93999948132285926,27.797286230536038,true,true,changepoint_fit,First changepoint fit failed: ABNORMAL: ; second changepoint fit failed: ABNORMAL:,artifacts/features/cpd/lbw_21/NEOUSD_cpd.csv
NERUSD,21,2024-01-10T00:00:00,fallback_previous,2024-01-09T00:00:00,0.97965217942512872,0.11864817051048987,30.684979389475302,true,true,changepoint_fit,First changepoint fit failed: ABNORMAL: ; second changepoint fit failed: ABNORMAL:,artifacts/features/cpd/lbw_21/NERUSD_cpd.csv
SANUSD,10,2025-05-18T00:00:00,fallback_previous,2025-05-17T00:00:00,0.83593152098578494,0.18398752915081718,14.214628473987892,true,true,changepoint_fit,First changepoint fit failed: ABNORMAL: ; second changepoint fit failed: ABNORMAL:,artifacts/features/cpd/lbw_10/SANUSD_cpd.csv
XLMUSD,10,2021-01-06T00:00:00,fallback_previous,2021-01-05T00:00:00,0.98070952298769865,0.8001811798729298,13.618356638693099,true,true,changepoint_fit,First changepoint fit failed: ABNORMAL: ; second changepoint fit failed: ABNORMAL:,artifacts/features/cpd/lbw_10/XLMUSD_cpd.csv
XLMUSD,10,2023-01-18T00:00:00,fallback_previous,2023-01-17T00:00:00,0.81536471200741001,0.41637964866397714,14.939828125349853,true,true,changepoint_fit,First changepoint fit failed: ABNORMAL: ; second changepoint fit failed: ABNORMAL:,artifacts/features/cpd/lbw_10/XLMUSD_cpd.csv
XLMUSD,21,2021-02-23T00:00:00,fallback_previous,2021-02-22T00:00:00,0.93583060697894482,0.38384070924641545,29.468100776566789,true,true,changepoint_fit,First changepoint fit failed: ABNORMAL: ; second changepoint fit failed: ABNORMAL:,artifacts/features/cpd/lbw_21/XLMUSD_cpd.csv
AAPL,10,2011-01-29T00:00:00,fallback_previous,2011-01-28T00:00:00,0.4254791372612941,0.3544960529549831,14.247602594334499,true,true,changepoint_fit,First changepoint fit failed: ABNORMAL: ; second changepoint fit failed: ABNORMAL: ,artifacts/features/cpd/lbw_10/AAPL_cpd.csv
AAPL,10,2012-01-24T00:00:00,fallback_previous,2012-01-23T00:00:00,0.012900265469400464,0.46639493090960593,14.303357357404163,true,true,changepoint_fit,First changepoint fit failed: ABNORMAL: ; second changepoint fit failed: ABNORMAL: ,artifacts/features/cpd/lbw_10/AAPL_cpd.csv
AAPL,10,2012-05-17T00:00:00,fallback_previous,2012-05-16T00:00:00,0.049581773814348112,0.22274334674116422,13.29072897034291,true,true,changepoint_fit,First changepoint fit failed: ABNORMAL: ; second changepoint fit failed: ABNORMAL: ,artifacts/features/cpd/lbw_10/AAPL_cpd.csv
AAPL,10,2014-02-07T00:00:00,fallback_previous,2014-02-06T00:00:00,0.0011400156172724264,0.19011654620602964,11.878076944613293,true,true,changepoint_fit,First changepoint fit failed: ABNORMAL: ; second changepoint fit failed: ABNORMAL: ,artifacts/features/cpd/lbw_10/AAPL_cpd.csv
AAPL,10,2025-01-07T00:00:00,fallback_previous,2025-01-06T00:00:00,0.24819541927921945,0.40010937373923727,15.236062566114974,true,true,changepoint_fit,First changepoint fit failed: ABNORMAL: ; second changepoint fit failed: ABNORMAL: ,artifacts/features/cpd/lbw_10/AAPL_cpd.csv
AMZN,10,2020-10-27T00:00:00,fallback_previous,2020-10-26T00:00:00,0.0079835385738287364,9.9999999999999995e-08,14.635606746370692,true,true,changepoint_fit,First changepoint fit failed: ABNORMAL: ; second changepoint fit failed: ABNORMAL: ,artifacts/features/cpd/lbw_10/AMZN_cpd.csv
AMZN,10,2022-06-10T00:00:00,fallback_previous,2022-06-09T00:00:00,0.24752875503899682,0.50046949111196404,11.932989705268946,true,true,changepoint_fit,First changepoint fit failed: ABNORMAL: ; second changepoint fit failed: ABNORMAL: ,artifacts/features/cpd/lbw_10/AMZN_cpd.csv
BABA,21,2021-06-25T00:00:00,fallback_previous,2021-06-24T00:00:00,0.57462044779074428,0.52430928873564686,30.383533043345221,true,true,changepoint_fit,First changepoint fit failed: ABNORMAL: ; second changepoint fit failed: ABNORMAL:,artifacts/features/cpd/lbw_21/BABA_cpd.csv
BAC,10,2025-03-28T00:00:00,fallback_previous,2025-03-27T00:00:00,0.84736247097973327,0.19964580341214525,13.975390898089518,true,true,changepoint_fit,First changepoint fit failed: ABNORMAL: ; second changepoint fit failed: ABNORMAL:,artifacts/features/cpd/lbw_10/BAC_cpd.csv
GOOG,10,2022-02-02T00:00:00,fallback_previous,2022-02-01T00:00:00,0.89203286211367561,0.50022958514863913,14.595692342700682,true,true,changepoint_fit,First changepoint fit failed: ABNORMAL: ; second changepoint fit failed: ABNORMAL:,artifacts/features/cpd/lbw_10/GOOG_cpd.csv
GOOG,10,2025-10-06T00:00:00,fallback_previous,2025-10-03T00:00:00,0.74506846683511063,0.39807536072208027,15.119391352039711,true,true,changepoint_fit,First changepoint fit failed: ABNORMAL: ; second changepoint fit failed: ABNORMAL:,artifacts/features/cpd/lbw_10/GOOG_cpd.csv
MSFT,10,2022-01-05T00:00:00,fallback_previous,2022-01-04T00:00:00,0.90408415294503841,0.48359721365676622,12.869983942497081,true,true,changepoint_fit,First changepoint fit failed: ABNORMAL: ; second changepoint fit failed: ABNORMAL:,artifacts/features/cpd/lbw_10/MSFT_cpd.csv
NVDA,10,2023-09-13T00:00:00,fallback_previous,2023-09-12T00:00:00,0.88293814289747474,0.1948593170679343,14.499591791199974,true,true,changepoint_fit,First changepoint fit failed: ABNORMAL: ; second changepoint fit failed: ABNORMAL:,artifacts/features/cpd/lbw_10/NVDA_cpd.csv
PFE,10,2023-08-31T00:00:00,fallback_previous,2023-08-30T00:00:00,0.84958842734854267,0.19402785485060592,15.002287941317558,true,true,changepoint_fit,First changepoint fit failed: ABNORMAL: ; second changepoint fit failed: ABNORMAL:,artifacts/features/cpd/lbw_10/PFE_cpd.csv
RACE,21,2020-12-03T00:00:00,fallback_previous,2020-12-02T00:00:00,0.9947405664910699,0.14300897909036464,29.68824926224875,true,true,changepoint_fit,First changepoint fit failed: ABNORMAL: ; second changepoint fit failed: ABNORMAL:,artifacts/features/cpd/lbw_21/RACE_cpd.csv
RACE,21,2024-09-06T00:00:00,fallback_previous,2024-09-05T00:00:00,0.81276048132218226,0.28804494202901348,30.715090596054289,true,true,changepoint_fit,First changepoint fit failed: ABNORMAL: ; second changepoint fit failed: ABNORMAL:,artifacts/features/cpd/lbw_21/RACE_cpd.csv
ALVG,21,2020-11-10T00:00:00,fallback_previous,2020-11-09T00:00:00,0.0045317763457288791,0.9999998916200622,28.94045172247106,true,true,changepoint_fit,First changepoint fit failed: ABNORMAL: ; second changepoint fit failed: ABNORMAL: ,artifacts/features/cpd/lbw_21/ALVG_cpd.csv
ALVG,21,2022-01-24T00:00:00,fallback_previous,2022-01-21T00:00:00,0.2653348710096281,0.99999995238095229,28.82707381539382,true,true,changepoint_fit,First changepoint fit failed: ABNORMAL: ; second changepoint fit failed: ABNORMAL: ,artifacts/features/cpd/lbw_21/ALVG_cpd.csv
ALVG,63,2020-03-16T00:00:00,fallback_previous,2020-03-13T00:00:00,3.774949328785837e-15,0.94370023774936984,84.396059296543015,true,true,changepoint_fit,First changepoint fit failed: ABNORMAL: ; second changepoint fit failed: ABNORMAL: ,artifacts/features/cpd/lbw_63/ALVG_cpd.csv
BAYGn,10,2022-12-08T00:00:00,fallback_previous,2022-12-07T00:00:00,0.78238804400526807,0.74679227764834777,15.412097847873683,true,true,changepoint_fit,First changepoint fit failed: ABNORMAL: ; second changepoint fit failed: ABNORMAL:,artifacts/features/cpd/lbw_10/BAYGn_cpd.csv
BAYGn,10,2023-04-27T00:00:00,fallback_previous,2023-04-26T00:00:00,0.91243076990805827,0.14929176157020541,14.311628954476447,true,true,changepoint_fit,First changepoint fit failed: ABNORMAL: ; second changepoint fit failed: ABNORMAL:,artifacts/features/cpd/lbw_10/BAYGn_cpd.csv
BAYGn,10,2025-07-31T00:00:00,fallback_previous,2025-07-30T00:00:00,0.87280713309993918,0.46313126857396086,12.753544252533587,true,true,changepoint_fit,First changepoint fit failed: ABNORMAL: ; second changepoint fit failed: ABNORMAL:,artifacts/features/cpd/lbw_10/BAYGn_cpd.csv
IBE,10,2021-08-18T00:00:00,fallback_previous,2021-08-17T00:00:00,0.7694502568312005,0.40342849432764327,13.065011008855661,true,true,changepoint_fit,First changepoint fit failed: ABNORMAL: ; second changepoint fit failed: ABNORMAL:,artifacts/features/cpd/lbw_10/IBE_cpd.csv
LVMH,10,2019-03-22T00:00:00,fallback_previous,2019-03-21T00:00:00,0.65057615314583483,0.33850561110245037,15.270008934415129,true,true,changepoint_fit,First changepoint fit failed: ABNORMAL: ; second changepoint fit failed: ABNORMAL:,artifacts/features/cpd/lbw_10/LVMH_cpd.csv
LVMH,10,2022-06-24T00:00:00,fallback_previous,2022-06-23T00:00:00,0.75272129217954353,0.3000176729062129,14.495290134506989,true,true,changepoint_fit,First changepoint fit failed: ABNORMAL: ; second changepoint fit failed: ABNORMAL:,artifacts/features/cpd/lbw_10/LVMH_cpd.csv
LVMH,10,2023-07-03T00:00:00,fallback_previous,2023-06-30T00:00:00,0.97343045724379662,0.13045431579801797,14.225369678120668,true,true,changepoint_fit,First changepoint fit failed: ABNORMAL: ; second changepoint fit failed: ABNORMAL:,artifacts/features/cpd/lbw_10/LVMH_cpd.csv
LVMH,21,2020-09-21T00:00:00,fallback_previous,2020-09-18T00:00:00,0.62023197252113116,0.37685840519974012,29.973000513533211,true,true,changepoint_fit,First changepoint fit failed: ABNORMAL: ; second changepoint fit failed: ABNORMAL:,artifacts/features/cpd/lbw_21/LVMH_cpd.csv
VOWG_p,10,2019-04-08T00:00:00,fallback_previous,2019-04-05T00:00:00,0.76158300958551173,1.7155270718464672e-07,15.04980177212027,true,true,changepoint_fit,First changepoint fit failed: ABNORMAL: ; second changepoint fit failed: ABNORMAL:,artifacts/features/cpd/lbw_10/VOWG_p_cpd.csv
EURCZK,10,2023-09-12T00:00:00,fallback_previous,2023-09-11T00:00:00,0.95995418971684787,0.17201061700151393,13.171072719273102,true,true,changepoint_fit,First changepoint fit failed: ABNORMAL: ; second changepoint fit failed: ABNORMAL:,artifacts/features/cpd/lbw_10/EURCZK_cpd.csv
EURNOK,10,2020-06-11T00:00:00,fallback_previous,2020-06-10T00:00:00,0.92868850640089806,0.63960324340562058,14.281709500677307,true,true,changepoint_fit,First changepoint fit failed: ABNORMAL: ; second changepoint fit failed: ABNORMAL:,artifacts/features/cpd/lbw_10/EURNOK_cpd.csv
EURNOK,10,2022-01-04T00:00:00,fallback_previous,2022-01-03T00:00:00,0.76938572292281082,0.23165481536024371,15.309229498305912,true,true,changepoint_fit,First changepoint fit failed: ABNORMAL: ; second changepoint fit failed: ABNORMAL:,artifacts/features/cpd/lbw_10/EURNOK_cpd.csv
EURNOK,10,2024-02-28T00:00:00,fallback_previous,2024-02-27T00:00:00,0.99953086087386178,1.1685903733427005e-05,14.37563851027506,true,true,changepoint_fit,First changepoint fit failed: ABNORMAL: ; second changepoint fit failed: ABNORMAL:,artifacts/features/cpd/lbw_10/EURNOK_cpd.csv
USDCZK,10,2023-03-01T00:00:00,fallback_previous,2023-02-28T00:00:00,0.78714958084705289,0.79326750350834763,14.89386677314199,true,true,changepoint_fit,First changepoint fit failed: ABNORMAL: ; second changepoint fit failed: ABNORMAL:,artifacts/features/cpd/lbw_10/USDCZK_cpd.csv
USDHKD,10,2023-04-04T00:00:00,fallback_previous,2023-04-03T00:00:00,0.99999999837900355,1.5942332116301423e-07,10.777344334033092,true,true,changepoint_fit,First changepoint fit failed: ABNORMAL: ; second changepoint fit failed: ABNORMAL:,artifacts/features/cpd/lbw_10/USDHKD_cpd.csv
USDHKD,10,2023-11-08T00:00:00,fallback_previous,2023-11-07T00:00:00,0.94118833861750339,0.29383542133070262,14.664624295237228,true,true,changepoint_fit,First changepoint fit failed: ABNORMAL: ; second changepoint fit failed: ABNORMAL:,artifacts/features/cpd/lbw_10/USDHKD_cpd.csv
USDHKD,21,2009-12-16T00:00:00,fallback_previous,2009-12-15T00:00:00,0.99999973342842785,0.99999995238095229,26.689164500853572,true,true,changepoint_fit,First changepoint fit failed: ABNORMAL: ; second changepoint fit failed: ABNORMAL:,artifacts/features/cpd/lbw_21/USDHKD_cpd.csv
USDHKD,63,2009-12-16T00:00:00,fallback_previous,2009-12-15T00:00:00,0.99999999999999911,0.98389127124581421,81.832909940789449,true,true,changepoint_fit,First changepoint fit failed: ABNORMAL: ; second changepoint fit failed: ABNORMAL:,artifacts/features/cpd/lbw_63/USDHKD_cpd.csv
USDHKD,63,2016-01-21T00:00:00,fallback_previous,2016-01-20T00:00:00,1,0.92880037777150348,87.090024584131243,true,true,changepoint_fit,First changepoint fit failed: ABNORMAL: ; second changepoint fit failed: ABNORMAL:,artifacts/features/cpd/lbw_63/USDHKD_cpd.csv
USDMXN,10,2022-08-24T00:00:00,fallback_previous,2022-08-23T00:00:00,0.71443447512792013,0.10848175091765069,13.396865812150724,true,true,changepoint_fit,First changepoint fit failed: ABNORMAL: ; second changepoint fit failed: ABNORMAL:,artifacts/features/cpd/lbw_10/USDMXN_cpd.csv
USDNOK,10,2015-10-08T00:00:00,fallback_previous,2015-10-07T00:00:00,0.65762939214851968,0.19461046956795275,15.083308383345607,true,true,changepoint_fit,First changepoint fit failed: ABNORMAL: ; second changepoint fit failed: ABNORMAL:,artifacts/features/cpd/lbw_10/USDNOK_cpd.csv
USDNOK,10,2016-11-04T00:00:00,fallback_previous,2016-11-03T00:00:00,0.81474631337387093,0.24473201734718447,14.660874279865924,true,true,changepoint_fit,First changepoint fit failed: ABNORMAL: ; second changepoint fit failed: ABNORMAL:,artifacts/features/cpd/lbw_10/USDNOK_cpd.csv
USDNOK,63,2026-01-27T00:00:00,fallback_previous,2026-01-26T00:00:00,0.82457099687768587,0.93160387330783179,88.057615902357995,true,true,changepoint_fit,First changepoint fit failed: ABNORMAL: ; second changepoint fit failed: ABNORMAL:,artifacts/features/cpd/lbw_63/USDNOK_cpd.csv
USDSEK,10,2002-07-03T00:00:00,fallback_previous,2002-07-02T00:00:00,0.94265130068573399,0.89973896258752339,13.818448986194092,true,true,changepoint_fit,First changepoint fit failed: ABNORMAL: ; second changepoint fit failed: ABNORMAL:,artifacts/features/cpd/lbw_10/USDSEK_cpd.csv
USDSEK,10,2023-07-12T00:00:00,fallback_previous,2023-07-11T00:00:00,0.77002558633983265,0.50459675679092364,14.839639616631736,true,true,changepoint_fit,First changepoint fit failed: ABNORMAL: ; second changepoint fit failed: ABNORMAL:,artifacts/features/cpd/lbw_10/USDSEK_cpd.csv
USDZAR,10,2010-05-27T00:00:00,fallback_previous,2010-05-26T00:00:00,0.68882997134664647,0.38777583547598565,15.135143480721412,true,true,changepoint_fit,First changepoint fit failed: ABNORMAL: ; second changepoint fit failed: ABNORMAL:,artifacts/features/cpd/lbw_10/USDZAR_cpd.csv
AUDCAD,10,2007-08-16T00:00:00,fallback_previous,2007-08-15T00:00:00,0.018393498915780297,0.4267461891313708,14.26894679788554,true,true,changepoint_fit,First changepoint fit failed: ABNORMAL: ; second changepoint fit failed: ABNORMAL: ,artifacts/features/cpd/lbw_10/AUDCAD_cpd.csv
AUDCAD,10,2018-07-09T00:00:00,fallback_previous,2018-07-06T00:00:00,0.39082152274468673,1.4283864250132884e-06,14.789598156414568,true,true,changepoint_fit,First changepoint fit failed: ABNORMAL: ; second changepoint fit failed: ABNORMAL: ,artifacts/features/cpd/lbw_10/AUDCAD_cpd.csv
AUDCHF,10,2001-04-16T00:00:00,fallback_previous,2001-04-13T00:00:00,0.18848678042400976,0.19993964621632765,15.420212119942128,true,true,changepoint_fit,First changepoint fit failed: ABNORMAL: ; second changepoint fit failed: ABNORMAL: ,artifacts/features/cpd/lbw_10/AUDCHF_cpd.csv
AUDCHF,10,2001-06-20T00:00:00,fallback_previous,2001-06-19T00:00:00,0.28261658245796967,0.16668970844956701,15.237379549783711,true,true,changepoint_fit,First changepoint fit failed: ABNORMAL: ; second changepoint fit failed: ABNORMAL: ,artifacts/features/cpd/lbw_10/AUDCHF_cpd.csv
AUDCHF,10,2006-08-07T00:00:00,fallback_previous,2006-08-04T00:00:00,0.036687380697627295,0.19575561796558466,14.372271826490225,true,true,changepoint_fit,First changepoint fit failed: ABNORMAL: ; second changepoint fit failed: ABNORMAL: ,artifacts/features/cpd/lbw_10/AUDCHF_cpd.csv
AUDCHF,10,2012-12-20T00:00:00,fallback_previous,2012-12-19T00:00:00,0.20448257718035831,0.19591527255887053,14.386719092769885,true,true,changepoint_fit,First changepoint fit failed: ABNORMAL: ; second changepoint fit failed: ABNORMAL: ,artifacts/features/cpd/lbw_10/AUDCHF_cpd.csv
AUDCHF,10,2019-09-19T00:00:00,fallback_previous,2019-09-18T00:00:00,0.030187575733265318,0.39993388780302397,13.278318871849532,true,true,changepoint_fit,First changepoint fit failed: ABNORMAL: ; second changepoint fit failed: ABNORMAL: ,artifacts/features/cpd/lbw_10/AUDCHF_cpd.csv
AUDJPY,10,2013-07-29T00:00:00,fallback_previous,2013-07-26T00:00:00,0.043616120589493872,0.19812082097820141,11.80437562828855,true,true,changepoint_fit,First changepoint fit failed: ABNORMAL: ; second changepoint fit failed: ABNORMAL: ,artifacts/features/cpd/lbw_10/AUDJPY_cpd.csv
AUDJPY,10,2022-08-11T00:00:00,fallback_previous,2022-08-10T00:00:00,0.30072212231117035,0.16419684462037104,15.006738696398557,true,true,changepoint_fit,First changepoint fit failed: ABNORMAL: ; second changepoint fit failed: ABNORMAL: ,artifacts/features/cpd/lbw_10/AUDJPY_cpd.csv
AUDJPY,10,2024-02-28T00:00:00,fallback_previous,2024-02-27T00:00:00,0.20971392879300643,0.19743587034062871,14.512773799199854,true,true,changepoint_fit,First changepoint fit failed: ABNORMAL: ; second changepoint fit failed: ABNORMAL: ,artifacts/features/cpd/lbw_10/AUDJPY_cpd.csv
AUDNZD,10,2003-07-21T00:00:00,fallback_previous,2003-07-18T00:00:00,0.022069225352701574,0.1992362311848902,13.697939014830741,true,true,changepoint_fit,First changepoint fit failed: ABNORMAL: ; second changepoint fit failed: ABNORMAL: ,artifacts/features/cpd/lbw_10/AUDNZD_cpd.csv
AUDUSD,10,2009-01-12T00:00:00,fallback_previous,2009-01-09T00:00:00,0.12678793534361812,0.79993107143786824,13.830509484434275,true,true,changepoint_fit,First changepoint fit failed: ABNORMAL: ; second changepoint fit failed: ABNORMAL: ,artifacts/features/cpd/lbw_10/AUDUSD_cpd.csv
AUDUSD,10,2024-10-10T00:00:00,fallback_previous,2024-10-09T00:00:00,0.030402828219311138,0.18496179362100915,14.946074088309228,true,true,changepoint_fit,First changepoint fit failed: ABNORMAL: ; second changepoint fit failed: ABNORMAL: ,artifacts/features/cpd/lbw_10/AUDUSD_cpd.csv
AUDUSD,10,2025-04-23T00:00:00,fallback_previous,2025-04-22T00:00:00,0.03076274954435099,0.18981089439803442,14.039447826301181,true,true,changepoint_fit,First changepoint fit failed: ABNORMAL: ; second changepoint fit failed: ABNORMAL: ,artifacts/features/cpd/lbw_10/AUDUSD_cpd.csv
CADCHF,10,2002-07-05T00:00:00,fallback_previous,2002-07-04T00:00:00,0.71947520757831163,0.26246782691592851,15.359236655310571,true,true,changepoint_fit,First changepoint fit failed: ABNORMAL: ; second changepoint fit failed: ABNORMAL:,artifacts/features/cpd/lbw_10/CADCHF_cpd.csv
CADCHF,10,2003-06-05T00:00:00,fallback_previous,2003-06-04T00:00:00,0.83405056968167612,0.19119968949211921,14.408868502704184,true,true,changepoint_fit,First changepoint fit failed: ABNORMAL: ; second changepoint fit failed: ABNORMAL:,artifacts/features/cpd/lbw_10/CADCHF_cpd.csv
CADCHF,10,2011-08-25T00:00:00,fallback_previous,2011-08-24T00:00:00,0.99656172922005393,0.19826942766098049,14.54136472953383,true,true,changepoint_fit,First changepoint fit failed: ABNORMAL: ; second changepoint fit failed: ABNORMAL:,artifacts/features/cpd/lbw_10/CADCHF_cpd.csv
CADCHF,10,2013-01-02T00:00:00,fallback_previous,2013-01-01T00:00:00,0.71121577228254362,0.19758507974375414,15.007848604125208,true,true,changepoint_fit,First changepoint fit failed: ABNORMAL: ; second changepoint fit failed: ABNORMAL:,artifacts/features/cpd/lbw_10/CADCHF_cpd.csv
CADCHF,10,2022-11-11T00:00:00,fallback_previous,2022-11-10T00:00:00,0.72792353051023961,0.40745567197078414,15.116178509712725,true,true,changepoint_fit,First changepoint fit failed: ABNORMAL: ; second changepoint fit failed: ABNORMAL:,artifacts/features/cpd/lbw_10/CADCHF_cpd.csv
CADJPY,10,2014-04-08T00:00:00,fallback_previous,2014-04-07T00:00:00,0.86396319534999244,0.69992650147400448,12.864780768905693,true,true,changepoint_fit,First changepoint fit failed: ABNORMAL: ; second changepoint fit failed: ABNORMAL:,artifacts/features/cpd/lbw_10/CADJPY_cpd.csv
CADJPY,21,2019-10-03T00:00:00,fallback_previous,2019-10-02T00:00:00,0.94394255138652783,0.95626395879736548,29.723606747741258,true,true,changepoint_fit,First changepoint fit failed: ABNORMAL: ; second changepoint fit failed: ABNORMAL:,artifacts/features/cpd/lbw_21/CADJPY_cpd.csv
CHFJPY,10,2001-05-23T00:00:00,fallback_previous,2001-05-22T00:00:00,0.54481334598732145,0.98870398643630364,15.072198357147688,true,true,changepoint_fit,First changepoint fit failed: ABNORMAL: ; second changepoint fit failed: ABNORMAL:,artifacts/features/cpd/lbw_10/CHFJPY_cpd.csv
CHFJPY,10,2007-08-15T00:00:00,fallback_previous,2007-08-14T00:00:00,0.79503985696020252,0.25680153837943476,15.110366780407501,true,true,changepoint_fit,First changepoint fit failed: ABNORMAL: ; second changepoint fit failed: ABNORMAL:,artifacts/features/cpd/lbw_10/CHFJPY_cpd.csv
CHFJPY,10,2023-10-27T00:00:00,fallback_previous,2023-10-26T00:00:00,0.97623800128839711,0.55396330904364355,14.369720263087336,true,true,changepoint_fit,First changepoint fit failed: ABNORMAL: ; second changepoint fit failed: ABNORMAL:,artifacts/features/cpd/lbw_10/CHFJPY_cpd.csv
CHFJPY,21,2002-05-21T00:00:00,fallback_previous,2002-05-20T00:00:00,0.5967691328551652,0.44358402484100634,31.065836663919111,true,true,changepoint_fit,First changepoint fit failed: ABNORMAL: ; second changepoint fit failed: ABNORMAL:,artifacts/features/cpd/lbw_21/CHFJPY_cpd.csv
EURAUD,21,2021-08-19T00:00:00,fallback_previous,2021-08-18T00:00:00,0.68977796722134643,0.64826663554966169,30.029588723849436,true,true,changepoint_fit,First changepoint fit failed: ABNORMAL: ; second changepoint fit failed: ABNORMAL:,artifacts/features/cpd/lbw_21/EURAUD_cpd.csv
EURAUD,21,2025-04-04T00:00:00,fallback_previous,2025-04-03T00:00:00,0.78384271144657658,0.99999949072023753,29.66258150836547,true,true,changepoint_fit,First changepoint fit failed: ABNORMAL: ; second changepoint fit failed: ABNORMAL:,artifacts/features/cpd/lbw_21/EURAUD_cpd.csv
EURAUD,126,2020-03-18T00:00:00,fallback_previous,2020-03-17T00:00:00,0.99999999996377165,0.90217774983038668,170.75622645909718,true,true,changepoint_fit,First changepoint fit failed: ABNORMAL: ; second changepoint fit failed: ABNORMAL:,artifacts/features/cpd/lbw_126/EURAUD_cpd.csv
EURCAD,10,2007-09-25T00:00:00,fallback_previous,2007-09-24T00:00:00,0.63647255853994877,0.45959194196187675,15.257353674006159,true,true,changepoint_fit,First changepoint fit failed: ABNORMAL: ; second changepoint fit failed: ABNORMAL:,artifacts/features/cpd/lbw_10/EURCAD_cpd.csv
EURCAD,10,2013-04-08T00:00:00,fallback_previous,2013-04-05T00:00:00,0.8274696848797537,0.38391656777223387,14.42526575392866,true,true,changepoint_fit,First changepoint fit failed: ABNORMAL: ; second changepoint fit failed: ABNORMAL:,artifacts/features/cpd/lbw_10/EURCAD_cpd.csv
EURCHF,10,2019-11-29T00:00:00,fallback_previous,2019-11-28T00:00:00,0.93639894251678579,0.1922907488323406,15.198510074933695,true,true,changepoint_fit,First changepoint fit failed: ABNORMAL: ; second changepoint fit failed: ABNORMAL:,artifacts/features/cpd/lbw_10/EURCHF_cpd.csv
EURCHF,21,2005-05-16T00:00:00,fallback_previous,2005-05-13T00:00:00,0.97362210616488309,0.06498836891546747,30.755864257986921,true,true,changepoint_fit,First changepoint fit failed: ABNORMAL: ; second changepoint fit failed: ABNORMAL:,artifacts/features/cpd/lbw_21/EURCHF_cpd.csv
EURGBP,10,2009-05-21T00:00:00,fallback_previous,2009-05-20T00:00:00,0.93486631314209312,0.60001522360240778,14.822741969480937,true,true,changepoint_fit,First changepoint fit failed: ABNORMAL: ; second changepoint fit failed: ABNORMAL:,artifacts/features/cpd/lbw_10/EURGBP_cpd.csv
EURGBP,10,2013-09-12T00:00:00,fallback_previous,2013-09-11T00:00:00,0.85488322068060263,0.60051972863400338,15.438454565546799,true,true,changepoint_fit,First changepoint fit failed: ABNORMAL: ; second changepoint fit failed: ABNORMAL:,artifacts/features/cpd/lbw_10/EURGBP_cpd.csv
EURJPY,10,2001-09-04T00:00:00,fallback_previous,2001-09-03T00:00:00,0.78053338658108773,0.99999987979564919,15.513750853032871,true,true,changepoint_fit,First changepoint fit failed: ABNORMAL: ; second changepoint fit failed: ABNORMAL:,artifacts/features/cpd/lbw_10/EURJPY_cpd.csv
EURJPY,10,2005-04-04T00:00:00,fallback_previous,2005-04-01T00:00:00,0.60286610688095976,0.29946289139447757,14.220887078208158,true,true,changepoint_fit,First changepoint fit failed: ABNORMAL: ; second changepoint fit failed: ABNORMAL:,artifacts/features/cpd/lbw_10/EURJPY_cpd.csv
EURNZD,10,2005-04-06T00:00:00,fallback_previous,2005-04-05T00:00:00,0.93513820390995683,0.18055075021293782,14.290333160444639,true,true,changepoint_fit,First changepoint fit failed: ABNORMAL: ; second changepoint fit failed: ABNORMAL:,artifacts/features/cpd/lbw_10/EURNZD_cpd.csv
EURNZD,10,2006-10-25T00:00:00,fallback_previous,2006-10-24T00:00:00,0.76515031925145671,0.89979378388863807,13.848815662611592,true,true,changepoint_fit,First changepoint fit failed: ABNORMAL: ; second changepoint fit failed: ABNORMAL:,artifacts/features/cpd/lbw_10/EURNZD_cpd.csv
EURNZD,10,2012-12-20T00:00:00,fallback_previous,2012-12-19T00:00:00,0.81338371449659419,0.1999478345224745,12.924454983000334,true,true,changepoint_fit,First changepoint fit failed: ABNORMAL: ; second changepoint fit failed: ABNORMAL:,artifacts/features/cpd/lbw_10/EURNZD_cpd.csv
EURNZD,21,2013-11-29T00:00:00,fallback_previous,2013-11-28T00:00:00,0.81953542110394073,0.19057417112639324,30.293967189105139,true,true,changepoint_fit,First changepoint fit failed: ABNORMAL: ; second changepoint fit failed: ABNORMAL:,artifacts/features/cpd/lbw_21/EURNZD_cpd.csv
EURUSD,10,2005-05-02T00:00:00,fallback_previous,2005-04-29T00:00:00,0.91099045034533033,0.19959427596675094,14.901423761424779,true,true,changepoint_fit,First changepoint fit failed: ABNORMAL: ; second changepoint fit failed: ABNORMAL:,artifacts/features/cpd/lbw_10/EURUSD_cpd.csv
EURUSD,10,2023-12-14T00:00:00,fallback_previous,2023-12-13T00:00:00,0.86503812894842746,0.99999990000000005,13.224524660647113,true,true,changepoint_fit,First changepoint fit failed: ABNORMAL: ; second changepoint fit failed: ABNORMAL:,artifacts/features/cpd/lbw_10/EURUSD_cpd.csv
EURUSD,21,2010-07-01T00:00:00,fallback_previous,2010-06-30T00:00:00,0.76900073487417198,0.64477096739693374,29.916429252254659,true,true,changepoint_fit,First changepoint fit failed: ABNORMAL: ; second changepoint fit failed: ABNORMAL:,artifacts/features/cpd/lbw_21/EURUSD_cpd.csv
GBPCAD,10,2020-03-09T00:00:00,fallback_previous,2020-03-06T00:00:00,0.98867413463209763,0.22618488756521593,14.994898533197246,true,true,changepoint_fit,First changepoint fit failed: ABNORMAL: ; second changepoint fit failed: ABNORMAL:,artifacts/features/cpd/lbw_10/GBPCAD_cpd.csv
GBPCAD,21,2015-01-21T00:00:00,fallback_previous,2015-01-20T00:00:00,0.99282664298838763,0.99999995238095229,30.392086295873021,true,true,changepoint_fit,First changepoint fit failed: ABNORMAL: ; second changepoint fit failed: ABNORMAL:,artifacts/features/cpd/lbw_21/GBPCAD_cpd.csv
GBPCHF,10,2010-11-16T00:00:00,fallback_previous,2010-11-15T00:00:00,0.71810779130587488,6.4876144252734685e-06,15.272447750199948,true,true,changepoint_fit,First changepoint fit failed: ABNORMAL: ; second changepoint fit failed: ABNORMAL:,artifacts/features/cpd/lbw_10/GBPCHF_cpd.csv
GBPCHF,21,2016-05-18T00:00:00,fallback_previous,2016-05-17T00:00:00,0.85755992015200888,0.56961802509486048,30.562809985255033,true,true,changepoint_fit,First changepoint fit failed: ABNORMAL: ; second changepoint fit failed: ABNORMAL:,artifacts/features/cpd/lbw_21/GBPCHF_cpd.csv
GBPJPY,10,2001-03-02T00:00:00,fallback_previous,2001-03-01T00:00:00,0.76382465893576001,0.089266295504875914,15.241382260677169,true,true,changepoint_fit,First changepoint fit failed: ABNORMAL: ; second changepoint fit failed: ABNORMAL:,artifacts/features/cpd/lbw_10/GBPJPY_cpd.csv
GBPJPY,10,2005-04-04T00:00:00,fallback_previous,2005-04-01T00:00:00,0.74683719956038863,0.50044663656014299,14.378086643244908,true,true,changepoint_fit,First changepoint fit failed: ABNORMAL: ; second changepoint fit failed: ABNORMAL:,artifacts/features/cpd/lbw_10/GBPJPY_cpd.csv
GBPJPY,10,2005-10-21T00:00:00,fallback_previous,2005-10-20T00:00:00,0.72171652106030604,0.3998559237590979,14.805387019595941,true,true,changepoint_fit,First changepoint fit failed: ABNORMAL: ; second changepoint fit failed: ABNORMAL:,artifacts/features/cpd/lbw_10/GBPJPY_cpd.csv
GBPJPY,10,2009-07-08T00:00:00,fallback_previous,2009-07-07T00:00:00,0.9686997893870396,0.30053966204534455,14.386309368139026,true,true,changepoint_fit,First changepoint fit failed: ABNORMAL: ; second changepoint fit failed: ABNORMAL:,artifacts/features/cpd/lbw_10/GBPJPY_cpd.csv
GBPJPY,10,2012-10-04T00:00:00,fallback_previous,2012-10-03T00:00:00,0.7957716661912303,0.099807668071555236,15.051071191927786,true,true,changepoint_fit,First changepoint fit failed: ABNORMAL: ; second changepoint fit failed: ABNORMAL:,artifacts/features/cpd/lbw_10/GBPJPY_cpd.csv
GBPJPY,10,2017-07-11T00:00:00,fallback_previous,2017-07-10T00:00:00,0.85037086257617911,0.32317889474396566,13.205436561489558,true,true,changepoint_fit,First changepoint fit failed: ABNORMAL: ; second changepoint fit failed: ABNORMAL:,artifacts/features/cpd/lbw_10/GBPJPY_cpd.csv
GBPNZD,10,2019-12-31T00:00:00,fallback_previous,2019-12-30T00:00:00,0.95041196970661512,0.22178273256608899,15.337757154396785,true,true,changepoint_fit,First changepoint fit failed: ABNORMAL: ; second changepoint fit failed: ABNORMAL:,artifacts/features/cpd/lbw_10/GBPNZD_cpd.csv
GBPNZD,21,2024-01-17T00:00:00,fallback_previous,2024-01-16T00:00:00,0.91051027986974864,0.079809815275086057,28.530708770892996,true,true,changepoint_fit,First changepoint fit failed: ABNORMAL: ; second changepoint fit failed: ABNORMAL:,artifacts/features/cpd/lbw_21/GBPNZD_cpd.csv
GBPUSD,10,2002-10-24T00:00:00,fallback_previous,2002-10-23T00:00:00,0.98681296795427298,9.9999999999999995e-08,14.76010961364563,true,true,changepoint_fit,First changepoint fit failed: ABNORMAL: ; second changepoint fit failed: ABNORMAL:,artifacts/features/cpd/lbw_10/GBPUSD_cpd.csv
GBPUSD,10,2015-01-16T00:00:00,fallback_previous,2015-01-15T00:00:00,0.93181281126687054,0.18081498573111665,14.437145128536615,true,true,changepoint_fit,First changepoint fit failed: ABNORMAL: ; second changepoint fit failed: ABNORMAL:,artifacts/features/cpd/lbw_10/GBPUSD_cpd.csv
GBPUSD,10,2019-04-30T00:00:00,fallback_previous,2019-04-29T00:00:00,0.61598447255081978,0.12882524223118239,14.640638913173969,true,true,changepoint_fit,First changepoint fit failed: ABNORMAL: ; second changepoint fit failed: ABNORMAL:,artifacts/features/cpd/lbw_10/GBPUSD_cpd.csv
GBPUSD,21,2007-07-06T00:00:00,fallback_previous,2007-07-05T00:00:00,0.90546947299433045,1.65393231526871e-05,29.008226653019594,true,true,changepoint_fit,First changepoint fit failed: ABNORMAL: ; second changepoint fit failed: ABNORMAL:,artifacts/features/cpd/lbw_21/GBPUSD_cpd.csv
GBPUSD,21,2020-03-19T00:00:00,fallback_previous,2020-03-18T00:00:00,0.9920316679309662,0.99999995238094408,28.783931376910992,true,true,changepoint_fit,First changepoint fit failed: ABNORMAL: ; second changepoint fit failed: ABNORMAL:,artifacts/features/cpd/lbw_21/GBPUSD_cpd.csv
GBPUSD,21,2021-06-18T00:00:00,fallback_previous,2021-06-17T00:00:00,0.61519427094861578,0.33282836360805013,31.21664778945091,true,true,changepoint_fit,First changepoint fit failed: ABNORMAL: ; second changepoint fit failed: ABNORMAL:,artifacts/features/cpd/lbw_21/GBPUSD_cpd.csv
NZDCHF,10,2012-12-20T00:00:00,fallback_previous,2012-12-19T00:00:00,0.76232256816105537,0.45327267427370543,12.934704135094725,true,true,changepoint_fit,First changepoint fit failed: ABNORMAL: ; second changepoint fit failed: ABNORMAL:,artifacts/features/cpd/lbw_10/NZDCHF_cpd.csv
NZDCHF,10,2017-03-03T00:00:00,fallback_previous,2017-03-02T00:00:00,0.8221011850821528,0.08109772169914406,13.869090037013571,true,true,changepoint_fit,First changepoint fit failed: ABNORMAL: ; second changepoint fit failed: ABNORMAL:,artifacts/features/cpd/lbw_10/NZDCHF_cpd.csv
NZDCHF,10,2021-08-17T00:00:00,fallback_previous,2021-08-16T00:00:00,0.70397680127765772,0.53000654671370706,11.733785273009815,true,true,changepoint_fit,First changepoint fit failed: ABNORMAL: ; second changepoint fit failed: ABNORMAL:,artifacts/features/cpd/lbw_10/NZDCHF_cpd.csv
NZDCHF,10,2023-06-07T00:00:00,fallback_previous,2023-06-06T00:00:00,0.99753641641287105,0.29953234245196514,13.337045108283817,true,true,changepoint_fit,First changepoint fit failed: ABNORMAL: ; second changepoint fit failed: ABNORMAL:,artifacts/features/cpd/lbw_10/NZDCHF_cpd.csv
NZDJPY,10,2020-10-05T00:00:00,fallback_previous,2020-10-02T00:00:00,0.64575574674562308,0.39997133261997286,14.489769669020401,true,true,changepoint_fit,First changepoint fit failed: ABNORMAL: ; second changepoint fit failed: ABNORMAL:,artifacts/features/cpd/lbw_10/NZDJPY_cpd.csv
NZDJPY,21,2018-06-28T00:00:00,fallback_previous,2018-06-27T00:00:00,0.91859353490702955,0.016684579104441377,30.036319792555268,true,true,changepoint_fit,First changepoint fit failed: ABNORMAL: ; second changepoint fit failed: ABNORMAL:,artifacts/features/cpd/lbw_21/NZDJPY_cpd.csv
NZDJPY,21,2024-02-28T00:00:00,fallback_previous,2024-02-27T00:00:00,0.85297477289952828,0.767167788096906,30.461386838189267,true,true,changepoint_fit,First changepoint fit failed: ABNORMAL: ; second changepoint fit failed: ABNORMAL:,artifacts/features/cpd/lbw_21/NZDJPY_cpd.csv
NZDUSD,10,2007-08-15T00:00:00,fallback_previous,2007-08-14T00:00:00,0.55831670574388592,0.27804629772371681,15.175503803896728,true,true,changepoint_fit,First changepoint fit failed: ABNORMAL: ; second changepoint fit failed: ABNORMAL:,artifacts/features/cpd/lbw_10/NZDUSD_cpd.csv
NZDUSD,10,2025-11-04T00:00:00,fallback_previous,2025-11-03T00:00:00,0.73398469250736542,0.45288082582514982,14.544810766614262,true,true,changepoint_fit,First changepoint fit failed: ABNORMAL: ; second changepoint fit failed: ABNORMAL:,artifacts/features/cpd/lbw_10/NZDUSD_cpd.csv
USDCHF,10,2005-01-04T00:00:00,fallback_previous,2005-01-03T00:00:00,0.82288207949237679,0.8001146952279532,13.739880989248029,true,true,changepoint_fit,First changepoint fit failed: ABNORMAL: ; second changepoint fit failed: ABNORMAL:,artifacts/features/cpd/lbw_10/USDCHF_cpd.csv
USDCHF,10,2011-03-23T00:00:00,fallback_previous,2011-03-22T00:00:00,0.74323256333815779,0.24985071183145874,15.114619946208661,true,true,changepoint_fit,First changepoint fit failed: ABNORMAL: ; second changepoint fit failed: ABNORMAL:,artifacts/features/cpd/lbw_10/USDCHF_cpd.csv
USDCHF,10,2019-01-29T00:00:00,fallback_previous,2019-01-28T00:00:00,0.9018126560328007,0.17944956642501311,14.739348932665557,true,true,changepoint_fit,First changepoint fit failed: ABNORMAL: ; second changepoint fit failed: ABNORMAL:,artifacts/features/cpd/lbw_10/USDCHF_cpd.csv
USDCHF,10,2020-09-23T00:00:00,fallback_previous,2020-09-22T00:00:00,0.75637960458190823,0.7985522746323821,11.516395637091634,true,true,changepoint_fit,First changepoint fit failed: ABNORMAL: ; second changepoint fit failed: ABNORMAL:,artifacts/features/cpd/lbw_10/USDCHF_cpd.csv
USDCHF,10,2020-11-02T00:00:00,fallback_previous,2020-10-30T00:00:00,0.59621491445957897,0.30016999166278402,14.696612492964194,true,true,changepoint_fit,First changepoint fit failed: ABNORMAL: ; second changepoint fit failed: ABNORMAL:,artifacts/features/cpd/lbw_10/USDCHF_cpd.csv
USDCHF,10,2022-05-19T00:00:00,fallback_previous,2022-05-18T00:00:00,0.73456103738377931,0.19802215238627288,13.843830884231691,true,true,changepoint_fit,First changepoint fit failed: ABNORMAL: ; second changepoint fit failed: ABNORMAL:,artifacts/features/cpd/lbw_10/USDCHF_cpd.csv
USDJPY,10,2011-01-05T00:00:00,fallback_previous,2011-01-04T00:00:00,0.91871051913021107,0.50065068441656657,14.102559635207804,true,true,changepoint_fit,First changepoint fit failed: ABNORMAL: ; second changepoint fit failed: ABNORMAL:,artifacts/features/cpd/lbw_10/USDJPY_cpd.csv
USDJPY,10,2011-04-12T00:00:00,fallback_previous,2011-04-11T00:00:00,0.77755610504822803,0.50391525627011935,14.543806687289976,true,true,changepoint_fit,First changepoint fit failed: ABNORMAL: ; second changepoint fit failed: ABNORMAL:,artifacts/features/cpd/lbw_10/USDJPY_cpd.csv
USDJPY,10,2013-04-18T00:00:00,fallback_previous,2013-04-17T00:00:00,0.73763628102130685,0.19495376822283719,15.024340597927578,true,true,changepoint_fit,First changepoint fit failed: ABNORMAL: ; second changepoint fit failed: ABNORMAL:,artifacts/features/cpd/lbw_10/USDJPY_cpd.csv
XAGAUD,10,2017-05-16T00:00:00,fallback_previous,2017-05-15T00:00:00,0.99676355432040542,1.4685751456019095e-07,11.365976984073352,true,true,changepoint_fit,First changepoint fit failed: ABNORMAL: ; second changepoint fit failed: ABNORMAL:,artifacts/features/cpd/lbw_10/XAGAUD_cpd.csv
XAGEUR,21,2020-03-16T00:00:00,fallback_previous,2020-03-13T00:00:00,0.94197222956637028,0.31618125528998958,27.818188264295294,true,true,changepoint_fit,First changepoint fit failed: ABNORMAL: ; second changepoint fit failed: ABNORMAL:,artifacts/features/cpd/lbw_21/XAGEUR_cpd.csv
XAGUSD,10,2017-06-16T00:00:00,fallback_previous,2017-06-15T00:00:00,0.71998055920193083,0.3998864524674513,15.025745300855865,true,true,changepoint_fit,First changepoint fit failed: ABNORMAL: ; second changepoint fit failed: ABNORMAL:,artifacts/features/cpd/lbw_10/XAGUSD_cpd.csv
XAGUSD,10,2018-01-09T00:00:00,fallback_previous,2018-01-08T00:00:00,0.61829286435251196,0.3024184882493991,13.754672447908762,true,true,changepoint_fit,First changepoint fit failed: ABNORMAL: ; second changepoint fit failed: ABNORMAL:,artifacts/features/cpd/lbw_10/XAGUSD_cpd.csv
XAGUSD,10,2019-07-17T00:00:00,fallback_previous,2019-07-16T00:00:00,0.78229392105148388,0.38810452525727751,14.545946824750159,true,true,changepoint_fit,First changepoint fit failed: ABNORMAL: ; second changepoint fit failed: ABNORMAL:,artifacts/features/cpd/lbw_10/XAGUSD_cpd.csv
XAGUSD,10,2020-03-16T00:00:00,fallback_previous,2020-03-13T00:00:00,0.77015622434985631,0.18909863845861294,11.171914545046542,true,true,changepoint_fit,First changepoint fit failed: ABNORMAL: ; second changepoint fit failed: ABNORMAL:,artifacts/features/cpd/lbw_10/XAGUSD_cpd.csv
XAUEUR,10,2018-05-15T00:00:00,fallback_previous,2018-05-14T00:00:00,0.64185850609893791,0.76154040676779222,13.574505008743566,true,true,changepoint_fit,First changepoint fit failed: ABNORMAL: ; second changepoint fit failed: ABNORMAL:,artifacts/features/cpd/lbw_10/XAUEUR_cpd.csv
XAUUSD,63,2013-04-15T00:00:00,fallback_previous,2013-04-12T00:00:00,0.99999972507339574,0.99999996518683809,83.208446984862704,true,true,changepoint_fit,First changepoint fit failed: ABNORMAL: ; second changepoint fit failed: ABNORMAL:,artifacts/features/cpd/lbw_63/XAUUSD_cpd.csv
XPDUSD,10,2018-09-12T00:00:00,fallback_previous,2018-09-11T00:00:00,0.97370909550501017,0.19526525394720487,15.162066889563905,true,true,changepoint_fit,First changepoint fit failed: ABNORMAL: ; second changepoint fit failed: ABNORMAL:,artifacts/features/cpd/lbw_10/XPDUSD_cpd.csv
XPTUSD,10,2021-11-23T00:00:00,fallback_previous,2021-11-22T00:00:00,0.81266761291958112,0.50012321207069532,13.977371255546714,true,true,changepoint_fit,First changepoint fit failed: ABNORMAL: ; second changepoint fit failed: ABNORMAL:,artifacts/features/cpd/lbw_10/XPTUSD_cpd.csv
XPTUSD,10,2023-09-19T00:00:00,fallback_previous,2023-09-18T00:00:00,0.65594395315000764,0.27985121761128634,14.143516475017961,true,true,changepoint_fit,First changepoint fit failed: ABNORMAL: ; second changepoint fit failed: ABNORMAL:,artifacts/features/cpd/lbw_10/XPTUSD_cpd.csv
XPTUSD,10,2025-03-25T00:00:00,fallback_previous,2025-03-24T00:00:00,0.79561356695510144,0.30568931110437758,14.17982709680056,true,true,changepoint_fit,First changepoint fit failed: ABNORMAL: ; second changepoint fit failed: ABNORMAL:,artifacts/features/cpd/lbw_10/XPTUSD_cpd.csv
